DNS Customer Code,Customer Name,Phone no,Route code,Route Name,Emp Code name,acedns,Credit Limit,Credit Days,Current Balance,Black list,TD,Branch code,Cust type,rds tag,Sauda validity period,Address,Landline no,Owner name,Owner phone,Cust class,Weekly closing day,Coverage type,TIN,PAN,District,Minimum stock,Bank name,Bank account number,Email,Visit Day,State,Monthly Potential,Sauda limit,Incoterms,Loadability ton,Transport mode,Sauda type,Zone,Visit sequence,Appointment date,date_of_birth,date_of_anniversary,whatsapp_no,beneficiary_name,IFS_code,pin,Base lattitude,Base longitude
187310,"A B M Sales Corporation (City Center 1)",-,,"1-Kolkata",Vacant ISP 1,Y,0,,0,N,0,,R,"A B M Sales Corporation - Admin",,"",,"",,,,,,,,0,,,,,,0,0,,0,,,,0,0000-00-00,0000-00-00,0000-00-00,,,,,22.4473238,88.3921247
187312,"A B M Sales Corporation (City Center 2)",9681743450,,"1-Kolkata",Vacant ISP 108,Y,0,,0,N,0,,R,"A B M Sales Corporation - Admin",,"",,"",,,,,,,,0,,,,,,0,0,,0,,,,0,0000-00-00,0000-00-00,0000-00-00,,,,,22.6227701,88.4504044
-,"A B M Sales Corporation - Admin",9830038001,,"1-Kolkata",Hari Shaw,Y,0,,0,N,0,,D,"",,"",,"",,,,,,,,0,,,,,,0,0,,0,,,,0,0000-00-00,0000-00-00,0000-00-00,,,,,0,0
266712,"A.H. Communication (Mi Store)",9007164825,,"1-Kolkata",Vacant ISP 203,Y,0,,0,N,0,,R,"",,"",,"",,,,,,,,0,,,,,,0,0,,0,,,,0,2000-00-00,2000-00-00,2000-00-00,,,,,0,0
195680,"A.K.Cellulars",9903123495,,"1-Kolkata",Akbar Khan,Y,0,,0,N,0,,R,"",,"",,"",,,,,,,,0,,,,,,0,0,,0,,,,0,0000-00-00,0000-00-00,0000-00-00,,,,,22.4960814,88.3736296
213108,"Aanchal Telecom-(Ballygunge)",-,,"1-Kolkata",Vacant ISP 27,Y,0,,0,N,0,,R,"Aanchal Telecom-Admin)",,"",,"",,,,,,,,0,,,,,,0,0,,0,,,,0,0000-00-00,0000-00-00,0000-00-00,,,,,22.5467549,88.3488587
187059,"Aanchal Telecom-(Lake Road)",7044955401,,"1-Kolkata",Vinay Kumar,Y,0,,0,N,0,,R,"Aanchal Telecom-Admin)",,"",,"",,,,,,,,0,,,,,,0,0,,0,,,,0,0000-00-00,0000-00-00,0000-00-00,,,,,22.5168526,88.3488244
200231,"Aanchal Telecom-(Metro Plaza)",8116225287,,"1-Kolkata",Taniya Singha,Y,0,,0,N,0,,R,"Aanchal Telecom-Admin)",,"",,"",,,,,,,,0,,,,,,0,0,,0,,,,0,0000-00-00,0000-00-00,0000-00-00,,,,,22.5467566,88.349009
-,"Aanchal Telecom-Admin)",9830219995,,"1-Kolkata",Rahul Agarwal,Y,0,,0,N,0,,D,"",,"",,"",,,,,,,,0,,,,,,0,0,,0,,,,0,0000-00-00,0000-00-00,0000-00-00,,,,,0,0
218741,"ABC Floors Pvt Ltd",,,"1-Kolkata",Vacant ISP 42,Y,0,,0,N,0,,R,"",,"",,"",,,,,,,,0,,,,,,0,0,,0,,,,0,0000-00-00,0000-00-00,0000-00-00,,,,,22.5725495,88.3513145
187060,"Akash Telecom- [Ret.]-Osr",8697908844,,"2-S24",Goutam Panda,Y,0,,0,N,0,,R,"",,"",,"",,,,,,,,0,,,,,,0,0,,0,,,,0,0000-00-00,0000-00-00,0000-00-00,,,,,22.4139352,88.4330355
187061,"Alhabib Mobile Store",8777768834,,"1-Kolkata",Vacant ISP 106,Y,0,,0,N,0,,R,"",,"",,"",,,,,,,,0,,,,,,0,0,,0,,,,0,0000-00-00,0000-00-00,0000-00-00,,,,,22.5480068,88.2873877
194666,"Alisha Mobile Centre",7478593330,,"2-S24",Zahir Hossain Sardar,Y,0,,0,N,0,,R,"",,"",,"",,,,,,,,0,,,,,,0,0,,0,,,,0,0000-00-00,0000-00-00,0000-00-00,,,,,22.342858,88.6082564
187062,"Alvista Electronics [Ret]-Osr",8100209578,,"1-Kolkata",Wasim Sardar,Y,0,,0,N,0,,R,"",,"",,"",,,,,,,,0,,,,,,0,0,,0,,,,0,0000-00-00,0000-00-00,0000-00-00,,,,,22.4479217,88.3918109
219584,"Anandalok Mobile",-,,"2-S24",Vacant ISP 44,Y,0,,0,N,0,,R,"",,"",,"",,,,,,,,0,,,,,,0,0,,0,,,,0,0000-00-00,0000-00-00,0000-00-00,,,,,0,0
187063,"Aroras Dp Electronics Pvt. Ltd.-(Ret)",7278205786,,"1-Kolkata",Subrata Purakayastha,Y,0,,0,N,0,,R,"",,"",,"",,,,,,,,0,,,,,,0,0,,0,,,,0,0000-00-00,0000-00-00,0000-00-00,,,,,22.569213,88.4332388
193468,"Audio Vision",-,,"1-Kolkata",Dipannita Bhowmick,Y,0,,0,N,0,,R,"",,"",,"",,,,,,,,0,,,,,,0,0,,0,,,,0,0000-00-00,0000-00-00,0000-00-00,,,,,22.4832132,88.3534382
187314,"Ayush Communication (Ballygunge Phari)",7980647843,,"1-Kolkata",Vacant Isp 117,Y,0,,0,N,0,,R,"Ayush Communication - Admin",,"",,"",,,,,,,,0,,,,,,0,0,,0,,,,0,0000-00-00,0000-00-00,0000-00-00,,,,,22.5271676,88.3660297
200233,"Ayush Communication (Picnic Garden)",9073218414,,"1-Kolkata",Anirban Das.,Y,0,,0,N,0,,R,"Ayush Communication - Admin",,"",,"",,,,,,,,0,,,,,,0,0,,0,,,,0,0000-00-00,0000-00-00,0000-00-00,,,,,22.5286217,88.3821736
-,"Ayush Communication - Admin",9830817293,,"1-Kolkata",Anirudha,Y,0,,0,N,0,,D,"",,"",,"",,,,,,,,0,,,,,,0,0,,0,,,,0,0000-00-00,0000-00-00,0000-00-00,,,,,22.5034435,88.3389011
187065,"B S Electronics",8240373909,,"1-Kolkata",Vacant ISP 36,Y,0,,0,N,0,,R,"",,"",,"",,,,,,,,0,,,,,,0,0,,0,,,,0,0000-00-00,0000-00-00,0000-00-00,,,,,22.5671653,88.3545484
187064,"B.B.Mobile- (Ret)-Osr",9804771229,,"1-Kolkata",Abhisek Mukherjee,Y,0,,0,N,0,,R,"",,"",,"",,,,,,,,0,,,,,,0,0,,0,,,,0,0000-00-00,0000-00-00,0000-00-00,,,,,22.494171,88.3723413
195172,"Barman Telecom-S24",-,,"2-S24",Vacant ISP 3,Y,0,,0,N,0,,R,"",,"",,"",,,,,,,,0,,,,,,0,0,,0,,,,0,0000-00-00,0000-00-00,0000-00-00,,,,,22.400492,88.4899863
200235,"Bhajanlal Commercial Pvt. Ltd (Behala)",7003160039,,"1-Kolkata",Shaheena Parveen,Y,0,,0,N,0,,R,"Bhajanlal Commercial Pvt. Ltd. - Admin",,"",,"",,,,,,,,0,,,,,,0,0,,0,,,,0,0000-00-00,0000-00-00,0000-00-00,,,,,22.4936395,88.3159978
200237,"Bhajanlal Commercial Pvt. Ltd (Rowdown)",9830548333,,"1-Kolkata",Mousumi Mahato Maity,Y,0,,0,N,0,,R,"Bhajanlal Commercial Pvt. Ltd. - Admin",,"",,"",,,,,,,,0,,,,,,0,0,,0,,,,0,0000-00-00,0000-00-00,0000-00-00,,,,,22.5438128,88.3581682
-,"Bhajanlal Commercial Pvt. Ltd. - Admin",9903900943,,"1-Kolkata",Swamal,Y,0,,0,N,0,,D,"",,"",,"",,,,,,,,0,,,,,,0,0,,0,,,,0,0000-00-00,0000-00-00,0000-00-00,,,,,0,0
187066,"Bhajanlal Commercial Pvt. Ltd.-Avani Mall",8981373741,,"1-Kolkata",Amit Sharma,Y,0,,0,N,0,,R,"Bhajanlal Commercial Pvt. Ltd. - Admin",,"",,"",,,,,,,,0,,,,,,0,0,,0,,,,0,0000-00-00,0000-00-00,0000-00-00,,,,,22.5633292,88.3240942
198461,"Bhajanlal Commercial Pvt. Ltd.-Chandni Store",8981156144,,"1-Kolkata",Chandrima Banerjee,Y,0,,0,N,0,,R,"Bhajanlal Commercial Pvt. Ltd. - Admin",,"",,"",,,,,,,,0,,,,,,0,0,,0,,,,0,0000-00-00,0000-00-00,0000-00-00,,,,,22.5669121,88.3552152
187068,"Bharat Gift And Enterprise",7003572020,,"2-S24",Barsha Guha,Y,0,,0,N,0,,R,"Bharat Gift And Enterprise Admin",,"",,"",,,,,,,,0,,,,,,0,0,,0,,,,0,0000-00-00,0000-00-00,0000-00-00,,,,,22.3638934,88.4306313
212046,"Bharat Gift And Enterprise (New)",-,,"2-S24",Vacant ISP 23,Y,0,,0,N,0,,R,"Bharat Gift And Enterprise Admin",,"",,"",,,,,,,,0,,,,,,0,0,,0,,,,0,0000-00-00,0000-00-00,0000-00-00,,,,,22.3667607,88.4284307
-,"Bharat Gift And Enterprise Admin",9831853422,,"2-S24",Jasim Abbas Laskar,Y,0,,0,N,0,,D,"",,"",,"",,,,,,,,0,,,,,,0,0,,0,,,,0,0000-00-00,0000-00-00,0000-00-00,,,,,0,0
194752,"Cell Zone",9831929651,,"1-Kolkata",Susmita Dey,Y,0,,0,N,0,,R,"Cell Zone Admin",,"",,"",,,,,,,,0,,,,,,0,0,,0,,,,0,0000-00-00,0000-00-00,0000-00-00,,,,,22.6212424,88.4017282
207976,"Cell Zone (Lake Town)",8293625862,,"1-Kolkata",Vacant ISP 103,Y,0,,0,N,0,,R,"Cell Zone Admin",,"",,"",,,,,,,,0,,,,,,0,0,,0,,,,0,0000-00-00,0000-00-00,0000-00-00,,,,,22.6062392,88.4031829
-,"Cell Zone Admin",8013234723,,"1-Kolkata",Mahesh,Y,0,,0,N,0,,D,"",,"",,"",,,,,,,,0,,,,,,0,0,,0,,,,0,0000-00-00,0000-00-00,0000-00-00,,,,,0,0
195510,"Cellfone Communications",8777562434,,"1-Kolkata",Ritika Paul,Y,0,,0,N,0,,R,"Cellfone Communications - Admin",,"",,"",,,,,,,,0,,,,,,0,0,,0,,,,0,0000-00-00,0000-00-00,0000-00-00,,,,,22.5922267,88.3918918
212187,"Cellfone Communications (BT Road)",7980408100,,"1-Kolkata",Birendra Kumar Shaw,Y,0,,0,N,0,,R,"Cellfone Communications - Admin",,"",,"",,,,,,,,0,,,,,,0,0,,0,,,,0,0000-00-00,0000-00-00,0000-00-00,,,,,22.636406,88.378062
-,"Cellfone Communications - Admin",9831810702,,"1-Kolkata",Mukesh,Y,0,,0,N,0,,D,"",,"",,"",,,,,,,,0,,,,,,0,0,,0,,,,0,0000-00-00,0000-00-00,0000-00-00,,,,,0,0
219209,"Cellular Shoppe",,,"1-Kolkata",BISWAJIT SAHA,Y,0,,0,N,0,,R,"",,"",,"",,,,,,,,0,,,,,,0,0,,0,,,,0,0000-00-00,0000-00-00,0000-00-00,,,,,22.61248,88.4293095
213892,"Central Plaza-(Andaman)",-,,"1-Kolkata",Vacant FOS 1,Y,0,,0,N,0,,R,"",,"",,"",,,,,,,,0,,,,,,0,0,,0,,,,0,0000-00-00,0000-00-00,0000-00-00,,,,,0,0
194007,"Chowdhury Communication",-,,"1-Kolkata",Vacant ISP 37,Y,0,,0,N,0,,R,"",,"",,"",,,,,,,,0,,,,,,0,0,,0,,,,0,0000-00-00,0000-00-00,0000-00-00,,,,,22.4655296,88.378078
258642,"Click N Browse",,,"1-Kolkata",Vacant Isp 118,Y,0,,0,N,0,,R,"",,"",,"",,,,,,,,0,,,,,,0,0,,0,,,,0,0000-00-00,0000-00-00,0000-00-00,,,,,0,0
191408,"Converge-Ret",-,,"1-Kolkata",Vacant ISP 43,Y,0,,0,N,0,,R,"",,"",,"",,,,,,,,0,,,,,,0,0,,0,,,,0,0000-00-00,0000-00-00,0000-00-00,,,,,0,0
194452,"D.D.Mobile",8926366416,,"2-S24",Md. Haider Ali Molla,Y,0,,0,N,0,,R,"D.D.Mobile - Admin",,"",,"",,,,,,,,0,,,,,,0,0,,0,,,,0,0000-00-00,0000-00-00,0000-00-00,,,,,22.5142689,88.611015
207289,"D.D.Mobile (Bhangar)",9775264007,,"2-S24",Vacant ISP 107,Y,0,,0,N,0,,R,"D.D.Mobile - Admin",,"",,"",,,,,,,,0,,,,,,0,0,,0,,,,0,0000-00-00,0000-00-00,0000-00-00,,,,,22.5034178,88.3388995
-,"D.D.Mobile - Admin",9734658657,,"2-S24",Mohammad Safiqul Islam Baidya,Y,0,,0,N,0,,D,"",,"",,"",,,,,,,,0,,,,,,0,0,,0,,,,0,0000-00-00,0000-00-00,0000-00-00,,,,,0,0
212559,"D.R.D Infocom",9836667419,,"1-Kolkata",Subhayan Hazra,Y,0,,0,N,0,,R,"",,"",,"",,,,,,,,0,,,,,,0,0,,0,,,,0,0000-00-00,0000-00-00,0000-00-00,,,,,22.5034079,88.3765644
193544,"Debjani Communication",,,"2-S24",Vacant ISP 34,Y,0,,0,N,0,,R,"",,"",,"",,,,,,,,0,,,,,,0,0,,0,,,,0,0000-00-00,0000-00-00,0000-00-00,,,,,0,0
215046,"Digital Gallery",,,"1-Kolkata",LIPIKA BAR,Y,0,,0,N,0,,R,"",,"",,"",,,,,,,,0,,,,,,0,0,,0,,,,0,0000-00-00,0000-00-00,0000-00-00,,,,,22.1931346,88.1893579
187069,"Disco Communication",9903606701,,"1-Kolkata",SURAJIT HALDAR,Y,0,,0,N,0,,R,"",,"",,"",,,,,,,,0,,,,,,0,0,,0,,,,0,0000-00-00,0000-00-00,0000-00-00,,,,,22.5369395,88.3853458
207445,"Eastern Logica Infoway Limited",9088748996,,"1-Kolkata",Ankit Gupta,Y,0,,0,N,0,,R,"",,"",,"",,,,,,,,0,,,,,,0,0,,0,,,,0,0000-00-00,0000-00-00,0000-00-00,,,,,22.5378699,88.3490387
192093,"Expression Novelties Pvt Ltd",9038290948,,"1-Kolkata",Vacant ISP 100,Y,0,,0,N,0,,R,"",,"",,"",,,,,,,,0,,,,,,0,0,,0,,,,0,0000-00-00,0000-00-00,0000-00-00,,,,,22.5357881,88.3537988
212184,"Fast Information Centre (New)",-,,"2-S24",Vacant ISP 22,Y,0,,0,N,0,,R,"Fast Information Centre - Admin",,"",,"",,,,,,,,0,,,,,,0,0,,0,,,,0,0000-00-00,0000-00-00,0000-00-00,,,,,22.4998625,88.2322474
-,"Fast Information Centre - Admin",9804559155,,"1-Kolkata",Jimmy,Y,0,,0,N,0,,D,"",,"",,"",,,,,,,,0,,,,,,0,0,,0,,,,0,0000-00-00,0000-00-00,0000-00-00,,,,,0,0
187070,"Fast Information Centre- (Ret)-Osr",9007586874,,"1-Kolkata",Anusuya Dutta,Y,0,,0,N,0,,R,"Fast Information Centre - Admin",,"",,"",,,,,,,,0,,,,,,0,0,,0,,,,0,0000-00-00,0000-00-00,0000-00-00,,,,,22.4829838,88.3856914
209465,"Fast Information Network (Behala)",-,,"1-Kolkata",Vacant ISP 20,Y,0,,0,N,0,,R,"Fast Information Network Pvt. Ltd - Admin",,"",,"",,,,,,,,0,,,,,,0,0,,0,,,,0,0000-00-00,0000-00-00,0000-00-00,,,,,22.4813177,88.3170974
187071,"Fast Information Network (Hilandpark)",-,,"1-Kolkata",PRANTICK CHATTERJEE,Y,0,,0,N,0,,R,"Fast Information Network Pvt. Ltd - Admin",,"",,"",,,,,,,,0,,,,,,0,0,,0,,,,0,0000-00-00,0000-00-00,0000-00-00,,,,,22.4835026,88.3905537
200239,"Fast Information Network (Survey Park)",-,,"1-Kolkata",Vacant ISP 5,Y,0,,0,N,0,,R,"Fast Information Network Pvt. Ltd - Admin",,"",,"",,,,,,,,0,,,,,,0,0,,0,,,,0,0000-00-00,0000-00-00,0000-00-00,,,,,0,0
-,"Fast Information Network Pvt. Ltd - Admin",9831548137,,"1-Kolkata",Sudip Saha,Y,0,,0,N,0,,D,"",,"",,"",,,,,,,,0,,,,,,0,0,,0,,,,0,0000-00-00,0000-00-00,0000-00-00,,,,,0,0
200241,"Fast Information Network(Baghajatin)",7980591826,,"1-Kolkata",Vacant Isp 121,Y,0,,0,N,0,,R,"Fast Information Network Pvt. Ltd - Admin",,"",,"",,,,,,,,0,,,,,,0,0,,0,,,,0,0000-00-00,0000-00-00,0000-00-00,,,,,22.4838549,88.3757928
NE019820190327173853,"FAST MOBILE",9903939234,,"1-Kolkata",Saddam,Y,0,,0,N,0,Kolkata,R,"",,"5A STADIUM NAGAR",,"",,,,,,,,,,,,,West Bengal,0,0,,0,,,,0,0000-00-00,0000-00-00,0000-00-00,,,,700099,22.48324,88.3905748
222971,"Fast Mobile - Store",-,,"1-Kolkata",SUBRATA MAJUMDER,Y,0,,0,N,0,,R,"",,"",,"",,,,,,,,0,,,,,,0,0,,0,,,,0,0000-00-00,0000-00-00,0000-00-00,,,,,22.4832046,88.3905632
187072,"Fast Mobile-(Ret)-Osr",8013147473,,"1-Kolkata",Priyanka Karmakar,Y,0,,0,N,0,,R,"",,"",,"",,,,,,,,0,,,,,,0,0,,0,,,,0,0000-00-00,0000-00-00,0000-00-00,,,,,22.4902939,88.4028589
198979,"G Rogers & Co",9874518185,,"1-Kolkata",Sahana Tabassum,Y,0,,0,N,0,,R,"Nu York  - Admin",,"",,"",,,,,,,,0,,,,,,0,0,,0,,,,0,0000-00-00,0000-00-00,0000-00-00,,,,,22.572578,88.3508429
216847,"Galaxy Digital",,,"1-Kolkata",Pritam Dey,Y,0,,0,N,0,,R,"",,"",,"",,,,,,,,0,,,,,,0,0,,0,,,,0,0000-00-00,0000-00-00,0000-00-00,,,,,22.4473216,88.3921519
259416,"Galaxzee",,,"1-Kolkata",Vacant ISP 31,Y,0,,0,N,0,,R,"",,"",,"",,,,,,,,0,,,,,,0,0,,0,,,,0,0000-00-00,0000-00-00,0000-00-00,,,,,22.5899561,88.3637505
209471,"Galaxzee Mobilez & Gadgets",-,,"1-Kolkata",Suman Lall,Y,0,,0,N,0,,R,"",,"",,"",,,,,,,,0,,,,,,0,0,,0,,,,0,0000-00-00,0000-00-00,0000-00-00,,,,,22.5535728,88.3719011
219275,"Global Mobile World",,,"1-Kolkata",Rituparna Maji,Y,0,,0,N,0,,R,"",,"",,"",,,,,,,,0,,,,,,0,0,,0,,,,0,0000-00-00,0000-00-00,0000-00-00,,,,,22.4912283,88.3389245
214683,"Gopal Enterprise",,,"1-Kolkata",SANCHITA DAS,Y,0,,0,N,0,,R,"",,"",,"",,,,,,,,0,,,,,,0,0,,0,,,,0,0000-00-00,0000-00-00,0000-00-00,,,,,22.5916623,88.3925246
213279,"Harahari Cellular",-,,"1-Kolkata",Vacant isp 28,Y,0,,0,N,0,,R,"",,"",,"",,,,,,,,0,,,,,,0,0,,0,,,,0,0000-00-00,0000-00-00,0000-00-00,,,,,22.4233875,88.4098054
193961,"Harahori Telecom",7890387680,,"2-S24",Prosenjit Mondal,Y,0,,0,N,0,,R,"",,"",,"",,,,,,,,0,,,,,,0,0,,0,,,,0,0000-00-00,0000-00-00,0000-00-00,,,,,22.4478816,88.3917069
225371,"Harahori Telecom (Store-1)_Rajpur",-,,"1-Kolkata",Vacant ISP 45,Y,0,,0,N,0,,R,"",,"",,"",,,,,,,,0,,,,,,0,0,,0,,,,0,0000-00-00,0000-00-00,0000-00-00,,,,,22.4221771,88.4109216
225656,"Harahori Telecom (Store-2)_Baruipur",-,,"1-Kolkata",SOMEN NASKAR,Y,0,,0,N,0,,R,"",,"",,"",,,,,,,,0,,,,,,0,0,,0,,,,0,0000-00-00,0000-00-00,0000-00-00,,,,,22.3695308,88.4266667
187073,"Heart Beat- (Ret)",9830751032,,"1-Kolkata",Subhasish Bramha,Y,0,,0,N,0,,R,"",,"",,"",,,,,,,,0,,,,,,0,0,,0,,,,0,0000-00-00,0000-00-00,0000-00-00,,,,,22.6011496,88.3716304
260441,"Hello India Premium",,,"1-Kolkata",Vacant ISP 151,Y,0,,0,N,0,,R,"",,"",,"",,,,,,,,0,,,,,,0,0,,0,,,,0,0000-00-00,0000-00-00,0000-00-00,,,,,22.5400947,88.3617809
188085,"Hyatenawaz Mobile Pvt. Ltd.",-,,"1-Kolkata",RATAN GUPTA,Y,0,,0,N,0,,R,"",,"",,"",,,,,,,,0,,,,,,0,0,,0,,,,0,0000-00-00,0000-00-00,0000-00-00,,,,,22.5790384,88.3593814
257443,"Ikon-The Ultimate",,,"1-Kolkata",Vacant ISP 12,Y,0,,0,N,0,,R,"",,"",,"",,,,,,,,0,,,,,,0,0,,0,,,,0,0000-00-00,0000-00-00,0000-00-00,,,,,22.6123642,88.3899252
219581,"Janata Stores",-,,"1-Kolkata",Vacant ISP 46,Y,0,,0,N,0,,R,"",,"",,"",,,,,,,,0,,,,,,0,0,,0,,,,0,0000-00-00,0000-00-00,0000-00-00,,,,,0,0
196732,"Jimmys Teletalk-S24",9126410491,,"2-S24",Uttam Halder,Y,0,,0,N,0,,R,"",,"",,"",,,,,,,,0,,,,,,0,0,,0,,,,0,0000-00-00,0000-00-00,0000-00-00,,,,,22.1925447,88.1893362
187571,"Jollyon Infotech- (Ret)",9831557469,,"1-Kolkata",Sk Azhar Uddin,Y,0,,0,N,0,,R,"",,"",,"",,,,,,,,0,,,,,,0,0,,0,,,,0,0000-00-00,0000-00-00,0000-00-00,,,,,22.527905,88.3871945
196971,"Kanakanjali Bastralay & Mobile Centre",7384124721,,"2-S24",Anubhab Bahadur,Y,0,,0,N,0,,R,"",,"",,"",,,,,,,,0,,,,,,0,0,,0,,,,0,0000-00-00,0000-00-00,0000-00-00,,,,,22.3010722,88.144481
214995,"Kothari Electronics",,,"1-Kolkata",SIDDHARTHA DAS,Y,0,,0,N,0,,R,"",,"",,"",,,,,,,,0,,,,,,0,0,,0,,,,0,0000-00-00,0000-00-00,0000-00-00,,,,,22.5863596,88.3561531
187573,"Kripa International",9831372078,,"1-Kolkata",Avijit Jaisswal,Y,0,,0,N,0,,R,"Kripa International - Admin",,"",,"",,,,,,,,0,,,,,,0,0,,0,,,,0,0000-00-00,0000-00-00,0000-00-00,,,,,22.6108131,88.4072931
200307,"Kripa International (Gorabazar)",-,,"1-Kolkata",Vacant ISP 7,Y,0,,0,N,0,,R,"Kripa International - Admin",,"",,"",,,,,,,,0,,,,,,0,0,,0,,,,0,0000-00-00,0000-00-00,0000-00-00,,,,,22.6335491,88.4146084
200243,"Kripa International (New)",9670380556,,"1-Kolkata",Amit Mandal,Y,0,,0,N,0,,R,"Kripa International - Admin",,"",,"",,,,,,,,0,,,,,,0,0,,0,,,,0,0000-00-00,0000-00-00,0000-00-00,,,,,22.6335423,88.4146035
-,"Kripa International - Admin",9051619609,,"1-Kolkata",Ajay Agarwal,Y,0,,0,N,0,,D,"",,"",,"",,,,,,,,0,,,,,,0,0,,0,,,,0,0000-00-00,0000-00-00,0000-00-00,,,,,0,0
218268,"Laxmi Telecom",,,"1-Kolkata",RAKESH DAS,Y,0,,0,N,0,,R,"",,"",,"",,,,,,,,0,,,,,,0,0,,0,,,,0,0000-00-00,0000-00-00,0000-00-00,,,,,22.4218725,88.4108435
193546,"Life Electronics- [Ret.]",7686056324,,"2-S24",IRFAN SHAIKH,Y,0,,0,N,0,,R,"",,"",,"",,,,,,,,0,,,,,,0,0,,0,,,,0,0000-00-00,0000-00-00,0000-00-00,,,,,22.3172922,88.2660406
263712,"Limelight Enterprise",9830770818,,"1-Kolkata",Vacant ISP 200,Y,0,,0,N,0,,R,"",,"",,"",,,,,,,,0,,,,,,0,0,,0,,,,0,2000-00-00,2000-00-00,2000-00-00,,,,,0,0
187075,"Limton Private Limited",8240300557,,"1-Kolkata",Vacant ISP 114,Y,0,,0,N,0,,R,"Limton Private Limited - Admin",,"",,"",,,,,,,,0,,,,,,0,0,,0,,,,0,0000-00-00,0000-00-00,0000-00-00,,,,,22.5726425,88.3509365
198459,"Limton Private Limited (CC-2) Store",9038315440,,"1-Kolkata",Avijit Samanta,Y,0,,0,N,0,,R,"Limton Private Limited - Admin",,"",,"",,,,,,,,0,,,,,,0,0,,0,,,,0,0000-00-00,0000-00-00,0000-00-00,,,,,22.6228266,88.4504481
-,"Limton Private Limited - Admin",9811111119,,"1-Kolkata",Sanjib Chopra,Y,0,,0,N,0,,D,"",,"",,"",,,,,,,,0,,,,,,0,0,,0,,,,0,0000-00-00,0000-00-00,0000-00-00,,,,,0,0
213880,"Lulu Shopping Mall-(Andaman)",-,,"1-Kolkata",Vacant ISP 41,Y,0,,0,N,0,,R,"",,"",,"",,,,,,,,0,,,,,,0,0,,0,,,,0,0000-00-00,0000-00-00,0000-00-00,,,,,22.5378764,88.3490578
193452,"M Mondal Mobiles",7998548632,,"2-S24",Bubai Das,Y,0,,0,N,0,,R,"",,"",,"",,,,,,,,0,,,,,,0,0,,0,,,,0,0000-00-00,0000-00-00,0000-00-00,,,,,22.29651424551403,88.17925434640972
187076,"M.J.Infotech-(Ret)",7687000466,,"1-Kolkata",Suvankar Dutta,Y,0,,0,N,0,,R,"",,"",,"",,,,,,,,0,,,,,,0,0,,0,,,,0,0000-00-00,0000-00-00,0000-00-00,,,,,22.5545086,88.3539749
248097,"M.K. Telecom",,,"1-Kolkata",Vacant ISP 33,Y,0,,0,N,0,,R,"",,"",,"",,,,,,,,0,,,,,,0,0,,0,,,,0,0000-00-00,0000-00-00,0000-00-00,,,,,22.479261,88.3553608
187074,"M/S I.Tech Corporation - ( Ret )",8620924064,,"1-Kolkata",Kamal Hossen Malla,Y,0,,0,N,0,,R,"Nu York  - Admin",,"",,"",,,,,,,,0,,,,,,0,0,,0,,,,0,0000-00-00,0000-00-00,0000-00-00,,,,,22.5518811,88.3714722
212196,"M/S I.Tech Corporation - (Hazra)",-,,"1-Kolkata",Vacant ISP 21,Y,0,,0,N,0,,R,"Nu York  - Admin",,"",,"",,,,,,,,0,,,,,,0,0,,0,,,,0,0000-00-00,0000-00-00,0000-00-00,,,,,0,0
207511,"M/s K Connect",8100452741,,"1-Kolkata",Anirban Das,Y,0,,0,N,0,,R,"",,"",,"",,,,,,,,0,,,,,,0,0,,0,,,,0,0000-00-00,0000-00-00,0000-00-00,,,,,22.4906368,88.4053576
198162,"Masterjee Shop",8017387397,,"1-Kolkata",MD SHAHBAZUDDIN,Y,0,,0,N,0,,R,"",,"",,"",,,,,,,,0,,,,,,0,0,,0,,,,0,0000-00-00,0000-00-00,0000-00-00,,,,,22.5412708,88.3594112
196856,"Md.Safi Telecom",8240305902,,"1-Kolkata",Nikhilesh Kumar Singh,Y,0,,0,N,0,,R,"",,"",,"",,,,,,,,0,,,,,,0,0,,0,,,,0,0000-00-00,0000-00-00,0000-00-00,,,,,22.6008355,88.3739232
209192,"Meena Enterprise",9804426466,,"1-Kolkata",SHUVOJIT DEY,Y,0,,0,N,0,,R,"",,"",,"",,,,,,,,0,,,,,,0,0,,0,,,,0,0000-00-00,0000-00-00,0000-00-00,,,,,22.5865862,88.4358848
194754,"Mobile Care -2",-,,"1-Kolkata",Vacant ISP 110,Y,0,,0,N,0,,R,"",,"",,"",,,,,,,,0,,,,,,0,0,,0,,,,0,0000-00-00,0000-00-00,0000-00-00,,,,,22.4887956,88.3365445
195817,"Mobile Centre-S24",7031774921,,"2-S24",Sanu Adhikary,Y,0,,0,N,0,,R,"",,"",,"",,,,,,,,0,,,,,,0,0,,0,,,,0,0000-00-00,0000-00-00,0000-00-00,,,,,22.1085724,88.5718239
207982,"Mobile Kafe",8521790047,,"1-Kolkata",Md. Riyaj Khan,Y,0,,0,N,0,,R,"",,"",,"",,,,,,,,0,,,,,,0,0,,0,,,,0,0000-00-00,0000-00-00,0000-00-00,,,,,22.569586,88.369726
212385,"Mobile Planet",7278981315,,"1-Kolkata",Satyajit Dasthakur,Y,0,,0,N,0,,R,"",,"",,"",,,,,,,,0,,,,,,0,0,,0,,,,0,0000-00-00,0000-00-00,0000-00-00,,,,,22.5771667,88.3738245
266103,"Mobile Plaza",9831158948,,"1-Kolkata",Vacant ISP 202,Y,0,,0,N,0,,R,"",,"",,"",,,,,,,,0,,,,,,0,0,,0,,,,0,2000-00-00,2000-00-00,2000-00-00,,,,,0,0
192095,"Mobile Shoppe",7980489578,,"1-Kolkata",Argha Aich,Y,0,,0,N,0,,R,"",,"",,"",,,,,,,,0,,,,,,0,0,,0,,,,0,0000-00-00,0000-00-00,0000-00-00,,,,,22.5289165,88.3472299
194882,"Mobile World",8001002650,,"2-S24",Dipankar Dutta,Y,0,,0,N,0,,R,"",,"",,"",,,,,,,,0,,,,,,0,0,,0,,,,0,0000-00-00,0000-00-00,0000-00-00,,,,,21.8683784,88.1872097
187078,"Mobile World- Elgin",-,,"1-Kolkata",Vacant ISP 40,Y,0,,0,N,0,,R,"",,"",,"",,,,,,,,0,,,,,,0,0,,0,,,,0,0000-00-00,0000-00-00,0000-00-00,,,,,22.5376275,88.3539128
187308,"Mobz Solution",9681959515,,"1-Kolkata",Jhumpa Saha,Y,0,,0,N,0,,R,"",,"",,"",,,,,,,,0,,,,,,0,0,,0,,,,0,0000-00-00,0000-00-00,0000-00-00,,,,,22.5948573,88.4187008
218756,"Mohata Mobile Adda",,,"1-Kolkata",Vacant ISP 109,Y,0,,0,N,0,,R,"",,"",,"",,,,,,,,0,,,,,,0,0,,0,,,,0,0000-00-00,0000-00-00,0000-00-00,,,,,22.5840742,88.3546569
195837,"Monica Mobile Shoppe",9748555445,,"1-Kolkata",Jit Ghosh,Y,0,,0,N,0,,R,"",,"",,"",,,,,,,,0,,,,,,0,0,,0,,,,0,0000-00-00,0000-00-00,0000-00-00,,,,,22.4642839,88.3072726
200309,"Nandan Saha Steel Pvt. Ltd.",-,,"1-Kolkata",Vacant ISP 19,Y,0,,0,N,0,,R,"",,"",,"",,,,,,,,0,,,,,,0,0,,0,,,,0,0000-00-00,0000-00-00,0000-00-00,,,,,0,0
192581,"Nandi Mobile",7890284668,,"2-S24",Prasanta Maiti,Y,0,,0,N,0,,R,"",,"",,"",,,,,,,,0,,,,,,0,0,,0,,,,0,0000-00-00,0000-00-00,0000-00-00,,,,,22.3148349,88.6581637
187079,"National Radio Product- (Chandni Chowk)",8981851292,,"1-Kolkata",Sailendra Jha,Y,0,,0,N,0,,R,"",,"",,"",,,,,,,,0,,,,,,0,0,,0,,,,0,0000-00-00,0000-00-00,0000-00-00,,,,,22.5671759,88.3556154
197477,"Neha Telecom",8961362270,,"1-Kolkata",Raju Bapari,Y,0,,0,N,0,,R,"",,"",,"",,,,,,,,0,,,,,,0,0,,0,,,,0,0000-00-00,0000-00-00,0000-00-00,,,,,22.5639817,88.5001782
194756,"New Harahari Electronics",7044039716,,"2-S24",Vacant ISP 112,Y,0,,0,N,0,,R,"",,"",,"",,,,,,,,0,,,,,,0,0,,0,,,,0,0000-00-00,0000-00-00,0000-00-00,,,,,22.4233945,88.4098216
191460,"New Khokon Trading Co",8482030582,,"1-Kolkata",Raju Ghosh,Y,0,,0,N,0,,R,"",,"",,"",,,,,,,,0,,,,,,0,0,,0,,,,0,0000-00-00,0000-00-00,0000-00-00,,,,,22.6307308,88.4845674
193799,"New Mobile Cafe",9038112311,,"2-S24",Anirban Mondal,Y,0,,0,N,0,,R,"",,"",,"",,,,,,,,0,,,,,,0,0,,0,,,,0,0000-00-00,0000-00-00,0000-00-00,,,,,22.3694904,88.4266927
200249,"Novelty Telecom (Dunlop)",9804069106,,"1-Kolkata",Prosenjit Maity,Y,0,,0,N,0,,R,"Novelty Telecom - Admin",,"",,"",,,,,,,,0,,,,,,0,0,,0,,,,0,0000-00-00,0000-00-00,0000-00-00,,,,,22.6519416,88.3784956
194456,"Novelty Telecom (Rathtala)",8981785896,,"1-Kolkata",Pratick Bose,Y,0,,0,N,0,,R,"Novelty Telecom - Admin",,"",,"",,,,,,,,0,,,,,,0,0,,0,,,,0,0000-00-00,0000-00-00,0000-00-00,,,,,22.662639,88.3768425
-,"Novelty Telecom - Admin",9830189470,,"1-Kolkata",Shakti Singh,Y,0,,0,N,0,,D,"",,"",,"",,,,,,,,0,,,,,,0,0,,0,,,,0,0000-00-00,0000-00-00,0000-00-00,,,,,0,0
191228,"Nu Mobile World",9051307502,,"1-Kolkata",DEBTANU DAS,Y,0,,0,N,0,,R,"",,"",,"",,,,,,,,0,,,,,,0,0,,0,,,,0,0000-00-00,0000-00-00,0000-00-00,,,,,22.6222469,88.4099782
-,"Nu York  - Admin",9830082418,,"1-Kolkata",Farooque Abbas,Y,0,,0,N,0,,D,"",,"",,"",,,,,,,,0,,,,,,0,0,,0,,,,0,0000-00-00,0000-00-00,0000-00-00,,,,,0,0
187080,"Nu York Technoworld- (Ret)",9163564348,,"1-Kolkata",Mohan Goliya,Y,0,,0,N,0,,R,"Nu York  - Admin",,"",,"",,,,,,,,0,,,,,,0,0,,0,,,,0,0000-00-00,0000-00-00,0000-00-00,,,,,22.551076,88.3558582
187081,"Nu-York Teleworld- (Ret)",8100346089,,"1-Kolkata",Barnali Banik,Y,0,,0,N,0,,R,"Nu York  - Admin",,"",,"",,,,,,,,0,,,,,,0,0,,0,,,,0,0000-00-00,0000-00-00,0000-00-00,,,,,22.5724022,88.3521675
198817,"Om Sai Communication",9831542717,,"1-Kolkata",Vicky Kumar Shaw,Y,0,,0,N,0,,R,"",,"",,"",,,,,,,,0,,,,,,0,0,,0,,,,0,0000-00-00,0000-00-00,0000-00-00,,,,,22.5958843,88.3652837
192579,"Om Sairam Telecom",8013646890,,"1-Kolkata",Atanu Bhandari,Y,0,,0,N,0,,R,"",,"",,"",,,,,,,,0,,,,,,0,0,,0,,,,0,0000-00-00,0000-00-00,0000-00-00,,,,,22.6021201,88.4267638
193366,"Pakeezah Telecom",8479030228,,"2-S24",Sourav Pramanik,Y,0,,0,N,0,,R,"",,"",,"",,,,,,,,0,,,,,,0,0,,0,,,,0,0000-00-00,0000-00-00,0000-00-00,,,,,22.4874168,88.1877658
207979,"Passion Communication",7044523895,,"1-Kolkata",Ashfaque,Y,0,,0,N,0,,R,"",,"",,"",,,,,,,,0,,,,,,0,0,,0,,,,0,0000-00-00,0000-00-00,0000-00-00,,,,,22.5367773,88.3856355
219575,"Patra Telecom",-,,"2-S24",Vacant ISP 47,Y,0,,0,N,0,,R,"",,"",,"",,,,,,,,0,,,,,,0,0,,0,,,,0,0000-00-00,0000-00-00,0000-00-00,,,,,22.4107666,88.4337494
187082,"Perfect Electronics- [Ret.]-Osr",8981743832,,"2-S24",Vacant ISP 101,Y,0,,0,N,0,,R,"",,"",,"",,,,,,,,0,,,,,,0,0,,0,,,,0,0000-00-00,0000-00-00,0000-00-00,,,,,22.5314037,88.2564429
195682,"Prasad Stationery & Gift House",8481848410,,"2-S24",Debabrata Halder,Y,0,,0,N,0,,R,"",,"",,"",,,,,,,,0,,,,,,0,0,,0,,,,0,0000-00-00,0000-00-00,0000-00-00,,,,,22.1112709,88.3205703
193456,"Premier Merchants Pvt Ltd (Baguihati)",8981253181,,"1-Kolkata",Ajay Lal,Y,0,,0,N,0,,R,"Premier Merchants Pvt Ltd - Admin",,"",,"",,,,,,,,0,,,,,,0,0,,0,,,,0,0000-00-00,0000-00-00,0000-00-00,,,,,22.608215,88.4266649
200273,"Premier Merchants Pvt Ltd (Fort William)",-,,"1-Kolkata",Vacant ISP 9,Y,0,,0,N,0,,R,"Premier Merchants Pvt Ltd - Admin",,"",,"",,,,,,,,0,,,,,,0,0,,0,,,,0,0000-00-00,0000-00-00,0000-00-00,,,,,0,0
-,"Premier Merchants Pvt Ltd - Admin",9674901564,,"1-Kolkata",Tushar,Y,0,,0,N,0,,D,"",,"",,"",,,,,,,,0,,,,,,0,0,,0,,,,0,0000-00-00,0000-00-00,0000-00-00,,,,,0,0
-,"R. G. Cellullars Pvt. Ltd. - Admin",9830911043,,"1-Kolkata",Sanjay Sayan,Y,0,,0,N,0,,D,"",,"",,"",,,,,,,,0,,,,,,0,0,,0,,,,0,0000-00-00,0000-00-00,0000-00-00,,,,,0,0
200251,"R. G. Cellullars Pvt. Ltd.(Acropolis)",-,,"1-Kolkata",Vacant ISP 30,Y,0,,0,N,0,,R,"R. G. Cellullars Pvt. Ltd. - Admin",,"",,"",,,,,,,,0,,,,,,0,0,,0,,,,0,0000-00-00,0000-00-00,0000-00-00,,,,,22.4909882,88.4033875
187083,"R. G. Cellullars Pvt. Ltd.(Golpark)",9674311828,,"1-Kolkata",PRIYA JANA,Y,0,,0,N,0,,R,"R. G. Cellullars Pvt. Ltd. - Admin",,"",,"",,,,,,,,0,,,,,,0,0,,0,,,,0,0000-00-00,0000-00-00,0000-00-00,,,,,22.5166092,88.3664237
200253,"R. G. Cellullars Pvt. Ltd.(Shyambazaar)",8013321390,,"1-Kolkata",SUMIT DHAR,Y,0,,0,N,0,,R,"R. G. Cellullars Pvt. Ltd. - Admin",,"",,"",,,,,,,,0,,,,,,0,0,,0,,,,0,0000-00-00,0000-00-00,0000-00-00,,,,,22.6010975,88.3713251
200255,"R.G.Cellular Pvt. Ltd.(Kankurgachhi)",8240727858,,"1-Kolkata",Ankan Das,Y,0,,0,N,0,,R,"R. G. Cellullars Pvt. Ltd. - Admin",,"",,"",,,,,,,,0,,,,,,0,0,,0,,,,0,0000-00-00,0000-00-00,0000-00-00,,,,,22.5731334,88.389479
187084,"Rahul Telecom (B K Paul Ave)",-,,"1-Kolkata",Vacant ISP 11,Y,0,,0,N,0,,R,"",,"",,"",,,,,,,,0,,,,,,0,0,,0,,,,0,0000-00-00,0000-00-00,0000-00-00,,,,,22.594812,88.3576731
195170,"Raj Communication-S24",9933499154,,"2-S24",Sudip Banerjee,Y,0,,0,N,0,,R,"",,"",,"",,,,,,,,0,,,,,,0,0,,0,,,,0,0000-00-00,0000-00-00,0000-00-00,,,,,22.1705589,88.4161916
266979,"Rajlakshmi Telecom",9836523038,,"1-Kolkata",Vacant ISP 204,Y,0,,0,N,0,,R,"",,"",,"",,,,,,,,0,,,,,,0,0,,0,,,,0,2000-00-00,2000-00-00,2000-00-00,,,,,0,0
191959,"Renew",-,,"1-Kolkata",Amitavo Naskar,Y,0,,0,N,0,,R,"",,"",,"",,,,,,,,0,,,,,,0,0,,0,,,,0,0000-00-00,0000-00-00,0000-00-00,,,,,22.6115943,88.429019
200259,"Resotel (Girish Park)",-,,"1-Kolkata",Vacant ISP 14,Y,0,,0,N,0,,R,"Resotel - Admin",,"",,"",,,,,,,,0,,,,,,0,0,,0,,,,0,0000-00-00,0000-00-00,0000-00-00,,,,,22.594172,88.3648141
200261,"Resotel (Hazra)",9038001488,,"1-Kolkata",Md Rizwan Ali,Y,0,,0,N,0,,R,"Resotel - Admin",,"",,"",,,,,,,,0,,,,,,0,0,,0,,,,0,0000-00-00,0000-00-00,0000-00-00,,,,,22.52382,88.3472411
200263,"Resotel (Santoshpur)",8961464440,,"1-Kolkata",Pratik Das,Y,0,,0,N,0,,R,"Resotel - Admin",,"",,"",,,,,,,,0,,,,,,0,0,,0,,,,0,0000-00-00,0000-00-00,0000-00-00,,,,,22.4919233,88.3827967
187643,"Resotel (Tobin Road)",-,,"1-Kolkata",Vacant ISP 104,Y,0,,0,N,0,,R,"Resotel - Admin",,"",,"",,,,,,,,0,,,,,,0,0,,0,,,,0,0000-00-00,0000-00-00,0000-00-00,,,,,0,0
-,"Resotel - Admin",8820099966,,"1-Kolkata",Subham Mitra,Y,0,,0,N,0,,D,"",,"",,"",,,,,,,,0,,,,,,0,0,,0,,,,0,0000-00-00,0000-00-00,0000-00-00,,,,,0,0
258903,"S.S.Mobile Stores",,,"2-S24",Vacant ISP 17,Y,0,,0,N,0,,R,"",,"",,"",,,,,,,,0,,,,,,0,0,,0,,,,0,0000-00-00,0000-00-00,0000-00-00,,,,,0,0
187087,"Sadhak Telecom - [Ret]-Osr",9830259948,,"1-Kolkata",Biswajit Roy,Y,0,,0,N,0,,R,"",,"",,"",,,,,,,,0,,,,,,0,0,,0,,,,0,0000-00-00,0000-00-00,0000-00-00,,,,,22.4514597,88.3838668
194105,"Saha Electronics",8622800369,,"1-Kolkata",Payel Chakraborty,Y,0,,0,N,0,,R,"",,"",,"",,,,,,,,0,,,,,,0,0,,0,,,,0,0000-00-00,0000-00-00,0000-00-00,,,,,22.6196711,88.3926738
194009,"Samrat Mobile",9064870030,,"2-S24",Paritosh Mondal,Y,0,,0,N,0,,R,"",,"",,"",,,,,,,,0,,,,,,0,0,,0,,,,0,0000-00-00,0000-00-00,0000-00-00,,,,,22.4201644,88.6624318
195983,"Sana Communication -S24",7719267827,,"2-S24",Sailen Biswas,Y,0,,0,N,0,,R,"",,"",,"",,,,,,,,0,,,,,,0,0,,0,,,,0,0000-00-00,0000-00-00,0000-00-00,,,,,22.4066562,88.4942014
254650,"Sanjoy Stores",,,"1-Kolkata",Vacant Isp 120,Y,0,,0,N,0,,R,"",,"",,"",,,,,,,,0,,,,,,0,0,,0,,,,0,0000-00-00,0000-00-00,0000-00-00,,,,,22.5854283,88.3746442
256876,"Sapphire Incorporation",,,"1-Kolkata",Vacant ISP 6,Y,0,,0,N,0,,R,"",,"",,"",,,,,,,,0,,,,,,0,0,,0,,,,0,0000-00-00,0000-00-00,0000-00-00,,,,,22.6124107,88.3899314
219578,"Satyam Computer Sales & Service",,,"1-Kolkata",KAMAL BALMIKI,Y,0,,0,N,0,,R,"",,"",,"",,,,,,,,0,,,,,,0,0,,0,,,,0,0000-00-00,0000-00-00,0000-00-00,,,,,22.6153058,88.4321651
193542,"Satyam Electronics- Kakdwip",9732694665,,"2-S24",Vacant ISP 102,Y,0,,0,N,0,,R,"",,"",,"",,,,,,,,0,,,,,,0,0,,0,,,,0,0000-00-00,0000-00-00,0000-00-00,,,,,22.5035035,88.3389414
208027,"Shah Brothers (Mhamayatala)",8013920095,,"1-Kolkata",Suraj Chauhan,Y,0,,0,N,0,,R,"Shah Brothers- Admin",,"",,"",,,,,,,,0,,,,,,0,0,,0,,,,0,0000-00-00,0000-00-00,0000-00-00,,,,,22.4397439,88.3971429
226249,"Shah Brothers (MI Store)",-,,"1-Kolkata",Vacant ISP 48,Y,0,,0,N,0,,R,"Shah Brothers- Admin",,"",,"",,,,,,,,0,,,,,,0,0,,0,,,,0,0000-00-00,0000-00-00,0000-00-00,,,,,22.4397408,88.3971013
-,"Shah Brothers- Admin",9831111124,,"1-Kolkata",Arun Saha,Y,0,,0,N,0,,D,"",,"",,"",,,,,,,,0,,,,,,0,0,,0,,,,0,0000-00-00,0000-00-00,0000-00-00,,,,,0,0
187088,"Shah Brothers- [Ret.]-Osr",9007879000,,"1-Kolkata",Aloke Halder,Y,0,,0,N,0,,R,"Shah Brothers- Admin",,"",,"",,,,,,,,0,,,,,,0,0,,0,,,,0,0000-00-00,0000-00-00,0000-00-00,,,,,22.4944192,88.3452471
265812,"Sharma Store",9831255479,,"1-Kolkata",Vacant ISP 201,Y,0,,0,N,0,,R,"",,"",,"",,,,,,,,0,,,,,,0,0,,0,,,,0,2000-00-00,2000-00-00,2000-00-00,,,,,0,0
187322,"Shaw Telecom- (Ret.)- Behala",8420252930,,"1-Kolkata",Vacant ISP 111,Y,0,,0,N,0,,R,"",,"",,"",,,,,,,,0,,,,,,0,0,,0,,,,0,0000-00-00,0000-00-00,0000-00-00,,,,,22.5085397,88.3208553
194884,"Shaw Telecom- Canning",9382749709,,"2-S24",Vacant ISP 105,Y,0,,0,N,0,,R,"",,"",,"",,,,,,,,0,,,,,,0,0,,0,,,,0,0000-00-00,0000-00-00,0000-00-00,,,,,22.3127656,88.6689992
187089,"Shree Balajee Telecom-[Md]",9038542381,,"1-Kolkata",ROCKY MALAKAR,Y,0,,0,N,0,,R,"",,"",,"",,,,,,,,0,,,,,,0,0,,0,,,,0,0000-00-00,0000-00-00,0000-00-00,,,,,22.60565,88.3859896
198246,"Shree Binayak Infotech",-,,"1-Kolkata",Vacant ISP 15,Y,0,,0,N,0,,R,"",,"",,"",,,,,,,,0,,,,,,0,0,,0,,,,0,0000-00-00,0000-00-00,0000-00-00,,,,,22.576432,88.3601846
187318,"Shree Shyam Enterprise",8697046159,,"1-Kolkata",Abhijit Sarkar,Y,0,,0,N,0,,R,"",,"",,"",,,,,,,,0,,,,,,0,0,,0,,,,0,0000-00-00,0000-00-00,0000-00-00,,,,,22.5916568,88.3925224
198811,"Shyam Telecom",-,,"1-Kolkata",DEBOSHREE CHAKRABORTY,Y,0,,0,N,0,,R,"",,"",,"",,,,,,,,0,,,,,,0,0,,0,,,,0,0000-00-00,0000-00-00,0000-00-00,,,,,22.5179598,88.3562861
257464,"Skyline Communication (Ekdalia)",,,"1-Kolkata",Vacant ISP 13,Y,0,,0,N,0,,R,"",,"",,"",,,,,,,,0,,,,,,0,0,,0,,,,0,0000-00-00,0000-00-00,0000-00-00,,,,,22.5211731,88.3656493
198949,"Sonex Tv Appliances Pvt Ltd",9163957389,,"1-Kolkata",Baby Rana,Y,0,,0,N,0,,R,"",,"",,"",,,,,,,,0,,,,,,0,0,,0,,,,0,0000-00-00,0000-00-00,0000-00-00,,,,,22.5164484,88.3455678
214674,"Space Network",9051358593,,"1-Kolkata",MILAN BISWAS,Y,0,,0,N,0,,R,"",,"",,"",,,,,,,,0,,,,,,0,0,,0,,,,0,0000-00-00,0000-00-00,0000-00-00,,,,,22.6124014,88.4292165
198947,"Sunny Enterprise",9874359229,,"1-Kolkata",Akhtar Tarique,Y,0,,0,N,0,,R,"",,"",,"",,,,,,,,0,,,,,,0,0,,0,,,,0,0000-00-00,0000-00-00,0000-00-00,,,,,22.539252,88.3226465
219215,"Sunrise Tele Service",,,"1-Kolkata",Vacant ISP 26,Y,0,,0,N,0,,R,"",,"",,"",,,,,,,,0,,,,,,0,0,,0,,,,0,0000-00-00,0000-00-00,0000-00-00,,,,,22.2387435,88.3784077
198945,"Sweet Heart (Phoolbagan)",9804982661,,"1-Kolkata",Pradip Baidya,Y,0,,0,N,0,,R,"",,"",,"",,,,,,,,0,,,,,,0,0,,0,,,,0,0000-00-00,0000-00-00,0000-00-00,,,,,22.5731333,88.389479
187513,"Sweet Heart Communication",8961222396,,"1-Kolkata",Vacant ISP 115,Y,0,,0,N,0,,R,"",,"",,"",,,,,,,,0,,,,,,0,0,,0,,,,0,0000-00-00,0000-00-00,0000-00-00,,,,,22.574202,88.3898442
194394,"Syed Telecom",9007408797,,"2-S24",Md Samim Laskar,Y,0,,0,N,0,,R,"",,"",,"",,,,,,,,0,,,,,,0,0,,0,,,,0,0000-00-00,0000-00-00,0000-00-00,,,,,22.2365167,88.2728225
187091,"Talkative Communication- [Ret.]-Osr",8981497015,,"2-S24",MANAS ROY,Y,0,,0,N,0,,R,"",,"",,"",,,,,,,,0,,,,,,0,0,,0,,,,0,0000-00-00,0000-00-00,0000-00-00,,,,,22.4875237,88.3987852
219572,"Tanbir Telecom",-,,"2-S24",Vacant ISP 49,Y,0,,0,N,0,,R,"",,"",,"",,,,,,,,0,,,,,,0,0,,0,,,,0,0000-00-00,0000-00-00,0000-00-00,,,,,0,0
232892,"Tara Maa Mobiles",-,,"1-Kolkata",SRIMANTA SARDAR,Y,0,,0,N,0,,R,"",,"",,"",,,,,,,,0,,,,,,0,0,,0,,,,0,0000-00-00,0000-00-00,0000-00-00,,,,,22.5034153,88.3389529
194758,"The Cosmos",7003656750,,"1-Kolkata",Sumitra Dutta,Y,0,,0,N,0,,R,"",,"",,"",,,,,,,,0,,,,,,0,0,,0,,,,0,0000-00-00,0000-00-00,0000-00-00,,,,,22.6189791,88.3815855
194458,"The Mobile Shoppe",-,,"1-Kolkata",Sanchita Kundu,Y,0,,0,N,0,,R,"",,"",,"",,,,,,,,0,,,,,,0,0,,0,,,,0,0000-00-00,0000-00-00,0000-00-00,,,,,22.688405,88.3671522
198943,"The Wireless Network",9062079671,,"1-Kolkata",Bijay Bhattacherjee,Y,0,,0,N,0,,R,"",,"",,"",,,,,,,,0,,,,,,0,0,,0,,,,0,0000-00-00,0000-00-00,0000-00-00,,,,,22.5861995,88.363199
187092,"Time & Telecom",8910975711,,"1-Kolkata",Azhar Qureshi,Y,0,,0,N,0,,R,"Time & Telecom - Admin",,"",,"",,,,,,,,0,,,,,,0,0,,0,,,,0,0000-00-00,0000-00-00,0000-00-00,,,,,22.5759939,88.3573971
200265,"Time & Telecom (Kalakar Street)",8981637159,,"1-Kolkata",Sk Mirajuddin,Y,0,,0,N,0,,R,"Time & Telecom - Admin",,"",,"",,,,,,,,0,,,,,,0,0,,0,,,,0,0000-00-00,0000-00-00,0000-00-00,,,,,22.5841794,88.3546546
-,"Time & Telecom - Admin",7003609460,,"1-Kolkata",Faizal,Y,0,,0,N,0,,D,"",,"",,"",,,,,,,,0,,,,,,0,0,,0,,,,0,0000-00-00,0000-00-00,0000-00-00,,,,,0,0
228762,"Trishul Enterprise (Mi Store)",-,,"1-Kolkata",Swaraj Dutta,Y,0,,0,N,0,,R,"",,"",,"",,,,,,,,0,,,,,,0,0,,0,,,,0,0000-00-00,0000-00-00,0000-00-00,,,,,22.5958356,88.4162992
252022,"Urban Connect",,,"1-Kolkata",Vacant ISP 32,Y,0,,0,N,0,,R,"",,"",,"",,,,,,,,0,,,,,,0,0,,0,,,,0,0000-00-00,0000-00-00,0000-00-00,,,,,0,0
187093,"Urfee'S- Mmx(Ret)",9051228058,,"1-Kolkata",Vacant Isp 119,Y,0,,0,N,0,,R,"",,"",,"",,,,,,,,0,,,,,,0,0,,0,,,,0,0000-00-00,0000-00-00,0000-00-00,,,,,22.6184654,88.4127189
198412,"V & T Technologies Pvt Ltd",8777746286,,"1-Kolkata",Vacant ISP 39,Y,0,,0,N,0,,R,"",,"",,"",,,,,,,,0,,,,,,0,0,,0,,,,0,0000-00-00,0000-00-00,0000-00-00,,,,,0,0
200267,"V Connect (Baghajatin)",8961159826,,"1-Kolkata",Suvankar Rui Das,Y,0,,0,N,0,,R,"Vibrant Infocom",,"",,"",,,,,,,,0,,,,,,0,0,,0,,,,0,0000-00-00,0000-00-00,0000-00-00,,,,,22.4831668,88.3756202
200269,"V Connect (Chandni)",9088890900,,"1-Kolkata",Raj Chatterjee,Y,0,,0,N,0,,R,"Vibrant Infocom",,"",,"",,,,,,,,0,,,,,,0,0,,0,,,,0,0000-00-00,0000-00-00,0000-00-00,,,,,22.5661677,88.3541974
200271,"V Connect (Dalhoushe)",7980335727,,"1-Kolkata",RAHUL DAS,Y,0,,0,N,0,,R,"Vibrant Infocom",,"",,"",,,,,,,,0,,,,,,0,0,,0,,,,0,0000-00-00,0000-00-00,0000-00-00,,,,,22.5677819,88.3491178
228873,"V Connect (MI Store)",-,,"1-Kolkata",Vacant ISP 50,Y,0,,0,N,0,,R,"Vibrant Infocom",,"",,"",,,,,,,,0,,,,,,0,0,,0,,,,0,0000-00-00,0000-00-00,0000-00-00,,,,,0,0
187094,"V Connect (Tollygunge)",7278853659,,"1-Kolkata",Vacant ISP 116,Y,0,,0,N,0,,R,"Vibrant Infocom",,"",,"",,,,,,,,0,,,,,,0,0,,0,,,,0,0000-00-00,0000-00-00,0000-00-00,,,,,22.5032158,88.3444661
255370,"V.R. Communication (Mi Store)",,,"2-S24",Vacant ISP 4,Y,0,,0,N,0,,R,"",,"",,"",,,,,,,,0,,,,,,0,0,,0,,,,0,0000-00-00,0000-00-00,0000-00-00,,,,,0,0
199767,"Vasudha Mobiles- [Ret.]-Osr",8276876507,,"2-S24",Shuvankar Das,Y,0,,0,N,0,,R,"",,"",,"",,,,,,,,0,,,,,,0,0,,0,,,,0,0000-00-00,0000-00-00,0000-00-00,,,,,22.487117,88.2791072
-,"Vconnect",9674011200,,"1-Kolkata",Surjadip Ghosh,Y,0,,0,N,0,,D,"",,"",,"",,,,,,,,0,,,,,,0,0,,0,,,,0,0000-00-00,0000-00-00,0000-00-00,,,,,0,0
187569,"Vedant Computers Sales Pvt. Ltd.- [Ret.]",9038330418,,"1-Kolkata",Suman Sarkar,Y,0,,0,N,0,,R,"",,"",,"",,,,,,,,0,,,,,,0,0,,0,,,,0,0000-00-00,0000-00-00,0000-00-00,,,,,22.560626,88.3513712
187320,"Velocity It Store",7439346261,,"1-Kolkata",Altamas,Y,0,,0,N,0,,R,"Velocity It Store - Admin",,"",,"",,,,,,,,0,,,,,,0,0,,0,,,,0,0000-00-00,0000-00-00,0000-00-00,,,,,22.5671606,88.3545306
199035,"Velocity It Store (Camac Street)",7278910651,,"1-Kolkata",Vacant ISP 113,Y,0,,0,N,0,,R,"Velocity It Store - Admin",,"",,"",,,,,,,,0,,,,,,0,0,,0,,,,0,0000-00-00,0000-00-00,0000-00-00,,,,,22.5673143,88.354862
-,"Velocity It Store - Admin",9831323235,,"1-Kolkata",Gaurav Batra,Y,0,,0,N,0,,D,"",,"",,"",,,,,,,,0,,,,,,0,0,,0,,,,0,0000-00-00,0000-00-00,0000-00-00,,,,,0,0
-,"Vibrant Infocom",8017757290,,"1-Kolkata",Ritesh Shaw,Y,0,,0,N,0,,D,"",,"",,"",,,,,,,,0,,,,,,0,0,,0,,,,0,0000-00-00,0000-00-00,0000-00-00,,,,,0,0
188221,"World Of Technology",-,,"1-Kolkata",Vacant ISP 18,Y,0,,0,N,0,,R,"",,"",,"",,,,,,,,0,,,,,,0,0,,0,,,,0,0000-00-00,0000-00-00,0000-00-00,,,,,22.5865352,88.3621706
197475,"Zidane Communication-S24",,,"2-S24",Vacant ISP 35,Y,0,,0,N,0,,R,"",,"",,"",,,,,,,,0,,,,,,0,0,,0,,,,0,0000-00-00,0000-00-00,0000-00-00,,,,,0,0
193299,"Zulekha Mobile Corner",9038300396,,"1-Kolkata",ARIJIT GHOSH,Y,0,,0,N,0,,R,"",,"",,"",,,,,,,,0,,,,,,0,0,,0,,,,0,0000-00-00,0000-00-00,0000-00-00,,,,,22.55345,88.358121
