dns_branch_code,Current Product Name in SFA,Proposed Product Name in SFA
DN01,STAR CEMENT PPC,STAR PPC HDPE
DN01,STAR CEMENT PPC(ADSTAR),STAR PPC ADSTAR
DN01,AMBUJA,AMBUJA PPC HDPE
DN01,AMBUJA ADSTAR,AMBUJA PPC ADSTAR
DN01,ULTRATECH,ULTRATECH PPC HDPE
DN01,ULTRATECH SUPER,ULTRATECH SUPER PPC ADSTAR
DN01,ACC HPC,ACC HPC HDPE
DN01,ACC ADSTAR,ACC PPC ADSTAR
DN02,STAR CEMENT PPC,STAR PPC HDPE
DN02,STAR CEMENT PPC(ADSTAR),STAR PPC ADSTAR
DN02,AMBUJA,AMBUJA PPC HDPE
DN02,AMBUJA ADSTAR,AMBUJA PPC ADSTAR
DN02,ULTRATECH,ULTRATECH PPC HDPE
DN02,ULTRATECH SUPER,ULTRATECH SUPER PPC ADSTAR
DN02,ACC HPC,ACC HPC HDPE
DN02,ACC ADSTAR,ACC PPC ADSTAR
DN03,STAR CEMENT PPC,STAR PPC HDPE
DN03,STAR CEMENT PPC(ADSTAR),STAR PPC ADSTAR
DN03,AMBUJA,AMBUJA PPC HDPE
DN03,AMBUJA ADSTAR,AMBUJA PPC ADSTAR
DN03,ULTRATECH,ULTRATECH PPC HDPE
DN03,ULTRATECH SUPER,ULTRATECH SUPER PPC ADSTAR
DN03,ACC HPC,ACC HPC HDPE
DN03,ACC ADSTAR,ACC PPC ADSTAR
DN04,STAR CEMENT PPC,STAR PPC HDPE
DN04,STAR CEMENT PPC(ADSTAR),STAR PPC ADSTAR
DN04,AMBUJA,AMBUJA PPC HDPE
DN04,AMBUJA ADSTAR,AMBUJA PPC ADSTAR
DN04,ULTRATECH,ULTRATECH PPC HDPE
DN04,ULTRATECH SUPER,ULTRATECH SUPER PPC ADSTAR
DN04,ACC HPC,ACC HPC HDPE
DN04,ACC ADSTAR,ACC PPC ADSTAR
DN05,STAR CEMENT PPC,STAR PPC HDPE
DN05,STAR CEMENT PPC(ADSTAR),STAR PPC ADSTAR
DN05,AMBUJA,AMBUJA PPC HDPE
DN05,AMBUJA ADSTAR,AMBUJA PPC ADSTAR
DN05,ULTRATECH,ULTRATECH PPC HDPE
DN05,ULTRATECH SUPER,ULTRATECH SUPER PPC ADSTAR
DN05,ACC HPC,ACC HPC HDPE
DN05,ACC ADSTAR,ACC PPC ADSTAR
DN06,STAR CEMENT PPC,STAR PPC HDPE
DN06,STAR CEMENT PPC(ADSTAR),STAR PPC ADSTAR
DN06,AMBUJA,AMBUJA PPC HDPE
DN06,AMBUJA ADSTAR,AMBUJA PPC ADSTAR
DN06,ULTRATECH,ULTRATECH PPC HDPE
DN06,ULTRATECH SUPER,ULTRATECH SUPER PPC ADSTAR
DN06,ACC HPC,ACC HPC HDPE
DN06,ACC ADSTAR,ACC PPC ADSTAR
DN07,STAR CEMENT PPC,STAR PPC HDPE
DN07,STAR CEMENT PPC(ADSTAR),STAR PPC ADSTAR
DN07,AMBUJA,AMBUJA PPC HDPE
DN07,AMBUJA ADSTAR,AMBUJA PPC ADSTAR
DN07,ULTRATECH,ULTRATECH PPC HDPE
DN07,ULTRATECH SUPER,ULTRATECH SUPER PPC ADSTAR
DN07,ACC HPC,ACC HPC HDPE
DN07,ACC ADSTAR,ACC PPC ADSTAR
DN08,STAR CEMENT PPC,STAR PPC HDPE
DN08,STAR CEMENT PPC(ADSTAR),STAR PPC ADSTAR
DN08,AMBUJA,AMBUJA PPC HDPE
DN08,AMBUJA ADSTAR,AMBUJA PPC ADSTAR
DN08,ULTRATECH,ULTRATECH PPC HDPE
DN08,ULTRATECH SUPER,ULTRATECH SUPER PPC ADSTAR
DN08,ACC HPC,ACC HPC HDPE
DN08,ACC ADSTAR,ACC PPC ADSTAR
DN09,STAR CEMENT PPC,STAR PPC HDPE
DN09,STAR CEMENT PPC(ADSTAR),STAR PPC ADSTAR
DN09,AMBUJA,AMBUJA PPC HDPE
DN09,AMBUJA ADSTAR,AMBUJA PPC ADSTAR
DN09,ULTRATECH,ULTRATECH PPC HDPE
DN09,ULTRATECH SUPER,ULTRATECH SUPER PPC ADSTAR
DN09,ACC HPC,ACC HPC HDPE
DN09,ACC ADSTAR,ACC PPC ADSTAR
DN10,STAR CEMENT PPC,STAR PPC HDPE
DN10,STAR CEMENT PPC(ADSTAR),STAR PPC ADSTAR
DN10,AMBUJA,AMBUJA PPC HDPE
DN10,AMBUJA ADSTAR,AMBUJA PPC ADSTAR
DN10,ULTRATECH,ULTRATECH PPC HDPE
DN10,ULTRATECH SUPER,ULTRATECH SUPER PPC ADSTAR
DN10,ACC HPC,ACC HPC HDPE
DN10,ACC ADSTAR,ACC PPC ADSTAR
DN11,STAR CEMENT PPC,STAR PPC HDPE
DN11,STAR CEMENT PPC(ADSTAR),STAR PPC ADSTAR
DN11,AMBUJA,AMBUJA PPC HDPE
DN11,AMBUJA ADSTAR,AMBUJA PPC ADSTAR
DN11,ULTRATECH,ULTRATECH PPC HDPE
DN11,ULTRATECH SUPER,ULTRATECH SUPER PPC ADSTAR
DN11,ACC HPC,ACC HPC HDPE
DN11,ACC ADSTAR,ACC PPC ADSTAR
DN11,STAR CEMENT PPC,STAR PPC HDPE
DN11,STAR CEMENT PPC(ADSTAR),STAR PPC ADSTAR
DN11,AMBUJA,AMBUJA PPC HDPE
DN11,AMBUJA ADSTAR,AMBUJA PPC ADSTAR
DN11,ULTRATECH,ULTRATECH PPC HDPE
DN11,ULTRATECH SUPER,ULTRATECH SUPER PPC ADSTAR
DN11,ACC HPC,ACC HPC HDPE
DN11,ACC ADSTAR,ACC PPC ADSTAR
DS01,STAR CEMENT PPC,STAR PPC HDPE
DS01,STAR CEMENT PPC(ADSTAR),STAR PPC ADSTAR
DS01,AMBUJA,AMBUJA PPC HDPE
DS01,AMBUJA ADSTAR,AMBUJA PPC ADSTAR
DS01,ULTRATECH,ULTRATECH PPC HDPE
DS01,ULTRATECH SUPER,ULTRATECH SUPER PPC ADSTAR
DS01,ACC HPC,ACC HPC HDPE
DS01,ACC ADSTAR,ACC PPC ADSTAR
DS02,STAR CEMENT PPC,STAR PPC HDPE
DS02,STAR CEMENT PPC(ADSTAR),STAR PPC ADSTAR
DS02,AMBUJA,AMBUJA PPC HDPE
DS02,AMBUJA ADSTAR,AMBUJA PPC ADSTAR
DS02,ULTRATECH,ULTRATECH PPC HDPE
DS02,ULTRATECH SUPER,ULTRATECH SUPER PPC ADSTAR
DS02,ACC HPC,ACC HPC HDPE
DS02,ACC ADSTAR,ACC PPC ADSTAR
DS03,STAR CEMENT PPC,STAR PPC HDPE
DS03,STAR CEMENT PPC(ADSTAR),STAR PPC ADSTAR
DS03,AMBUJA,AMBUJA PPC HDPE
DS03,AMBUJA ADSTAR,AMBUJA PPC ADSTAR
DS03,ULTRATECH,ULTRATECH PPC HDPE
DS03,ULTRATECH SUPER,ULTRATECH SUPER PPC ADSTAR
DS03,ACC HPC,ACC HPC HDPE
DS03,ACC ADSTAR,ACC PPC ADSTAR
DS04,STAR CEMENT PPC,STAR PPC HDPE
DS04,STAR CEMENT PPC(ADSTAR),STAR PPC ADSTAR
DS04,AMBUJA,AMBUJA PPC HDPE
DS04,AMBUJA ADSTAR,AMBUJA PPC ADSTAR
DS04,ULTRATECH,ULTRATECH PPC HDPE
DS04,ULTRATECH SUPER,ULTRATECH SUPER PPC ADSTAR
DS04,ACC HPC,ACC HPC HDPE
DS04,ACC ADSTAR,ACC PPC ADSTAR
DS05,STAR CEMENT PPC,STAR PPC HDPE
DS05,STAR CEMENT PPC(ADSTAR),STAR PPC ADSTAR
DS05,AMBUJA,AMBUJA PPC HDPE
DS05,AMBUJA ADSTAR,AMBUJA PPC ADSTAR
DS05,ULTRATECH,ULTRATECH PPC HDPE
DS05,ULTRATECH SUPER,ULTRATECH SUPER PPC ADSTAR
DS05,ACC HPC,ACC HPC HDPE
DS05,ACC ADSTAR,ACC PPC ADSTAR
DS06,STAR CEMENT PPC,STAR PPC HDPE
DS06,STAR CEMENT PPC(ADSTAR),STAR PPC ADSTAR
DS06,AMBUJA,AMBUJA PPC HDPE
DS06,AMBUJA ADSTAR,AMBUJA PPC ADSTAR
DS06,ULTRATECH,ULTRATECH PPC HDPE
DS06,ULTRATECH SUPER,ULTRATECH SUPER PPC ADSTAR
DS06,ACC HPC,ACC HPC HDPE
DS06,ACC ADSTAR,ACC PPC ADSTAR
DS07,STAR CEMENT PPC,STAR PPC HDPE
DS07,STAR CEMENT PPC(ADSTAR),STAR PPC ADSTAR
DS07,AMBUJA,AMBUJA PPC HDPE
DS07,AMBUJA ADSTAR,AMBUJA PPC ADSTAR
DS07,ULTRATECH,ULTRATECH PPC HDPE
DS07,ULTRATECH SUPER,ULTRATECH SUPER PPC ADSTAR
DS07,ACC HPC,ACC HPC HDPE
DS07,ACC ADSTAR,ACC PPC ADSTAR
DS08,STAR CEMENT PPC,STAR PPC HDPE
DS08,STAR CEMENT PPC(ADSTAR),STAR PPC ADSTAR
DS08,AMBUJA,AMBUJA PPC HDPE
DS08,AMBUJA ADSTAR,AMBUJA PPC ADSTAR
DS08,ULTRATECH,ULTRATECH PPC HDPE
DS08,ULTRATECH SUPER,ULTRATECH SUPER PPC ADSTAR
DS08,ACC HPC,ACC HPC HDPE
DS08,ACC ADSTAR,ACC PPC ADSTAR
DS09,STAR CEMENT PPC,STAR PPC HDPE
DS09,STAR CEMENT PPC(ADSTAR),STAR PPC ADSTAR
DS09,AMBUJA,AMBUJA PPC HDPE
DS09,AMBUJA ADSTAR,AMBUJA PPC ADSTAR
DS09,ULTRATECH,ULTRATECH PPC HDPE
DS09,ULTRATECH SUPER,ULTRATECH SUPER PPC ADSTAR
DS09,ACC HPC,ACC HPC HDPE
DS09,ACC ADSTAR,ACC PPC ADSTAR
DS10,STAR CEMENT PPC,STAR PPC HDPE
DS10,STAR CEMENT PPC(ADSTAR),STAR PPC ADSTAR
DS10,AMBUJA,AMBUJA PPC HDPE
DS10,AMBUJA ADSTAR,AMBUJA PPC ADSTAR
DS10,ULTRATECH,ULTRATECH PPC HDPE
DS10,ULTRATECH SUPER,ULTRATECH SUPER PPC ADSTAR
DS10,ACC HPC,ACC HPC HDPE
DS10,ACC ADSTAR,ACC PPC ADSTAR
DS11,STAR CEMENT PPC,STAR PPC HDPE
DS11,STAR CEMENT PPC(ADSTAR),STAR PPC ADSTAR
DS11,AMBUJA,AMBUJA PPC HDPE
DS11,AMBUJA ADSTAR,AMBUJA PPC ADSTAR
DS11,ULTRATECH,ULTRATECH PPC HDPE
DS11,ULTRATECH SUPER,ULTRATECH SUPER PPC ADSTAR
DS11,ACC HPC,ACC HPC HDPE
DS11,ACC ADSTAR,ACC PPC ADSTAR
DS12,STAR CEMENT PPC,STAR PPC HDPE
DS12,STAR CEMENT PPC(ADSTAR),STAR PPC ADSTAR
DS12,AMBUJA,AMBUJA PPC HDPE
DS12,AMBUJA ADSTAR,AMBUJA PPC ADSTAR
DS12,ULTRATECH,ULTRATECH PPC HDPE
DS12,ULTRATECH SUPER,ULTRATECH SUPER PPC ADSTAR
DS12,ACC HPC,ACC HPC HDPE
DS12,ACC ADSTAR,ACC PPC ADSTAR
DS13,STAR CEMENT PPC,STAR PPC HDPE
DS13,STAR CEMENT PPC(ADSTAR),STAR PPC ADSTAR
DS13,AMBUJA,AMBUJA PPC HDPE
DS13,AMBUJA ADSTAR,AMBUJA PPC ADSTAR
DS13,ULTRATECH,ULTRATECH PPC HDPE
DS13,ULTRATECH SUPER,ULTRATECH SUPER PPC ADSTAR
DS13,ACC HPC,ACC HPC HDPE
DS13,ACC ADSTAR,ACC PPC ADSTAR
DS14,STAR CEMENT PPC,STAR PPC HDPE
DS14,STAR CEMENT PPC(ADSTAR),STAR PPC ADSTAR
DS14,AMBUJA,AMBUJA PPC HDPE
DS14,AMBUJA ADSTAR,AMBUJA PPC ADSTAR
DS14,ULTRATECH,ULTRATECH PPC HDPE
DS14,ULTRATECH SUPER,ULTRATECH SUPER PPC ADSTAR
DS14,ACC HPC,ACC HPC HDPE
DS14,ACC ADSTAR,ACC PPC ADSTAR
DS15,STAR CEMENT PPC,STAR PPC HDPE
DS15,STAR CEMENT PPC(ADSTAR),STAR PPC ADSTAR
DS15,AMBUJA,AMBUJA PPC HDPE
DS15,AMBUJA ADSTAR,AMBUJA PPC ADSTAR
DS15,ULTRATECH,ULTRATECH PPC HDPE
DS15,ULTRATECH SUPER,ULTRATECH SUPER PPC ADSTAR
DS15,ACC HPC,ACC HPC HDPE
DS15,ACC ADSTAR,ACC PPC ADSTAR
EE01,STAR CEMENT PPC,STAR PPC HDPE
EE01,STAR CEMENT PPC(ADSTAR),STAR PPC ADSTAR
EE01,AMBUJA,AMBUJA PPC HDPE
EE01,AMBUJA ADSTAR,AMBUJA PPC ADSTAR
EE01,ULTRATECH,ULTRATECH PPC HDPE
EE01,ULTRATECH SUPER,ULTRATECH SUPER PPC ADSTAR
EE01,ACC HPC,ACC HPC HDPE
EE01,ACC ADSTAR,ACC PPC ADSTAR
EE02,STAR CEMENT PPC,STAR PPC HDPE
EE02,STAR CEMENT PPC(ADSTAR),STAR PPC ADSTAR
EE02,AMBUJA,AMBUJA PPC HDPE
EE02,AMBUJA ADSTAR,AMBUJA PPC ADSTAR
EE02,ULTRATECH,ULTRATECH PPC HDPE
EE02,ULTRATECH SUPER,ULTRATECH SUPER PPC ADSTAR
EE02,ACC HPC,ACC HPC HDPE
EE02,ACC ADSTAR,ACC PPC ADSTAR
EE03,STAR CEMENT PPC,STAR PPC HDPE
EE03,STAR CEMENT PPC(ADSTAR),STAR PPC ADSTAR
EE03,AMBUJA,AMBUJA PPC HDPE
EE03,AMBUJA ADSTAR,AMBUJA PPC ADSTAR
EE03,ULTRATECH,ULTRATECH PPC HDPE
EE03,ULTRATECH SUPER,ULTRATECH SUPER PPC ADSTAR
EE03,ACC HPC,ACC HPC HDPE
EE03,ACC ADSTAR,ACC PPC ADSTAR
EE04,STAR CEMENT PPC,STAR PPC HDPE
EE04,STAR CEMENT PPC(ADSTAR),STAR PPC ADSTAR
EE04,AMBUJA,AMBUJA PPC HDPE
EE04,AMBUJA ADSTAR,AMBUJA PPC ADSTAR
EE04,ULTRATECH,ULTRATECH PPC HDPE
EE04,ULTRATECH SUPER,ULTRATECH SUPER PPC ADSTAR
EE04,ACC HPC,ACC HPC HDPE
EE04,ACC ADSTAR,ACC PPC ADSTAR
EE05,STAR CEMENT PPC,STAR PPC HDPE
EE05,STAR CEMENT PPC(ADSTAR),STAR PPC ADSTAR
EE05,AMBUJA,AMBUJA PPC HDPE
EE05,AMBUJA ADSTAR,AMBUJA PPC ADSTAR
EE05,ULTRATECH,ULTRATECH PPC HDPE
EE05,ULTRATECH SUPER,ULTRATECH SUPER PPC ADSTAR
EE05,ACC HPC,ACC HPC HDPE
EE05,ACC ADSTAR,ACC PPC ADSTAR
EE06,STAR CEMENT PPC,STAR PPC HDPE
EE06,STAR CEMENT PPC(ADSTAR),STAR PPC ADSTAR
EE06,AMBUJA,AMBUJA PPC HDPE
EE06,AMBUJA ADSTAR,AMBUJA PPC ADSTAR
EE06,ULTRATECH,ULTRATECH PPC HDPE
EE06,ULTRATECH SUPER,ULTRATECH SUPER PPC ADSTAR
EE06,ACC HPC,ACC HPC HDPE
EE06,ACC ADSTAR,ACC PPC ADSTAR
EE07,STAR CEMENT PPC,STAR PPC HDPE
EE07,STAR CEMENT PPC(ADSTAR),STAR PPC ADSTAR
EE07,AMBUJA,AMBUJA PPC HDPE
EE07,AMBUJA ADSTAR,AMBUJA PPC ADSTAR
EE07,ULTRATECH,ULTRATECH PPC HDPE
EE07,ULTRATECH SUPER,ULTRATECH SUPER PPC ADSTAR
EE07,ACC HPC,ACC HPC HDPE
EE07,ACC ADSTAR,ACC PPC ADSTAR
EE08,STAR CEMENT PPC,STAR PPC HDPE
EE08,STAR CEMENT PPC(ADSTAR),STAR PPC ADSTAR
EE08,AMBUJA,AMBUJA PPC HDPE
EE08,AMBUJA ADSTAR,AMBUJA PPC ADSTAR
EE08,ULTRATECH,ULTRATECH PPC HDPE
EE08,ULTRATECH SUPER,ULTRATECH SUPER PPC ADSTAR
EE08,ACC HPC,ACC HPC HDPE
EE08,ACC ADSTAR,ACC PPC ADSTAR
EE09,STAR CEMENT PPC,STAR PPC HDPE
EE09,STAR CEMENT PPC(ADSTAR),STAR PPC ADSTAR
EE09,AMBUJA,AMBUJA PPC HDPE
EE09,AMBUJA ADSTAR,AMBUJA PPC ADSTAR
EE09,ULTRATECH,ULTRATECH PPC HDPE
EE09,ULTRATECH SUPER,ULTRATECH SUPER PPC ADSTAR
EE09,ACC HPC,ACC HPC HDPE
EE09,ACC ADSTAR,ACC PPC ADSTAR
EE10,STAR CEMENT PPC,STAR PPC HDPE
EE10,STAR CEMENT PPC(ADSTAR),STAR PPC ADSTAR
EE10,AMBUJA,AMBUJA PPC HDPE
EE10,AMBUJA ADSTAR,AMBUJA PPC ADSTAR
EE10,ULTRATECH,ULTRATECH PPC HDPE
EE10,ULTRATECH SUPER,ULTRATECH SUPER PPC ADSTAR
EE10,ACC HPC,ACC HPC HDPE
EE10,ACC ADSTAR,ACC PPC ADSTAR
EE11,STAR CEMENT PPC,STAR PPC HDPE
EE11,STAR CEMENT PPC(ADSTAR),STAR PPC ADSTAR
EE11,AMBUJA,AMBUJA PPC HDPE
EE11,AMBUJA ADSTAR,AMBUJA PPC ADSTAR
EE11,ULTRATECH,ULTRATECH PPC HDPE
EE11,ULTRATECH SUPER,ULTRATECH SUPER PPC ADSTAR
EE11,ACC HPC,ACC HPC HDPE
EE11,ACC ADSTAR,ACC PPC ADSTAR
EE12,STAR CEMENT PPC,STAR PPC HDPE
EE12,STAR CEMENT PPC(ADSTAR),STAR PPC ADSTAR
EE12,AMBUJA,AMBUJA PPC HDPE
EE12,AMBUJA ADSTAR,AMBUJA PPC ADSTAR
EE12,ULTRATECH,ULTRATECH PPC HDPE
EE12,ULTRATECH SUPER,ULTRATECH SUPER PPC ADSTAR
EE12,ACC HPC,ACC HPC HDPE
EE12,ACC ADSTAR,ACC PPC ADSTAR
EE13,STAR CEMENT PPC,STAR PPC HDPE
EE13,STAR CEMENT PPC(ADSTAR),STAR PPC ADSTAR
EE13,AMBUJA,AMBUJA PPC HDPE
EE13,AMBUJA ADSTAR,AMBUJA PPC ADSTAR
EE13,ULTRATECH,ULTRATECH PPC HDPE
EE13,ULTRATECH SUPER,ULTRATECH SUPER PPC ADSTAR
EE13,ACC HPC,ACC HPC HDPE
EE13,ACC ADSTAR,ACC PPC ADSTAR
EE14,STAR CEMENT PPC,STAR PPC HDPE
EE14,STAR CEMENT PPC(ADSTAR),STAR PPC ADSTAR
EE14,AMBUJA,AMBUJA PPC HDPE
EE14,AMBUJA ADSTAR,AMBUJA PPC ADSTAR
EE14,ULTRATECH,ULTRATECH PPC HDPE
EE14,ULTRATECH SUPER,ULTRATECH SUPER PPC ADSTAR
EE14,ACC HPC,ACC HPC HDPE
EE14,ACC ADSTAR,ACC PPC ADSTAR
EE15,STAR CEMENT PPC,STAR PPC HDPE
EE15,STAR CEMENT PPC(ADSTAR),STAR PPC ADSTAR
EE15,AMBUJA,AMBUJA PPC HDPE
EE15,AMBUJA ADSTAR,AMBUJA PPC ADSTAR
EE15,ULTRATECH,ULTRATECH PPC HDPE
EE15,ULTRATECH SUPER,ULTRATECH SUPER PPC ADSTAR
EE15,ACC HPC,ACC HPC HDPE
EE15,ACC ADSTAR,ACC PPC ADSTAR
EE16,STAR CEMENT PPC,STAR PPC HDPE
EE16,STAR CEMENT PPC(ADSTAR),STAR PPC ADSTAR
EE16,AMBUJA,AMBUJA PPC HDPE
EE16,AMBUJA ADSTAR,AMBUJA PPC ADSTAR
EE16,ULTRATECH,ULTRATECH PPC HDPE
EE16,ULTRATECH SUPER,ULTRATECH SUPER PPC ADSTAR
EE16,ACC HPC,ACC HPC HDPE
EE16,ACC ADSTAR,ACC PPC ADSTAR
EE17,STAR CEMENT PPC,STAR PPC HDPE
EE17,STAR CEMENT PPC(ADSTAR),STAR PPC ADSTAR
EE17,AMBUJA,AMBUJA PPC HDPE
EE17,AMBUJA ADSTAR,AMBUJA PPC ADSTAR
EE17,ULTRATECH,ULTRATECH PPC HDPE
EE17,ULTRATECH SUPER,ULTRATECH SUPER PPC ADSTAR
EE17,ACC HPC,ACC HPC HDPE
EE17,ACC ADSTAR,ACC PPC ADSTAR
EE18,STAR CEMENT PPC,STAR PPC HDPE
EE18,STAR CEMENT PPC(ADSTAR),STAR PPC ADSTAR
EE18,AMBUJA,AMBUJA PPC HDPE
EE18,AMBUJA ADSTAR,AMBUJA PPC ADSTAR
EE18,ULTRATECH,ULTRATECH PPC HDPE
EE18,ULTRATECH SUPER,ULTRATECH SUPER PPC ADSTAR
EE18,ACC HPC,ACC HPC HDPE
EE18,ACC ADSTAR,ACC PPC ADSTAR
EE19,STAR CEMENT PPC,STAR PPC HDPE
EE19,STAR CEMENT PPC(ADSTAR),STAR PPC ADSTAR
EE19,AMBUJA,AMBUJA PPC HDPE
EE19,AMBUJA ADSTAR,AMBUJA PPC ADSTAR
EE19,ULTRATECH,ULTRATECH PPC HDPE
EE19,ULTRATECH SUPER,ULTRATECH SUPER PPC ADSTAR
EE19,ACC HPC,ACC HPC HDPE
EE19,ACC ADSTAR,ACC PPC ADSTAR
EE20,STAR CEMENT PPC,STAR PPC HDPE
EE20,STAR CEMENT PPC(ADSTAR),STAR PPC ADSTAR
EE20,AMBUJA,AMBUJA PPC HDPE
EE20,AMBUJA ADSTAR,AMBUJA PPC ADSTAR
EE20,ULTRATECH,ULTRATECH PPC HDPE
EE20,ULTRATECH SUPER,ULTRATECH SUPER PPC ADSTAR
EE20,ACC HPC,ACC HPC HDPE
EE20,ACC ADSTAR,ACC PPC ADSTAR
EE21,STAR CEMENT PPC,STAR PPC HDPE
EE21,STAR CEMENT PPC(ADSTAR),STAR PPC ADSTAR
EE21,AMBUJA,AMBUJA PPC HDPE
EE21,AMBUJA ADSTAR,AMBUJA PPC ADSTAR
EE21,ULTRATECH,ULTRATECH PPC HDPE
EE21,ULTRATECH SUPER,ULTRATECH SUPER PPC ADSTAR
EE21,ACC HPC,ACC HPC HDPE
EE21,ACC ADSTAR,ACC PPC ADSTAR
EE22,STAR CEMENT PPC,STAR PPC HDPE
EE22,STAR CEMENT PPC(ADSTAR),STAR PPC ADSTAR
EE22,AMBUJA,AMBUJA PPC HDPE
EE22,AMBUJA ADSTAR,AMBUJA PPC ADSTAR
EE22,ULTRATECH,ULTRATECH PPC HDPE
EE22,ULTRATECH SUPER,ULTRATECH SUPER PPC ADSTAR
EE22,ACC HPC,ACC HPC HDPE
EE22,ACC ADSTAR,ACC PPC ADSTAR
EE23,STAR CEMENT PPC,STAR PPC HDPE
EE23,STAR CEMENT PPC(ADSTAR),STAR PPC ADSTAR
EE23,AMBUJA,AMBUJA PPC HDPE
EE23,AMBUJA ADSTAR,AMBUJA PPC ADSTAR
EE23,ULTRATECH,ULTRATECH PPC HDPE
EE23,ULTRATECH SUPER,ULTRATECH SUPER PPC ADSTAR
EE23,ACC HPC,ACC HPC HDPE
EE23,ACC ADSTAR,ACC PPC ADSTAR
EE24,STAR CEMENT PPC,STAR PPC HDPE
EE24,STAR CEMENT PPC(ADSTAR),STAR PPC ADSTAR
EE24,AMBUJA,AMBUJA PPC HDPE
EE24,AMBUJA ADSTAR,AMBUJA PPC ADSTAR
EE24,ULTRATECH,ULTRATECH PPC HDPE
EE24,ULTRATECH SUPER,ULTRATECH SUPER PPC ADSTAR
EE24,ACC HPC,ACC HPC HDPE
EE24,ACC ADSTAR,ACC PPC ADSTAR
EE25,STAR CEMENT PPC,STAR PPC HDPE
EE25,STAR CEMENT PPC(ADSTAR),STAR PPC ADSTAR
EE25,AMBUJA,AMBUJA PPC HDPE
EE25,AMBUJA ADSTAR,AMBUJA PPC ADSTAR
EE25,ULTRATECH,ULTRATECH PPC HDPE
EE25,ULTRATECH SUPER,ULTRATECH SUPER PPC ADSTAR
EE25,ACC HPC,ACC HPC HDPE
EE25,ACC ADSTAR,ACC PPC ADSTAR
EE26,STAR CEMENT PPC,STAR PPC HDPE
EE26,STAR CEMENT PPC(ADSTAR),STAR PPC ADSTAR
EE26,AMBUJA,AMBUJA PPC HDPE
EE26,AMBUJA ADSTAR,AMBUJA PPC ADSTAR
EE26,ULTRATECH,ULTRATECH PPC HDPE
EE26,ULTRATECH SUPER,ULTRATECH SUPER PPC ADSTAR
EE26,ACC HPC,ACC HPC HDPE
EE26,ACC ADSTAR,ACC PPC ADSTAR
EE27,STAR CEMENT PPC,STAR PPC HDPE
EE27,STAR CEMENT PPC(ADSTAR),STAR PPC ADSTAR
EE27,AMBUJA,AMBUJA PPC HDPE
EE27,AMBUJA ADSTAR,AMBUJA PPC ADSTAR
EE27,ULTRATECH,ULTRATECH PPC HDPE
EE27,ULTRATECH SUPER,ULTRATECH SUPER PPC ADSTAR
EE27,ACC HPC,ACC HPC HDPE
EE27,ACC ADSTAR,ACC PPC ADSTAR
EW01,STAR CEMENT PPC,STAR PPC HDPE
EW01,STAR CEMENT PPC(ADSTAR),STAR PPC ADSTAR
EW01,AMBUJA,AMBUJA PPC HDPE
EW01,AMBUJA ADSTAR,AMBUJA PPC ADSTAR
EW01,ULTRATECH,ULTRATECH PPC HDPE
EW01,ULTRATECH SUPER,ULTRATECH SUPER PPC ADSTAR
EW01,ACC HPC,ACC HPC HDPE
EW01,ACC ADSTAR,ACC PPC ADSTAR
EW02,STAR CEMENT PPC,STAR PPC HDPE
EW02,STAR CEMENT PPC(ADSTAR),STAR PPC ADSTAR
EW02,AMBUJA,AMBUJA PPC HDPE
EW02,AMBUJA ADSTAR,AMBUJA PPC ADSTAR
EW02,ULTRATECH,ULTRATECH PPC HDPE
EW02,ULTRATECH SUPER,ULTRATECH SUPER PPC ADSTAR
EW02,ACC HPC,ACC HPC HDPE
EW02,ACC ADSTAR,ACC PPC ADSTAR
EW03,STAR CEMENT PPC,STAR PPC HDPE
EW03,STAR CEMENT PPC(ADSTAR),STAR PPC ADSTAR
EW03,AMBUJA,AMBUJA PPC HDPE
EW03,AMBUJA ADSTAR,AMBUJA PPC ADSTAR
EW03,ULTRATECH,ULTRATECH PPC HDPE
EW03,ULTRATECH SUPER,ULTRATECH SUPER PPC ADSTAR
EW03,ACC HPC,ACC HPC HDPE
EW03,ACC ADSTAR,ACC PPC ADSTAR
EW04,STAR CEMENT PPC,STAR PPC HDPE
EW04,STAR CEMENT PPC(ADSTAR),STAR PPC ADSTAR
EW04,AMBUJA,AMBUJA PPC HDPE
EW04,AMBUJA ADSTAR,AMBUJA PPC ADSTAR
EW04,ULTRATECH,ULTRATECH PPC HDPE
EW04,ULTRATECH SUPER,ULTRATECH SUPER PPC ADSTAR
EW04,ACC HPC,ACC HPC HDPE
EW04,ACC ADSTAR,ACC PPC ADSTAR
EW05,STAR CEMENT PPC,STAR PPC HDPE
EW05,STAR CEMENT PPC(ADSTAR),STAR PPC ADSTAR
EW05,AMBUJA,AMBUJA PPC HDPE
EW05,AMBUJA ADSTAR,AMBUJA PPC ADSTAR
EW05,ULTRATECH,ULTRATECH PPC HDPE
EW05,ULTRATECH SUPER,ULTRATECH SUPER PPC ADSTAR
EW05,ACC HPC,ACC HPC HDPE
EW05,ACC ADSTAR,ACC PPC ADSTAR
EW07,STAR CEMENT PPC,STAR PPC HDPE
EW07,STAR CEMENT PPC(ADSTAR),STAR PPC ADSTAR
EW07,AMBUJA,AMBUJA PPC HDPE
EW07,AMBUJA ADSTAR,AMBUJA PPC ADSTAR
EW07,ULTRATECH,ULTRATECH PPC HDPE
EW07,ULTRATECH SUPER,ULTRATECH SUPER PPC ADSTAR
EW07,ACC HPC,ACC HPC HDPE
EW07,ACC ADSTAR,ACC PPC ADSTAR
EW08,STAR CEMENT PPC,STAR PPC HDPE
EW08,STAR CEMENT PPC(ADSTAR),STAR PPC ADSTAR
EW08,AMBUJA,AMBUJA PPC HDPE
EW08,AMBUJA ADSTAR,AMBUJA PPC ADSTAR
EW08,ULTRATECH,ULTRATECH PPC HDPE
EW08,ULTRATECH SUPER,ULTRATECH SUPER PPC ADSTAR
EW08,ACC HPC,ACC HPC HDPE
EW08,ACC ADSTAR,ACC PPC ADSTAR
