DNS Customer Code,Customer Name,Phone no,Route code,Route Name,Emp Code name,acedns,Credit Limit,Credit Days,Current Balance,Black list,TD,Branch code,Cust type,rds tag,Sauda validity period,Address,Landline no,Owner name,Owner phone,Cust class,Weekly closing day,Coverage type,TIN,PAN,District,Minimum stock,Bank name,Bank account number,Email,Visit Day,State
,"244, MOTHER DAIRY",,JODHPUR PARK,"JODHPUR PARK",SUBRATA DAS,Y,0,,0,N,0,,R,"M.M.ENT",,"",,"",,,,,,,,0,,,,,West Bengal
,"A VARIETY STORES",,PURBACHAL,"PURBACHAL",SUBRATA DAS,Y,0,,0,N,0,,R,"DAS MARKETING",,"",,"",,,,,,,,0,,,,,West Bengal
,"A.H.ENT",,,"KUDGHAT",SUJIT SARKAR,Y,0,,0,N,0,,D,"",,"",,"",,,,,,,,0,,,,,West Bengal
,"ABDUL HAMID STORES",,BALLYGANJ,"BALLYGANJ",SUBRATA DAS,Y,0,,0,N,0,,R,"ANUSHREE ENT",,"",,"",,,,,,,,0,,,,,West Bengal
,"ADDYA AGENCY",,HALTU,"HALTU",SUBRATA DAS,Y,0,,0,N,0,,D,"",,"",,"",,,,,,,,0,,,,,West Bengal
,"ADHIKARI BROTHERS",,BOSEPUKUR ROAD,"BOSEPUKUR ROAD",SUBRATA DAS,Y,0,,0,N,0,,R,"DAS MARKETING",,"",,"",,,,,,,,0,,,,,West Bengal
,"ADI KALI GANGA",,RAJA SC MALLIK ROAD,"RAJA SC MALLIK ROAD",SUBRATA DAS,Y,0,,0,N,0,,R,"RAJMITA ENT",,"",,"",,,,,,,,0,,,,,West Bengal
,"AGNI SALES",,,"COLLEGE STREET",AVIJIT CHATTERJEE,Y,0,,0,N,0,,D,"",,"",,"",,,,,,,,0,,,,,West Bengal
,"AHALLA STORES",,,"MUKUNDAPUR",SUBRATA DAS,Y,0,,0,N,0,,R,"ADDYA AGENCY",,"",,"",,,,,,,,0,,,,,West Bengal
,"AJOY BARNAWAL",,PICNIC GARDEN,"PICNIC GARDEN",SUBRATA DAS,Y,0,,0,N,0,,R,"ANUSHREE ENT",,"",,"",,,,,,,,0,,,,,West Bengal
,"AJOY BHANDER",,AHALLA NAGAR,"AHALLA NAGAR",SUBRATA DAS,Y,0,,0,N,0,,R,"ADDYA AGENCY",,"",,"",,,,,,,,0,,,,,West Bengal
,"AJOY STORE",,V.I.P NAGAR,"V.I.P NAGAR",SUBRATA DAS,Y,0,,0,N,0,,R,"ANUSHREE ENT",,"",,"",,,,,,,,0,,,,,West Bengal
,"AKHANKHA",,NAKTALA ROAD,"NAKTALA ROAD",SUBRATA DAS,Y,0,,0,N,0,,R,"SHIB TRADERS",,"",,"",,,,,,,,0,,,,,West Bengal
,"ALI BHAI",,ANANDAPUR,"ANANDAPUR",SUBRATA DAS,Y,0,,0,N,0,,R,"MA SARADA ENT",,"",,"",,,,,,,,0,,,,,West Bengal
,"ALIFIA STORES",,BALLYGANJ,"BALLYGANJ",SUBRATA DAS,Y,0,,0,N,0,,R,"ANUSHREE ENT",,"",,"",,,,,,,,0,,,,,West Bengal
,"ALKA SINGH",,RUBY PARK,"RUBY PARK",SUBRATA DAS,Y,0,,0,N,0,,R,"DAS MARKETING",,"",,"",,,,,,,,0,,,,,West Bengal
,"ALOKE STORES",,,"MUKUNDAPUR",SUBRATA DAS,Y,0,,0,N,0,,R,"ADDYA AGENCY",,"",,"",,,,,,,,0,,,,,West Bengal
,"AMAL BHANDER",,PANCHANAN GRAM,"PANCHANAN GRAM",SUBRATA DAS,Y,0,,0,N,0,,R,"ANUSHREE ENT",,"",,"",,,,,,,,0,,,,,West Bengal
,"AMALER PAN SHOP",,RAMGARH,"RAMGARH",SUBRATA DAS,Y,0,,0,N,0,,R,"TRIPTI ENT",,"",,"",,,,,,,,0,,,,,West Bengal
,"AMAR STORES",,BARADA AVENUE,"BARADA AVENUE",SUBRATA DAS,Y,0,,0,N,0,,R,"TRIPTI ENT",,"",,"",,,,,,,,0,,,,,West Bengal
,"AMBIKA MOUBI",,JODHPUR MARKET,"JODHPUR MARKET",SUBRATA DAS,Y,0,,0,N,0,,R,"M.M.ENT",,"",,"",,,,,,,,0,,,,,West Bengal
,"AMIT GANGULY",,BOSE PUKUR,"BOSE PUKUR",SUBRATA DAS,Y,0,,0,N,0,,R,"DAS MARKETING",,"",,"",,,,,,,,0,,,,,West Bengal
,"AMIT PAN",,CHAWBAGA,"CHAWBAGA",SUBRATA DAS,Y,0,,0,N,0,,R,"MA SARADA ENT",,"",,"",,,,,,,,0,,,,,West Bengal
,"AMIT SHAW",,ASHUTOSH COLONY,"ASHUTOSH COLONY",SUBRATA DAS,Y,0,,0,N,0,,R,"DAS MARKETING",,"",,"",,,,,,,,0,,,,,West Bengal
,"AMIT STORES",,LONI NAGAR ROAD,"LONI NAGAR ROAD",SUBRATA DAS,Y,0,,0,N,0,,R,"DAS MARKETING",,"",,"",,,,,,,,0,,,,,West Bengal
,"AMIT STORES",,GARFA main road,"GARFA MAIN ROAD",SUBRATA DAS,Y,0,,0,N,0,,R,"DAS MARKETING",,"",,"",,,,,,,,0,,,,,West Bengal
,"AMITA VARIETY",,BAGHAJATIN,"BAGHAJATIN",SUBRATA DAS,Y,0,,0,N,0,,R,"SHIB TRADERS",,"",,"",,,,,,,,0,,,,,West Bengal
,"ANANTA STORES",,RUBY GOLD PARK,"RUBY GOLD PARK",SUBRATA DAS,Y,0,,0,N,0,,R,"ADDYA AGENCY",,"",,"",,,,,,,,0,,,,,West Bengal
,"ANIMA STORES",,,"VIDYASAGAR COLONEY",SUBRATA DAS,Y,0,,0,N,0,,R,"TRIPTI ENT",,"",,"",,,,,,,,0,,,,,West Bengal
,"ANIMA TRADING",,,"HARIDEVPUR",SUJIT SARKAR,Y,0,,0,N,0,,D,"",,"",,"",,,,,,,,0,,,,,West Bengal
,"ANITA STORE",,RAJDANGA MAIN ROAD,"RAJDANGA MAIN ROAD",SUBRATA DAS,Y,0,,0,N,0,,R,"DAS MARKETING",,"",,"",,,,,,,,0,,,,,West Bengal
,"ANITA STORE",,SALIMPUR ROAD,"SALIMPUR ROAD",SUBRATA DAS,Y,0,,0,N,0,,R,"DAS MARKETING",,"",,"",,,,,,,,0,,,,,West Bengal
,"ANITA VARIETY STORES",,BAGHAJATIN,"BAGHAJATIN",SUBRATA DAS,Y,0,,0,N,0,,R,"TRIPTI ENT",,"",,"",,,,,,,,0,,,,,West Bengal
,"ANJALI STORES",,RAMGARH,"RAMGARH",SUBRATA DAS,Y,0,,0,N,0,,R,"TRIPTI ENT",,"",,"",,,,,,,,0,,,,,West Bengal
,"ANJALI STORES",,BOSEPUKUR,"BOSEPUKUR",SUBRATA DAS,Y,0,,0,N,0,,R,"DAS MARKETING",,"",,"",,,,,,,,0,,,,,West Bengal
,"ANJANA STORES",,KAVI SUKANTA ROAD,"KAVI SUKANTA ROAD",SUBRATA DAS,Y,0,,0,N,0,,R,"MA KALI ENT",,"",,"",,,,,,,,0,,,,,West Bengal
,"ANNADATA STORES",,HALTU,"HALTU",SUBRATA DAS,Y,0,,0,N,0,,R,"DAS MARKETING",,"",,"",,,,,,,,0,,,,,West Bengal
,"ANNAPURNA BHANDAR",,BIRNAGAR,"BIRNAGAR",SUBRATA DAS,Y,0,,0,N,0,,R,"TRIPTI ENT",,"",,"",,,,,,,,0,,,,,West Bengal
,"ANNAPURNA BHANDER",,PURBACHAL MAIN ROAD,"PURBACHAL MAIN ROAD",SUBRATA DAS,Y,0,,0,N,0,,R,"DAS MARKETING",,"",,"",,,,,,,,0,,,,,West Bengal
,"ANNAPURNA DIST",,,"SOVABAZAR",AVIJIT CHATTERJEE,Y,0,,0,N,0,,D,"",,"",,"",,,,,,,,0,,,,,West Bengal
,"ANNAPURNA STORE",,BAGHAJATIN,"BAGHAJATIN",SUBRATA DAS,Y,0,,0,N,0,,R,"TRIPTI ENT",,"",,"",,,,,,,,0,,,,,West Bengal
,"ANU STORE",,JADAVPUR,"JADAVPUR",SUBRATA DAS,Y,0,,0,N,0,,R,"RAJMITA ENT",,"",,"",,,,,,,,0,,,,,West Bengal
,"ANUKUL STORES",,ANANDAPUR,"ANANDAPUR",SUBRATA DAS,Y,0,,0,N,0,,R,"ADDYA AGENCY",,"",,"",,,,,,,,0,,,,,West Bengal
,"ANUPAM STORES",,JADHAVPUR BAZAR,"JADHAVPUR BAZAR",SUBRATA DAS,Y,0,,0,N,0,,R,"M.M.ENT",,"",,"",,,,,,,,0,,,,,West Bengal
,"ANUSHREE ENT",,PICNIC GARDEN,"PICNIC GARDEN",SUBRATA DAS,Y,0,,0,N,0,,D,"",,"",,"",,,,,,,,0,,,,,West Bengal
,"APARNA TEA",,SALIMPUR LANE,"SALIMPUR LANE",SUBRATA DAS,Y,0,,0,N,0,,R,"DAS MARKETING",,"",,"",,,,,,,,0,,,,,West Bengal
,"APON SHOP",,LAKE GARGEN,"LAKE GARGEN",SUBRATA DAS,Y,0,,0,N,0,,R,"M.M.ENT",,"",,"",,,,,,,,0,,,,,West Bengal
,"APPAYAN",,GANGULI BAGAN,"GANGULI BAGAN",SUBRATA DAS,Y,0,,0,N,0,,R,"TRIPTI ENT",,"",,"",,,,,,,,0,,,,,West Bengal
,"ARABINDA ENTERPRISE",,NALINI NAGAR,"NALINI NAGAR",SUBRATA DAS,Y,0,,0,N,0,,R,"ADDYA AGENCY",,"",,"",,,,,,,,0,,,,,West Bengal
,"ARABINDA PAN SHOP",,LAKE GARGEN,"LAKE GARGEN",SUBRATA DAS,Y,0,,0,N,0,,R,"M.M.ENT",,"",,"",,,,,,,,0,,,,,West Bengal
,"ARATI STORES",,PICNIC GARDEN,"PICNIC GARDEN",SUBRATA DAS,Y,0,,0,N,0,,R,"ANUSHREE ENT",,"",,"",,,,,,,,0,,,,,West Bengal
,"ARATI STORES",,JADHAVPUR GARDEN ROA,"JADHAVPUR GARDEN ROAD",SUBRATA DAS,Y,0,,0,N,0,,R,"M.M.ENT",,"",,"",,,,,,,,0,,,,,West Bengal
,"ARBIND",,ANANDAPUR,"ANANDAPUR",SUBRATA DAS,Y,0,,0,N,0,,R,"MA SARADA ENT",,"",,"",,,,,,,,0,,,,,West Bengal
,"ARITRA COMMUNICATION",,B.B CHATTERJEE ROAD,"B.B CHATTERJEE ROAD",SUBRATA DAS,Y,0,,0,N,0,,R,"DAS MARKETING",,"",,"",,,,,,,,0,,,,,West Bengal
,"ARUN SHAW",,RAIPUR ROAD,"RAIPUR ROAD",SUBRATA DAS,Y,0,,0,N,0,,R,"SHIB TRADERS",,"",,"",,,,,,,,0,,,,,West Bengal
,"ARUN TEA",,JADHAVPUR BAZAR,"JADHAVPUR BAZAR",SUBRATA DAS,Y,0,,0,N,0,,R,"M.M.ENT",,"",,"",,,,,,,,0,,,,,West Bengal
,"ARUP STORE",,SANTOSHPUR,"SANTOSHPUR",SUBRATA DAS,Y,0,,0,N,0,,R,"DAS MARKETING",,"",,"",,,,,,,,0,,,,,West Bengal
,"ARYAN STORE",,ANANDAPUR,"ANANDAPUR",SUBRATA DAS,Y,0,,0,N,0,,R,"MA SARADA ENT",,"",,"",,,,,,,,0,,,,,West Bengal
,"ASHA STORE",,SIBAJI ROAD,"SIBAJI ROAD",SUBRATA DAS,Y,0,,0,N,0,,R,"TRIPTI ENT",,"",,"",,,,,,,,0,,,,,West Bengal
,"ASHA STORES",,PURNA DAS ROAD,"PURNA DAS ROAD",SUBRATA DAS,Y,0,,0,N,0,,R,"ANUSHREE ENT",,"",,"",,,,,,,,0,,,,,West Bengal
,"ASHA STORES",,JODHPUR,"JODHPUR",SUBRATA DAS,Y,0,,0,N,0,,R,"M.M.ENT",,"",,"",,,,,,,,0,,,,,West Bengal
,"ASHIRBAD",,NAKTALA,"NAKTALA",SUBRATA DAS,Y,0,,0,N,0,,R,"TRIPTI ENT",,"",,"",,,,,,,,0,,,,,West Bengal
,"ASHIRBAD",,ANANDAPUR,"ANANDAPUR",SUBRATA DAS,Y,0,,0,N,0,,R,"MA SARADA ENT",,"",,"",,,,,,,,0,,,,,West Bengal
,"ASHIRBAD VARIETY",,BAGHAJATIN,"BAGHAJATIN",SUBRATA DAS,Y,0,,0,N,0,,R,"SHIB TRADERS",,"",,"",,,,,,,,0,,,,,West Bengal
,"ASHIS STORES",,GARFA main road,"GARFA MAIN ROAD",SUBRATA DAS,Y,0,,0,N,0,,R,"DAS MARKETING",,"",,"",,,,,,,,0,,,,,West Bengal
,"ASHOK GUPTA",,GOBINDAPUR,"GOBINDAPUR",SUBRATA DAS,Y,0,,0,N,0,,R,"M.M.ENT",,"",,"",,,,,,,,0,,,,,West Bengal
,"ASHOK MODOK",,JAHURA BAZAR,"JAHURA BAZAR",SUBRATA DAS,Y,0,,0,N,0,,R,"DAS MARKETING",,"",,"",,,,,,,,0,,,,,West Bengal
,"ASHOK PAUL",,K.N SEN ROAD,"K.N SEN ROAD",SUBRATA DAS,Y,0,,0,N,0,,R,"ANUSHREE ENT",,"",,"",,,,,,,,0,,,,,West Bengal
,"ASIT STORE",,SANTOSHPUR,"SANTOSHPUR",SUBRATA DAS,Y,0,,0,N,0,,R,"DAS MARKETING",,"",,"",,,,,,,,0,,,,,West Bengal
,"ASMITA STORES",,ANANDAPUR,"ANANDAPUR",SUBRATA DAS,Y,0,,0,N,0,,R,"ADDYA AGENCY",,"",,"",,,,,,,,0,,,,,West Bengal
,"ASTAMI PAN STALL",,ANANDAPUR,"ANANDAPUR",SUBRATA DAS,Y,0,,0,N,0,,R,"ADDYA AGENCY",,"",,"",,,,,,,,0,,,,,West Bengal
,"AVIJIT CONFECTIONARY",,DR.D.D. RAHAMAN ROAD,"DR.D.D. RAHAMAN ROAD",SUBRATA DAS,Y,0,,0,N,0,,R,"M.M.ENT",,"",,"",,,,,,,,0,,,,,West Bengal
,"AYAN ENT",,,"SONARPUR",DIBYENDU BASAK,Y,0,,0,N,0,,D,"",,"",,"",,,,,,,,0,,,,,West Bengal
,"AYNANNYA STORES",,PLAM AVE,"PLAM AVE",SUBRATA DAS,Y,0,,0,N,0,,R,"ANUSHREE ENT",,"",,"",,,,,,,,0,,,,,West Bengal
,"B C KAYAL",,BALLYGANJE GARIAHAT,"BALLYGANJE GARIAHAT",SUBRATA DAS,Y,0,,0,N,0,,R,"ANUSHREE ENT",,"",,"",,,,,,,,0,,,,,West Bengal
,"B D SINGH",,HAZRA ROAD,"HAZRA ROAD",SUBRATA DAS,Y,0,,0,N,0,,R,"ANUSHREE ENT",,"",,"",,,,,,,,0,,,,,West Bengal
,"B. BHOWMIK",,BANI BANERJEE AVENUE,"BANI BANERJEE AVENUE",SUBRATA DAS,Y,0,,0,N,0,,R,"DAS MARKETING",,"",,"",,,,,,,,0,,,,,West Bengal
,"B.D.ENT",,,"RAJPUR",DIBYENDU BASAK,Y,0,,0,N,0,,D,"",,"",,"",,,,,,,,0,,,,,West Bengal
,"B.K STORES",,MAHARAJA TAGORE ROAD,"MAHARAJA TAGORE ROAD",SUBRATA DAS,Y,0,,0,N,0,,R,"M.M.ENT",,"",,"",,,,,,,,0,,,,,West Bengal
,"B.N STORES",,R.R. PLOT,"R.R. PLOT",SUBRATA DAS,Y,0,,0,N,0,,R,"ADDYA AGENCY",,"",,"",,,,,,,,0,,,,,West Bengal
,"BABA LOKHNATH STORE",,DR.G.S BOSE ROAD,"DR.G.S BOSE ROAD",SUBRATA DAS,Y,0,,0,N,0,,R,"ANUSHREE ENT",,"",,"",,,,,,,,0,,,,,West Bengal
,"BABA LOKHNATH STORES",,DHAKURIA EAST ROAD,"DHAKURIA EAST ROAD",SUBRATA DAS,Y,0,,0,N,0,,R,"DAS MARKETING",,"",,"",,,,,,,,0,,,,,West Bengal
,"BABA LOKHNATH STORES",,R.N.DAS RD,"R.N.DAS RD",SUBRATA DAS,Y,0,,0,N,0,,R,"DAS MARKETING",,"",,"",,,,,,,,0,,,,,West Bengal
,"BABA VARIETY STORES",,SAHID NAGAR,"SAHID NAGAR",SUBRATA DAS,Y,0,,0,N,0,,R,"DAS MARKETING",,"",,"",,,,,,,,0,,,,,West Bengal
,"BABLU SWEET",,JADHAVPUR,"JADHAVPUR",SUBRATA DAS,Y,0,,0,N,0,,R,"M.M.ENT",,"",,"",,,,,,,,0,,,,,West Bengal
,"BABU PAN SHOP",,LAKE GARDEN,"LAKE GARDEN",SUBRATA DAS,Y,0,,0,N,0,,R,"M.M.ENT",,"",,"",,,,,,,,0,,,,,West Bengal
,"BABY STORES",,PRINCE GOLAM MAHAMMA,"PRINCE GOLAM MAHAMMAD SAHA ROAD",SUBRATA DAS,Y,0,,0,N,0,,R,"M.M.ENT",,"",,"",,,,,,,,0,,,,,West Bengal
,"BAHAR PAN",,GARFA main road,"GARFA MAIN ROAD",SUBRATA DAS,Y,0,,0,N,0,,R,"DAS MARKETING",,"",,"",,,,,,,,0,,,,,West Bengal
,"BAJRANBALI STORES",,B.P TOWNSHIP,"B.P TOWNSHIP",SUBRATA DAS,Y,0,,0,N,0,,R,"MA KALI ENT",,"",,"",,,,,,,,0,,,,,West Bengal
,"BALAJI GENERAL STORE",,PICNIC GARDEN ROAD,"PICNIC GARDEN ROAD",SUBRATA DAS,Y,0,,0,N,0,,R,"ANUSHREE ENT",,"",,"",,,,,,,,0,,,,,West Bengal
,"BALAJI TRADING",,,"HARIDEVPUR",SUJIT SARKAR,Y,0,,0,N,0,,D,"",,"",,"",,,,,,,,0,,,,,West Bengal
,"BANARASI BHANDAR",,HALTU,"HALTU",SUBRATA DAS,Y,0,,0,N,0,,R,"DAS MARKETING",,"",,"",,,,,,,,0,,,,,West Bengal
,"BANARASI PAN",,V.I.P NAGAR,"V.I.P NAGAR",SUBRATA DAS,Y,0,,0,N,0,,R,"MA SARADA ENT",,"",,"",,,,,,,,0,,,,,West Bengal
,"BANIK VARIETY STORE",,SRI COLONY BAZAR ROA,"SRI COLONY BAZAR ROAD",SUBRATA DAS,Y,0,,0,N,0,,R,"RAJMITA ENT",,"",,"",,,,,,,,0,,,,,West Bengal
,"BAPI STORE",,SERVEY PARK,"SERVEY PARK",SUBRATA DAS,Y,0,,0,N,0,,R,"DAS MARKETING",,"",,"",,,,,,,,0,,,,,West Bengal
,"BAPI STORES",,SAHID NAGAR,"SAHID NAGAR",SUBRATA DAS,Y,0,,0,N,0,,R,"DAS MARKETING",,"",,"",,,,,,,,0,,,,,West Bengal
,"BAPI STORES",,SAHIDNAGAR,"SAHIDNAGAR",SUBRATA DAS,Y,0,,0,N,0,,R,"DAS MARKETING",,"",,"",,,,,,,,0,,,,,West Bengal
,"BAPPA STORE",,MORDERN PARK,"MORDERN PARK",SUBRATA DAS,Y,0,,0,N,0,,R,"DAS MARKETING",,"",,"",,,,,,,,0,,,,,West Bengal
,"BAPPA STORES",,V.I.P NAGAR,"V.I.P NAGAR",SUBRATA DAS,Y,0,,0,N,0,,R,"ANUSHREE ENT",,"",,"",,,,,,,,0,,,,,West Bengal
,"BARNALI STORE",,KS ROY ROAD,"KS ROY ROAD",SUBRATA DAS,Y,0,,0,N,0,,R,"SHIB TRADERS",,"",,"",,,,,,,,0,,,,,West Bengal
,"BASANA STORES",,,"BIJOY GARH",SUBRATA DAS,Y,0,,0,N,0,,R,"SHIB TRADERS",,"",,"",,,,,,,,0,,,,,West Bengal
,"BASANTI STORES",,RAMGARH,"RAMGARH",SUBRATA DAS,Y,0,,0,N,0,,R,"TRIPTI ENT",,"",,"",,,,,,,,0,,,,,West Bengal
,"BASANTI STORES",,BAISNABGHATA,"BAISNABGHATA",SUBRATA DAS,Y,0,,0,N,0,,R,"TRIPTI ENT",,"",,"",,,,,,,,0,,,,,West Bengal
,"BASANTI VARIETY",,,"JULPIA",DIBYENDU BASAK,Y,0,,0,N,0,,D,"",,"",,"",,,,,,,,0,,,,,West Bengal
,"BASHAK",,RAMGARH,"RAMGARH",SUBRATA DAS,Y,0,,0,N,0,,R,"TRIPTI ENT",,"",,"",,,,,,,,0,,,,,West Bengal
,"BENARASHI PAN",,EKDALIA ROAD,"EKDALIA ROAD",SUBRATA DAS,Y,0,,0,N,0,,R,"ANUSHREE ENT",,"",,"",,,,,,,,0,,,,,West Bengal
,"BENARASHI PAN",,BANDEL ROAD,"BANDEL ROAD",SUBRATA DAS,Y,0,,0,N,0,,R,"ANUSHREE ENT",,"",,"",,,,,,,,0,,,,,West Bengal
,"BHADRA VARIETY STORES",,GARFA main road,"GARFA MAIN ROAD",SUBRATA DAS,Y,0,,0,N,0,,R,"DAS MARKETING",,"",,"",,,,,,,,0,,,,,West Bengal
,"BHAGABAN DAS",,JHILL RD PAUL BAZAR,"JHILL RD PAUL BAZAR",SUBRATA DAS,Y,0,,0,N,0,,R,"DAS MARKETING",,"",,"",,,,,,,,0,,,,,West Bengal
,"BHAGABATI STORES",,,"BRAMHAPUR BADAMTALA",SUBRATA DAS,Y,0,,0,N,0,,R,"TRIPTI ENT",,"",,"",,,,,,,,0,,,,,West Bengal
,"BHAI BHAI STORES",,CRONFIELD ROAD,"CRONFIELD ROAD",SUBRATA DAS,Y,0,,0,N,0,,R,"ANUSHREE ENT",,"",,"",,,,,,,,0,,,,,West Bengal
,"BHIM STORES",,SALIMPUR ROAD,"SALIMPUR ROAD",SUBRATA DAS,Y,0,,0,N,0,,R,"M.M.ENT",,"",,"",,,,,,,,0,,,,,West Bengal
,"BHOLA PAN SHOP",,PRINCE ANWAR SHAH RO,"PRINCE ANWAR SHAH ROAD",SUBRATA DAS,Y,0,,0,N,0,,R,"M.M.ENT",,"",,"",,,,,,,,0,,,,,West Bengal
,"BHOLA SANKAR",,JADU BAZAR,"JADU BAZAR",SUBRATA DAS,Y,0,,0,N,0,,R,"M.S.ENT",,"",,"",,,,,,,,0,,,,,West Bengal
,"BHOMBAL",,KENDUA RD,"KENDUA RD",SUBRATA DAS,Y,0,,0,N,0,,R,"TRIPTI ENT",,"",,"",,,,,,,,0,,,,,West Bengal
,"BHUJIA SHOP",,NAKTALA,"NAKTALA",SUBRATA DAS,Y,0,,0,N,0,,R,"TRIPTI ENT",,"",,"",,,,,,,,0,,,,,West Bengal
,"BIDHU STORES",,ASUTOSH COLONY,"ASUTOSH COLONY",SUBRATA DAS,Y,0,,0,N,0,,R,"DAS MARKETING",,"",,"",,,,,,,,0,,,,,West Bengal
,"BIJALI STORES",,GARFA,"GARFA",SUBRATA DAS,Y,0,,0,N,0,,R,"DAS MARKETING",,"",,"",,,,,,,,0,,,,,West Bengal
,"BIJON STORES",,JHILL ROAD,"JHILL ROAD",SUBRATA DAS,Y,0,,0,N,0,,R,"DAS MARKETING",,"",,"",,,,,,,,0,,,,,West Bengal
,"BIJOY KUMAR",,KASBA NEW MARKET,"KASBA NEW MARKET",SUBRATA DAS,Y,0,,0,N,0,,R,"DAS MARKETING",,"",,"",,,,,,,,0,,,,,West Bengal
,"BIKASH BHANDAR",,RAJENDRA PRASADCOLO,"RAJENDRA PRASADCOLONEY",SUBRATA DAS,Y,0,,0,N,0,,R,"M.M.ENT",,"",,"",,,,,,,,0,,,,,West Bengal
,"BIMAL STORES",,GANGULI BAGAN,"GANGULI BAGAN",SUBRATA DAS,Y,0,,0,N,0,,R,"TRIPTI ENT",,"",,"",,,,,,,,0,,,,,West Bengal
,"BIMAL STORES",,SELIMPUR,"SELIMPUR",SUBRATA DAS,Y,0,,0,N,0,,R,"DAS MARKETING",,"",,"",,,,,,,,0,,,,,West Bengal
,"BIMAL STORES",,,"MUKUNDAPUR",SUBRATA DAS,Y,0,,0,N,0,,R,"ADDYA AGENCY",,"",,"",,,,,,,,0,,,,,West Bengal
,"BIMAL STORES",,DHAKURIA STN ROAD,"DHAKURIA STN ROAD",SUBRATA DAS,Y,0,,0,N,0,,R,"SHIB TRADERS",,"",,"",,,,,,,,0,,,,,West Bengal
,"BINA STORE",,SANTOSHPUR,"SANTOSHPUR",SUBRATA DAS,Y,0,,0,N,0,,R,"DAS MARKETING",,"",,"",,,,,,,,0,,,,,West Bengal
,"BINDAY STORE",,,"ASG RD",SUBRATA DAS,Y,0,,0,N,0,,R,"DAS MARKETING",,"",,"",,,,,,,,0,,,,,West Bengal
,"BINDE STORES",,KALUPARA ROAD,"KALUPARA ROAD",SUBRATA DAS,Y,0,,0,N,0,,R,"DAS MARKETING",,"",,"",,,,,,,,0,,,,,West Bengal
,"BINDHYA BANSHI",,BANDEL ROAD,"BANDEL ROAD",SUBRATA DAS,Y,0,,0,N,0,,R,"ANUSHREE ENT",,"",,"",,,,,,,,0,,,,,West Bengal
,"BIPUL STORES",,LAKE EAST ROAD,"LAKE EAST ROAD",SUBRATA DAS,Y,0,,0,N,0,,R,"MA KALI ENT",,"",,"",,,,,,,,0,,,,,West Bengal
,"BISWAJIT VARIETY",,AHALLA NAGAR,"AHALLA NAGAR",SUBRATA DAS,Y,0,,0,N,0,,R,"ADDYA AGENCY",,"",,"",,,,,,,,0,,,,,West Bengal
,"BISWAS VARIETY",,MISHAN MARKET,"MISHAN MARKET",SUBRATA DAS,Y,0,,0,N,0,,R,"ADDYA AGENCY",,"",,"",,,,,,,,0,,,,,West Bengal
,"BONITA ENT",,,"SONARPUR",DIBYENDU BASAK,Y,0,,0,N,0,,D,"",,"",,"",,,,,,,,0,,,,,West Bengal
,"BUBAI STORES",,EAST RAJAPUR,"EAST RAJAPUR",SUBRATA DAS,Y,0,,0,N,0,,R,"MA KALI ENT",,"",,"",,,,,,,,0,,,,,West Bengal
,"BUDGET STORES",,A B.B CHATTERJEE ROA,"A B.B CHATTERJEE ROAD",SUBRATA DAS,Y,0,,0,N,0,,R,"DAS MARKETING",,"",,"",,,,,,,,0,,,,,West Bengal
,"BUJA STORES",,BAKULTAL LANE,"BAKULTAL LANE",SUBRATA DAS,Y,0,,0,N,0,,R,"ANUSHREE ENT",,"",,"",,,,,,,,0,,,,,West Bengal
,"BURI MAA BHANDER",,RAMGARH,"RAMGARH",SUBRATA DAS,Y,0,,0,N,0,,R,"TRIPTI ENT",,"",,"",,,,,,,,0,,,,,West Bengal
,"BURIMA VARIETY",,RAMGARH,"RAMGARH",SUBRATA DAS,Y,0,,0,N,0,,R,"TRIPTI ENT",,"",,"",,,,,,,,0,,,,,West Bengal
,"C G COM",,KALIBARI LANE,"KALIBARI LANE",SUBRATA DAS,Y,0,,0,N,0,,R,"SHIB TRADERS",,"",,"",,,,,,,,0,,,,,West Bengal
,"C SARDAR",,PANCHANANTALA,"PANCHANANTALA",SUBRATA DAS,Y,0,,0,N,0,,R,"ANUSHREE ENT",,"",,"",,,,,,,,0,,,,,West Bengal
,"CHAKUM CHAKUM",,P ANWAR SHAH ROAD,"P ANWAR SHAH ROAD",SUBRATA DAS,Y,0,,0,N,0,,R,"M.M.ENT",,"",,"",,,,,,,,0,,,,,West Bengal
,"CHAYANIKA",,BEDIA DANGA,"BEDIA DANGA",SUBRATA DAS,Y,0,,0,N,0,,R,"ANUSHREE ENT",,"",,"",,,,,,,,0,,,,,West Bengal
,"CHOTKA DAS",,SREE COLONY,"SREE COLONY",SUBRATA DAS,Y,0,,0,N,0,,R,"SHIB TRADERS",,"",,"",,,,,,,,0,,,,,West Bengal
,"CHOWDHURY STORES",,RAMGARH,"RAMGARH",SUBRATA DAS,Y,0,,0,N,0,,R,"TRIPTI ENT",,"",,"",,,,,,,,0,,,,,West Bengal
,"CHOWDHURY VARIETY STORES",,HOSSAINPUR,"HOSSAINPUR",SUBRATA DAS,Y,0,,0,N,0,,R,"ADDYA AGENCY",,"",,"",,,,,,,,0,,,,,West Bengal
,"CITY COLLECTION",,LAKE GARDEN,"LAKE GARDEN",SUBRATA DAS,Y,0,,0,N,0,,R,"M.M.ENT",,"",,"",,,,,,,,0,,,,,West Bengal
,"CIVIC BUILDERS",,KASBA NEW MARKET,"KASBA NEW MARKET",SUBRATA DAS,Y,0,,0,N,0,,R,"DAS MARKETING",,"",,"",,,,,,,,0,,,,,West Bengal
,"COMPUTER ART",,SALIMPUR ROAD,"SALIMPUR ROAD",SUBRATA DAS,Y,0,,0,N,0,,R,"DAS MARKETING",,"",,"",,,,,,,,0,,,,,West Bengal
,"D SHAW",,SALIMPUR ROAD,"SALIMPUR ROAD",SUBRATA DAS,Y,0,,0,N,0,,R,"M.M.ENT",,"",,"",,,,,,,,0,,,,,West Bengal
,"D.B NAG",,BB CHATTERJEE ROAD,"BB CHATTERJEE ROAD",SUBRATA DAS,Y,0,,0,N,0,,R,"DAS MARKETING",,"",,"",,,,,,,,0,,,,,West Bengal
,"D.GHOSE",,DHARMATALA ROAD,"DHARMATALA ROAD",SUBRATA DAS,Y,0,,0,N,0,,R,"ANUSHREE ENT",,"",,"",,,,,,,,0,,,,,West Bengal
,"D.K STORE",,SANTOSHPUR,"SANTOSHPUR",SUBRATA DAS,Y,0,,0,N,0,,R,"DAS MARKETING",,"",,"",,,,,,,,0,,,,,West Bengal
,"D.K. STORES",,SWIN HU LANE,"SWIN HU LANE",SUBRATA DAS,Y,0,,0,N,0,,R,"ANUSHREE ENT",,"",,"",,,,,,,,0,,,,,West Bengal
,"D.P SHAW",,SALIMPUR ROAD,"SALIMPUR ROAD",SUBRATA DAS,Y,0,,0,N,0,,R,"DAS MARKETING",,"",,"",,,,,,,,0,,,,,West Bengal
,"DAILY CHOICE",,SREE COLONY,"SREE COLONY",SUBRATA DAS,Y,0,,0,N,0,,R,"SHIB TRADERS",,"",,"",,,,,,,,0,,,,,West Bengal
,"DAINIK SAMMILANI",,SAMMILANI PARK,"SAMMILANI PARK",SUBRATA DAS,Y,0,,0,N,0,,R,"MA KALI ENT",,"",,"",,,,,,,,0,,,,,West Bengal
,"DAS BROTHERS",,RAIPUR ROADGANGULI ,"RAIPUR ROADGANGULI BAGAN",SUBRATA DAS,Y,0,,0,N,0,,R,"SHIB TRADERS",,"",,"",,,,,,,,0,,,,,West Bengal
,"DAS ENTERPRISE",,DR.G.S BOSE ROAD,"DR.G.S BOSE ROAD",SUBRATA DAS,Y,0,,0,N,0,,R,"ANUSHREE ENT",,"",,"",,,,,,,,0,,,,,West Bengal
,"DAS MARKETING",,KASHBA,"KASHBA",SUBRATA DAS,Y,0,,0,N,0,,D,"",,"",,"",,,,,,,,0,,,,,West Bengal
,"DAS STORES",,EAST RAJAPUR,"EAST RAJAPUR",SUBRATA DAS,Y,0,,0,N,0,,R,"MA KALI ENT",,"",,"",,,,,,,,0,,,,,West Bengal
,"DAS STORES",,JODHPUR GARDEN,"JODHPUR GARDEN",SUBRATA DAS,Y,0,,0,N,0,,R,"M.M.ENT",,"",,"",,,,,,,,0,,,,,West Bengal
,"DAS VARIETY",,RAJAPUR,"RAJAPUR",SUBRATA DAS,Y,0,,0,N,0,,R,"MA KALI ENT",,"",,"",,,,,,,,0,,,,,West Bengal
,"DAS VARIETY",,V.I.P NAGAR,"V.I.P NAGAR",SUBRATA DAS,Y,0,,0,N,0,,R,"MA SARADA ENT",,"",,"",,,,,,,,0,,,,,West Bengal
,"DASAGENCY",,,"GORABAZAR",PRASUN DUTTA,Y,0,,0,N,0,,D,"",,"",,"",,,,,,,,0,,,,,West Bengal
,"DASAKARMA BHANDAR",,CHARUCHANDRA EAST RO,"CHARUCHANDRA EAST ROAD",SUBRATA DAS,Y,0,,0,N,0,,R,"M.M.ENT",,"",,"",,,,,,,,0,,,,,West Bengal
,"DAYA ST",,V.I.P NAGAR,"V.I.P NAGAR",SUBRATA DAS,Y,0,,0,N,0,,R,"MA SARADA ENT",,"",,"",,,,,,,,0,,,,,West Bengal
,"DAYAMAYI",,NEW RAIPUR,"NEW RAIPUR",SUBRATA DAS,Y,0,,0,N,0,,R,"MA KALI ENT",,"",,"",,,,,,,,0,,,,,West Bengal
,"DEB ROY ENTERPRISE",,VIDHYASAGAR COLONEY,"VIDHYASAGAR COLONEY",SUBRATA DAS,Y,0,,0,N,0,,R,"SHIB TRADERS",,"",,"",,,,,,,,0,,,,,West Bengal
,"DEBAKAR STORES",,SALIMPUR ROAD,"SALIMPUR ROAD",SUBRATA DAS,Y,0,,0,N,0,,R,"M.M.ENT",,"",,"",,,,,,,,0,,,,,West Bengal
,"DEBENDRA",,ANANDAPUR,"ANANDAPUR",SUBRATA DAS,Y,0,,0,N,0,,R,"MA SARADA ENT",,"",,"",,,,,,,,0,,,,,West Bengal
,"DEBI STORES",,UTTARV PURBACHALROA,"UTTARV PURBACHALROAD",SUBRATA DAS,Y,0,,0,N,0,,R,"DAS MARKETING",,"",,"",,,,,,,,0,,,,,West Bengal
,"DEBNATH VARIETY",,UTTAR PURBACHAL ROAD,"UTTAR PURBACHAL ROAD",SUBRATA DAS,Y,0,,0,N,0,,R,"DAS MARKETING",,"",,"",,,,,,,,0,,,,,West Bengal
,"DEBNATH VARIETY",,STADIUM NAGAR,"STADIUM NAGAR",SUBRATA DAS,Y,0,,0,N,0,,R,"ADDYA AGENCY",,"",,"",,,,,,,,0,,,,,West Bengal
,"DEBRUP",,BAGHAJATIN,"BAGHAJATIN",SUBRATA DAS,Y,0,,0,N,0,,R,"TRIPTI ENT",,"",,"",,,,,,,,0,,,,,West Bengal
,"DEBU STORE",,NSC BOSE ROAD,"NSC BOSE ROAD",SUBRATA DAS,Y,0,,0,N,0,,R,"TRIPTI ENT",,"",,"",,,,,,,,0,,,,,West Bengal
,"DEBU STORES",,LAKE EAST ROAD,"LAKE EAST ROAD",SUBRATA DAS,Y,0,,0,N,0,,R,"MA KALI ENT",,"",,"",,,,,,,,0,,,,,West Bengal
,"DELTA ENTERPRISE",,NAKTALA ROAD,"NAKTALA ROAD",SUBRATA DAS,Y,0,,0,N,0,,R,"TRIPTI ENT",,"",,"",,,,,,,,0,,,,,West Bengal
,"DEPAK STORE",,ANANDAPUR,"ANANDAPUR",SUBRATA DAS,Y,0,,0,N,0,,R,"MA SARADA ENT",,"",,"",,,,,,,,0,,,,,West Bengal
,"DEY & SONS",,RAJA S C MALLICK ROA,"RAJA S C MALLICK ROAD",SUBRATA DAS,Y,0,,0,N,0,,R,"TRIPTI ENT",,"",,"",,,,,,,,0,,,,,West Bengal
,"DEYS HOME DELIVERY",,RAHIM MUSTAFA ROAD,"RAHIM MUSTAFA ROAD",SUBRATA DAS,Y,0,,0,N,0,,R,"M.M.ENT",,"",,"",,,,,,,,0,,,,,West Bengal
,"DHAKA STORE",,BAGHAJATIN,"BAGHAJATIN",SUBRATA DAS,Y,0,,0,N,0,,R,"RAJMITA ENT",,"",,"",,,,,,,,0,,,,,West Bengal
,"DHANNANTARI BHANDER",,HALTU,"HALTU",SUBRATA DAS,Y,0,,0,N,0,,R,"DAS MARKETING",,"",,"",,,,,,,,0,,,,,West Bengal
,"DHARAM PAUL",,ANANDAPUR,"ANANDAPUR",SUBRATA DAS,Y,0,,0,N,0,,R,"MA SARADA ENT",,"",,"",,,,,,,,0,,,,,West Bengal
,"DILBAR PAN SHOP",,ANANDAPUR,"ANANDAPUR",SUBRATA DAS,Y,0,,0,N,0,,R,"ADDYA AGENCY",,"",,"",,,,,,,,0,,,,,West Bengal
,"DILIP BHANDAR STALL-13",,RASHBIHARI AVENEUE,"RASHBIHARI AVENEUE",SUBRATA DAS,Y,0,,0,N,0,,R,"RANJIT SAMANTA",,"",,"",,,,,,,,0,,,,,West Bengal
,"DIN PRATIDIN",,17 B AVENUE EASTKOL,"17 B AVENUE EASTKOL-75",SUBRATA DAS,Y,0,,0,N,0,,R,"MA KALI ENT",,"",,"",,,,,,,,0,,,,,West Bengal
,"DINESH SHOW",,ANANDAPUR,"ANANDAPUR",SUBRATA DAS,Y,0,,0,N,0,,R,"MA SARADA ENT",,"",,"",,,,,,,,0,,,,,West Bengal
,"DIPAK STORES",,ANANDAPUR,"ANANDAPUR",SUBRATA DAS,Y,0,,0,N,0,,R,"ADDYA AGENCY",,"",,"",,,,,,,,0,,,,,West Bengal
,"DIPAK STORES",,DR.G.S BOSE ROAD,"DR.G.S BOSE ROAD",SUBRATA DAS,Y,0,,0,N,0,,R,"ANUSHREE ENT",,"",,"",,,,,,,,0,,,,,West Bengal
,"DIPANJAN STORES",,SREE COLONY,"SREE COLONY",SUBRATA DAS,Y,0,,0,N,0,,R,"SHIB TRADERS",,"",,"",,,,,,,,0,,,,,West Bengal
,"DIPU STORES",,VIVEK NAGAR,"VIVEK NAGAR",SUBRATA DAS,Y,0,,0,N,0,,R,"DAS MARKETING",,"",,"",,,,,,,,0,,,,,West Bengal
,"DK STORES",,SWIN HULANE,"SWIN HULANE",SUBRATA DAS,Y,0,,0,N,0,,R,"ANUSHREE ENT",,"",,"",,,,,,,,0,,,,,West Bengal
,"DKD VARIETY",,LAL BAHADUR SHASTRI ,"LAL BAHADUR SHASTRI ROAD",SUBRATA DAS,Y,0,,0,N,0,,R,"DAS MARKETING",,"",,"",,,,,,,,0,,,,,West Bengal
,"DOLA STORE",,SANTOSHPUR,"SANTOSHPUR",SUBRATA DAS,Y,0,,0,N,0,,R,"DAS MARKETING",,"",,"",,,,,,,,0,,,,,West Bengal
,"DP SHAW",,SALIMPUR ROAD,"SALIMPUR ROAD",SUBRATA DAS,Y,0,,0,N,0,,R,"DAS MARKETING",,"",,"",,,,,,,,0,,,,,West Bengal
,"DUTTA BHANDER",,BAGHAJATIN,"BAGHAJATIN",SUBRATA DAS,Y,0,,0,N,0,,R,"SHIB TRADERS",,"",,"",,,,,,,,0,,,,,West Bengal
,"DUTTA ENTERPRISE",,GARFA main road,"GARFA MAIN ROAD",SUBRATA DAS,Y,0,,0,N,0,,R,"DAS MARKETING",,"",,"",,,,,,,,0,,,,,West Bengal
,"DUTTA STORE",,GANGULI BAGAN,"GANGULI BAGAN",SUBRATA DAS,Y,0,,0,N,0,,R,"TRIPTI ENT",,"",,"",,,,,,,,0,,,,,West Bengal
,"DUTTA STORES",,HALTU,"HALTU",SUBRATA DAS,Y,0,,0,N,0,,R,"DAS MARKETING",,"",,"",,,,,,,,0,,,,,West Bengal
,"DUTTA STORES",,JODHPUR GARDEN,"JODHPUR GARDEN",SUBRATA DAS,Y,0,,0,N,0,,R,"M.M.ENT",,"",,"",,,,,,,,0,,,,,West Bengal
,"FANCY ST",,,"MUKUNDAPUR",SUBRATA DAS,Y,0,,0,N,0,,R,"ADDYA AGENCY",,"",,"",,,,,,,,0,,,,,West Bengal
,"FANCY STORES",,DR.G.S BOSE ROAD,"DR.G.S BOSE ROAD",SUBRATA DAS,Y,0,,0,N,0,,R,"ANUSHREE ENT",,"",,"",,,,,,,,0,,,,,West Bengal
,"FANTACY CORNER",,B.B CHATTERJEE ROAD,"B.B CHATTERJEE ROAD",SUBRATA DAS,Y,0,,0,N,0,,R,"DAS MARKETING",,"",,"",,,,,,,,0,,,,,West Bengal
,"FMCG ENT",,,"MAHESHTALA",DIBYENDU BASAK,Y,0,,0,N,0,,D,"",,"",,"",,,,,,,,0,,,,,West Bengal
,"FOODISH SHOP",,GARFA main road,"GARFA MAIN ROAD",SUBRATA DAS,Y,0,,0,N,0,,R,"DAS MARKETING",,"",,"",,,,,,,,0,,,,,West Bengal
,"FUSION",,NATAL PARK,"NATAL PARK",SUBRATA DAS,Y,0,,0,N,0,,R,"ANUSHREE ENT",,"",,"",,,,,,,,0,,,,,West Bengal
,"G A SHAW",,GARIAHAT ROAD DHAKU,"GARIAHAT ROAD DHAKURIA",SUBRATA DAS,Y,0,,0,N,0,,R,"SHIB TRADERS",,"",,"",,,,,,,,0,,,,,West Bengal
,"G,D ENTERPRISE",,GARFA main road,"GARFA MAIN ROAD",SUBRATA DAS,Y,0,,0,N,0,,R,"DAS MARKETING",,"",,"",,,,,,,,0,,,,,West Bengal
,"GANAPATI",,R.N .DAS RD,"R.N .DAS RD",SUBRATA DAS,Y,0,,0,N,0,,R,"DAS MARKETING",,"",,"",,,,,,,,0,,,,,West Bengal
,"GANAPATI STORES",,JODHPUR GARDEN ROAD,"JODHPUR GARDEN ROAD",SUBRATA DAS,Y,0,,0,N,0,,R,"M.M.ENT",,"",,"",,,,,,,,0,,,,,West Bengal
,"GANESH",,BALLYGANJE GARDEN,"BALLYGANJE GARDEN",SUBRATA DAS,Y,0,,0,N,0,,R,"ANUSHREE ENT",,"",,"",,,,,,,,0,,,,,West Bengal
,"GANESH STORES",,KAU KULIA ROAD,"KAU KULIA ROAD",SUBRATA DAS,Y,0,,0,N,0,,R,"ANUSHREE ENT",,"",,"",,,,,,,,0,,,,,West Bengal
,"GANESH STORES",,KAUKULIA ROAD,"KAUKULIA ROAD",SUBRATA DAS,Y,0,,0,N,0,,R,"ANUSHREE ENT",,"",,"",,,,,,,,0,,,,,West Bengal
,"GANESH TRADING&CO",,RAMGARH,"RAMGARH",SUBRATA DAS,Y,0,,0,N,0,,R,"TRIPTI ENT",,"",,"",,,,,,,,0,,,,,West Bengal
,"GANGULY VARIETY STORES",,ASHOK ROW,"ASHOK ROW",SUBRATA DAS,Y,0,,0,N,0,,R,"MA KALI ENT",,"",,"",,,,,,,,0,,,,,West Bengal
,"GANILAL SHAW",,BEDIA DANGA,"BEDIA DANGA",SUBRATA DAS,Y,0,,0,N,0,,R,"ANUSHREE ENT",,"",,"",,,,,,,,0,,,,,West Bengal
,"GHAR SANSAR",,HARIPADA DUTTTA LANE,"HARIPADA DUTTTA LANE",SUBRATA DAS,Y,0,,0,N,0,,R,"M.M.ENT",,"",,"",,,,,,,,0,,,,,West Bengal
,"GHOSH BROTHERS",,ANANDA PALLY,"ANANDA PALLY",SUBRATA DAS,Y,0,,0,N,0,,R,"RAJMITA ENT",,"",,"",,,,,,,,0,,,,,West Bengal
,"GHOSH BROTHERS",,BOSE PUKUR ROAD,"BOSE PUKUR ROAD",SUBRATA DAS,Y,0,,0,N,0,,R,"DAS MARKETING",,"",,"",,,,,,,,0,,,,,West Bengal
,"GHOSH ENT",,,"LAKETOWN",PRASUN DUTTA,Y,0,,0,N,0,,D,"",,"",,"",,,,,,,,0,,,,,West Bengal
,"GHOSH FOOD CENTER",,JODHPUR GARDEN,"JODHPUR GARDEN",SUBRATA DAS,Y,0,,0,N,0,,R,"M.M.ENT",,"",,"",,,,,,,,0,,,,,West Bengal
,"GHOSH ICE CREAM CENTER",,BOSE PUKUR ROAD,"BOSE PUKUR ROAD",SUBRATA DAS,Y,0,,0,N,0,,R,"ANUSHREE ENT",,"",,"",,,,,,,,0,,,,,West Bengal
,"GHOSH STORES",,KADAMTALA,"KADAMTALA",SUBRATA DAS,Y,0,,0,N,0,,R,"TRIPTI ENT",,"",,"",,,,,,,,0,,,,,West Bengal
,"GIRI DHARI BHANDER",,PANCHASAYA ROAD,"PANCHASAYA ROAD",SUBRATA DAS,Y,0,,0,N,0,,R,"MA KALI ENT",,"",,"",,,,,,,,0,,,,,West Bengal
,"GITA BHANDER",,KAUKULIA ROAD,"KAUKULIA ROAD",SUBRATA DAS,Y,0,,0,N,0,,R,"ANUSHREE ENT",,"",,"",,,,,,,,0,,,,,West Bengal
,"GITA ENT",,,"GARIA",DIBYENDU BASAK,Y,0,,0,N,0,,D,"",,"",,"",,,,,,,,0,,,,,West Bengal
,"GITA STORES",,ASHUTOSH COLONY,"ASHUTOSH COLONY",SUBRATA DAS,Y,0,,0,N,0,,R,"DAS MARKETING",,"",,"",,,,,,,,0,,,,,West Bengal
,"GITA STORES",,K.K MAJUMDER,"K.K MAJUMDER",SUBRATA DAS,Y,0,,0,N,0,,R,"DAS MARKETING",,"",,"",,,,,,,,0,,,,,West Bengal
,"GITA STORES",,KAU KULIA ROAD,"KAU KULIA ROAD",SUBRATA DAS,Y,0,,0,N,0,,R,"ANUSHREE ENT",,"",,"",,,,,,,,0,,,,,West Bengal
,"GITA VARIETY STORES",,MUKUNDOPUR,"MUKUNDOPUR",SUBRATA DAS,Y,0,,0,N,0,,R,"ADDYA AGENCY",,"",,"",,,,,,,,0,,,,,West Bengal
,"GOBINDA BHANDER",,HALTU,"HALTU",SUBRATA DAS,Y,0,,0,N,0,,R,"DAS MARKETING",,"",,"",,,,,,,,0,,,,,West Bengal
,"GOBINDA BHANDER",,,"MUKUNDAPUR",SUBRATA DAS,Y,0,,0,N,0,,R,"ADDYA AGENCY",,"",,"",,,,,,,,0,,,,,West Bengal
,"GOBINDA DAS STORES",,B .P . TOWN SHIP,"B .P . TOWN SHIP",SUBRATA DAS,Y,0,,0,N,0,,R,"MA KALI ENT",,"",,"",,,,,,,,0,,,,,West Bengal
,"GOBINDA MISTTANNA BHANDAR",,SANGHATI COLONY,"SANGHATI COLONY",SUBRATA DAS,Y,0,,0,N,0,,R,"SHIB TRADERS",,"",,"",,,,,,,,0,,,,,West Bengal
,"GOLAM ANWAR",,BC ROAD,"BC ROAD",SUBRATA DAS,Y,0,,0,N,0,,R,"ANUSHREE ENT",,"",,"",,,,,,,,0,,,,,West Bengal
,"GOLDER STORES",,NABADIGANTA,"NABADIGANTA",SUBRATA DAS,Y,0,,0,N,0,,R,"ADDYA AGENCY",,"",,"",,,,,,,,0,,,,,West Bengal
,"GOOD DAY",,,"TANGRA",AVIJIT CHATTERJEE,Y,0,,0,N,0,,D,"",,"",,"",,,,,,,,0,,,,,West Bengal
,"GOPAL DASS",,AT CHATTERJEE ROAD,"AT CHATTERJEE ROAD",SUBRATA DAS,Y,0,,0,N,0,,R,"SHIB TRADERS",,"",,"",,,,,,,,0,,,,,West Bengal
,"GOPAL HALDER",,,"MOMINPUR",SUJIT SARKAR,Y,0,,0,N,0,,D,"",,"",,"",,,,,,,,0,,,,,West Bengal
,"GOPAL NASKAR",,RAJDANGA MAIN ROAD,"RAJDANGA MAIN ROAD",SUBRATA DAS,Y,0,,0,N,0,,R,"DAS MARKETING",,"",,"",,,,,,,,0,,,,,West Bengal
,"GOPAL STORES",,BIJOYGARH,"BIJOYGARH",SUBRATA DAS,Y,0,,0,N,0,,R,"SHIB TRADERS",,"",,"",,,,,,,,0,,,,,West Bengal
,"GOPAL VARIETY STORES",,LAKE GARDEN,"LAKE GARDEN",SUBRATA DAS,Y,0,,0,N,0,,R,"M.M.ENT",,"",,"",,,,,,,,0,,,,,West Bengal
,"GOPI CHAND AGARWAL",,AT CHATTERJEE ROAD,"AT CHATTERJEE ROAD",SUBRATA DAS,Y,0,,0,N,0,,R,"SHIB TRADERS",,"",,"",,,,,,,,0,,,,,West Bengal
,"GOSWAMI STORES",,GARFA main road,"GARFA MAIN ROAD",SUBRATA DAS,Y,0,,0,N,0,,R,"DAS MARKETING",,"",,"",,,,,,,,0,,,,,West Bengal
,"GOUDHESHWAI BHANDAR",,SREE COLONY,"SREE COLONY",SUBRATA DAS,Y,0,,0,N,0,,R,"SHIB TRADERS",,"",,"",,,,,,,,0,,,,,West Bengal
,"GOURI  STORES",,LAKE GARGENS,"LAKE GARGENS",SUBRATA DAS,Y,0,,0,N,0,,R,"M.M.ENT",,"",,"",,,,,,,,0,,,,,West Bengal
,"GOURI STORES",,RAJAPUR,"RAJAPUR",SUBRATA DAS,Y,0,,0,N,0,,R,"MA KALI ENT",,"",,"",,,,,,,,0,,,,,West Bengal
,"GOURI VARIETY STORES",,JODHPUR GARDEN ROAD,"JODHPUR GARDEN ROAD",SUBRATA DAS,Y,0,,0,N,0,,R,"M.M.ENT",,"",,"",,,,,,,,0,,,,,West Bengal
,"GOUTAM STORES",,ASHUTOSH COLONY,"ASHUTOSH COLONY",SUBRATA DAS,Y,0,,0,N,0,,R,"DAS MARKETING",,"",,"",,,,,,,,0,,,,,West Bengal
,"GOUTAM STORES",,BOSE PUKUR ROAD,"BOSE PUKUR ROAD",SUBRATA DAS,Y,0,,0,N,0,,R,"DAS MARKETING",,"",,"",,,,,,,,0,,,,,West Bengal
,"GS SHAHOO",,GARIAHAT ROAD DHAKU,"GARIAHAT ROAD DHAKURIA",SUBRATA DAS,Y,0,,0,N,0,,R,"SHIB TRADERS",,"",,"",,,,,,,,0,,,,,West Bengal
,"GUPTA BHANDER",,NABA RAJDANDA BAZAR,"NABA RAJDANDA BAZARRAMKRISHNA PALLY",SUBRATA DAS,Y,0,,0,N,0,,R,"DAS MARKETING",,"",,"",,,,,,,,0,,,,,West Bengal
,"GUPTA CONFECTIONERY",,DEBENDRA GHOSE ROAD,"DEBENDRA GHOSE ROAD",SUBRATA DAS,Y,0,,0,N,0,,R,"M.S.ENT",,"",,"",,,,,,,,0,,,,,West Bengal
,"GUPTA GENERAL STORE",,,"DEBENDRA GHOSH ROAD",SUBRATA DAS,Y,0,,0,N,0,,R,"M.S.ENT",,"",,"",,,,,,,,0,,,,,West Bengal
,"GUPTA STORES",,RAMGARH,"RAMGARH",SUBRATA DAS,Y,0,,0,N,0,,R,"TRIPTI ENT",,"",,"",,,,,,,,0,,,,,West Bengal
,"GUPTA STORES",,MORDERN PARK,"MORDERN PARK",SUBRATA DAS,Y,0,,0,N,0,,R,"DAS MARKETING",,"",,"",,,,,,,,0,,,,,West Bengal
,"GUPTA STORES",,K.N SENROAD,"K.N SENROAD",SUBRATA DAS,Y,0,,0,N,0,,R,"ANUSHREE ENT",,"",,"",,,,,,,,0,,,,,West Bengal
,"GUPTA STORES",,HAZRA ROAD,"HAZRA ROAD",SUBRATA DAS,Y,0,,0,N,0,,R,"ANUSHREE ENT",,"",,"",,,,,,,,0,,,,,West Bengal
,"GUPTA STORES",,PICNIC GARDEN,"PICNIC GARDEN",SUBRATA DAS,Y,0,,0,N,0,,R,"ANUSHREE ENT",,"",,"",,,,,,,,0,,,,,West Bengal
,"GUPTA STORES",,JODHPUR GARDEN,"JODHPUR GARDEN",SUBRATA DAS,Y,0,,0,N,0,,R,"M.M.ENT",,"",,"",,,,,,,,0,,,,,West Bengal
,"HANUMAN ENTERPRISE",,PICNIC GARDEN,"PICNIC GARDEN",SUBRATA DAS,Y,0,,0,N,0,,R,"ANUSHREE ENT",,"",,"",,,,,,,,0,,,,,West Bengal
,"HARADHAN STORES",,V.I.P NAGAR,"V.I.P NAGAR",SUBRATA DAS,Y,0,,0,N,0,,R,"MA SARADA ENT",,"",,"",,,,,,,,0,,,,,West Bengal
,"HARI CHAND PAN",,NITAI NAGAR,"NITAI NAGAR",SUBRATA DAS,Y,0,,0,N,0,,R,"ADDYA AGENCY",,"",,"",,,,,,,,0,,,,,West Bengal
,"HARICHAND-GURUCHAND BHANDER",,AJOYNAGAR,"AJOYNAGAR",SUBRATA DAS,Y,0,,0,N,0,,R,"ADDYA AGENCY",,"",,"",,,,,,,,0,,,,,West Bengal
,"HAZRA STORE",,RASHBIHARI AVENEUE,"RASHBIHARI AVENEUE",SUBRATA DAS,Y,0,,0,N,0,,R,"RANJIT SAMANTA",,"",,"",,,,,,,,0,,,,,West Bengal
,"HAZRA STORES",,PRINCE ANWAR SHAH RO,"PRINCE ANWAR SHAH ROAD",SUBRATA DAS,Y,0,,0,N,0,,R,"M.M.ENT",,"",,"",,,,,,,,0,,,,,West Bengal
,"HAZRA STORES",,P A SAHA ROAD,"P A SAHA ROAD",SUBRATA DAS,Y,0,,0,N,0,,R,"M.M.ENT",,"",,"",,,,,,,,0,,,,,West Bengal
,"HIND STORE",,JADU BAZAR,"JADU BAZAR",SUBRATA DAS,Y,0,,0,N,0,,R,"M.S.ENT",,"",,"",,,,,,,,0,,,,,West Bengal
,"I.P SHAW",,BUS NAGAR COLONEY,"BUS NAGAR COLONEY",SUBRATA DAS,Y,0,,0,N,0,,R,"M.M.ENT",,"",,"",,,,,,,,0,,,,,West Bengal
,"INDRADEEP  STORES",,DHAKURIA ST ROAD,"DHAKURIA ST ROAD",SUBRATA DAS,Y,0,,0,N,0,,R,"M.M.ENT",,"",,"",,,,,,,,0,,,,,West Bengal
,"INDU TRADERS",,,"BANSDRONI",SUJIT SARKAR,Y,0,,0,N,0,,D,"",,"",,"",,,,,,,,0,,,,,West Bengal
,"J.C ENTR",,GANGULI BAGAN,"GANGULI BAGAN",SUBRATA DAS,Y,0,,0,N,0,,R,"TRIPTI ENT",,"",,"",,,,,,,,0,,,,,West Bengal
,"J.K BHANDAR",,RAMGARH,"RAMGARH",SUBRATA DAS,Y,0,,0,N,0,,R,"TRIPTI ENT",,"",,"",,,,,,,,0,,,,,West Bengal
,"J.P. STORES",,K.N SEN ROAD,"K.N SEN ROAD",SUBRATA DAS,Y,0,,0,N,0,,R,"ANUSHREE ENT",,"",,"",,,,,,,,0,,,,,West Bengal
,"JADAVPUR PAN CENTRE",,CENTRAL ROAD,"CENTRAL ROAD",SUBRATA DAS,Y,0,,0,N,0,,R,"SHIB TRADERS",,"",,"",,,,,,,,0,,,,,West Bengal
,"JAGA DAMBHA STORE",,LAKE VIEW ROAD,"LAKE VIEW ROAD",SUBRATA DAS,Y,0,,0,N,0,,R,"RANJIT SAMANTA",,"",,"",,,,,,,,0,,,,,West Bengal
,"JAGADAMVA TELECOM",,DR.G.S BOSE ROAD,"DR.G.S BOSE ROAD",SUBRATA DAS,Y,0,,0,N,0,,R,"ANUSHREE ENT",,"",,"",,,,,,,,0,,,,,West Bengal
,"JAGANATH BHANDER",,NSC BOSE ROAD,"NSC BOSE ROAD",SUBRATA DAS,Y,0,,0,N,0,,R,"TRIPTI ENT",,"",,"",,,,,,,,0,,,,,West Bengal
,"JAGANATH BHANDER",,NAKTALA,"NAKTALA",SUBRATA DAS,Y,0,,0,N,0,,R,"TRIPTI ENT",,"",,"",,,,,,,,0,,,,,West Bengal
,"JAI GURU BHANDAR",,PRINCE ANWAR SHAH RO,"PRINCE ANWAR SHAH ROAD",SUBRATA DAS,Y,0,,0,N,0,,R,"M.M.ENT",,"",,"",,,,,,,,0,,,,,West Bengal
,"JAVERI STORES",,LAKE GARDEN,"LAKE GARDEN",SUBRATA DAS,Y,0,,0,N,0,,R,"M.M.ENT",,"",,"",,,,,,,,0,,,,,West Bengal
,"JAY GURU PAN",,KASBA NEW MARKET,"KASBA NEW MARKET",SUBRATA DAS,Y,0,,0,N,0,,R,"DAS MARKETING",,"",,"",,,,,,,,0,,,,,West Bengal
,"JAY GURU STORES",,JADAVGARH,"JADAVGARH",SUBRATA DAS,Y,0,,0,N,0,,R,"DAS MARKETING",,"",,"",,,,,,,,0,,,,,West Bengal
,"JAY GURU VARIETY STORES",,KAYASTHAV PARA ROAD,"KAYASTHAV PARA ROAD",SUBRATA DAS,Y,0,,0,N,0,,R,"DAS MARKETING",,"",,"",,,,,,,,0,,,,,West Bengal
,"JAY Ma TARA",,V.I.P NAGAR,"V.I.P NAGAR",SUBRATA DAS,Y,0,,0,N,0,,R,"ANUSHREE ENT",,"",,"",,,,,,,,0,,,,,West Bengal
,"JAY MAA KALI BHANDAR 2",,LAKE GARGEN,"LAKE GARGEN",SUBRATA DAS,Y,0,,0,N,0,,R,"M.M.ENT",,"",,"",,,,,,,,0,,,,,West Bengal
,"JAY MATA SANTOSHI BHANDER",,PICNIC GARDEN,"PICNIC GARDEN",SUBRATA DAS,Y,0,,0,N,0,,R,"ANUSHREE ENT",,"",,"",,,,,,,,0,,,,,West Bengal
,"JAY NITAI BHANDAR",,NETAJI NAGAR,"NETAJI NAGAR",SUBRATA DAS,Y,0,,0,N,0,,R,"SHIB TRADERS",,"",,"",,,,,,,,0,,,,,West Bengal
,"JAYITA STORE",,RASHBIHARI AVENEUE,"RASHBIHARI AVENEUE",SUBRATA DAS,Y,0,,0,N,0,,R,"RANJIT SAMANTA",,"",,"",,,,,,,,0,,,,,West Bengal
,"JITEN STORES",,KAUKULIA ROAD,"KAUKULIA ROAD",SUBRATA DAS,Y,0,,0,N,0,,R,"ANUSHREE ENT",,"",,"",,,,,,,,0,,,,,West Bengal
,"JITENDRA SHAW",,SAMMILANI PARK,"SAMMILANI PARK",SUBRATA DAS,Y,0,,0,N,0,,R,"MA KALI ENT",,"",,"",,,,,,,,0,,,,,West Bengal
,"JOGOMAYA STORES",,ASHUTOSH COLONY,"ASHUTOSH COLONY",SUBRATA DAS,Y,0,,0,N,0,,R,"DAS MARKETING",,"",,"",,,,,,,,0,,,,,West Bengal
,"JOTHNA STORES",,B.P TOWNSHIP,"B.P TOWNSHIP",SUBRATA DAS,Y,0,,0,N,0,,R,"MA KALI ENT",,"",,"",,,,,,,,0,,,,,West Bengal
,"JOY GURU BHANDAR",,PATULI,"PATULI",SUBRATA DAS,Y,0,,0,N,0,,R,"MA KALI ENT",,"",,"",,,,,,,,0,,,,,West Bengal
,"JOY GURU BHANDAR",,R.R. PLOT,"R.R. PLOT",SUBRATA DAS,Y,0,,0,N,0,,R,"ADDYA AGENCY",,"",,"",,,,,,,,0,,,,,West Bengal
,"JOY GURU BHANDAR",,,"MUKUNDAPUR",SUBRATA DAS,Y,0,,0,N,0,,R,"ADDYA AGENCY",,"",,"",,,,,,,,0,,,,,West Bengal
,"JOY GURU BHANDAR",,SREE COLONY,"SREE COLONY",SUBRATA DAS,Y,0,,0,N,0,,R,"SHIB TRADERS",,"",,"",,,,,,,,0,,,,,West Bengal
,"JOY MA TARA PUJA",,,"BAROBAZAR",AVIJIT CHATTERJEE,Y,0,,0,N,0,,D,"",,"",,"",,,,,,,,0,,,,,West Bengal
,"JOY MA TARA STORE",,BHARMAPUR BADURTALA,"BHARMAPUR BADURTALA",SUBRATA DAS,Y,0,,0,N,0,,R,"TRIPTI ENT",,"",,"",,,,,,,,0,,,,,West Bengal
,"JOY MA TARA VARIETY STORES",,,"TOLLYGUNJ",SUJIT SARKAR,Y,0,,0,N,0,,D,"",,"",,"",,,,,,,,0,,,,,West Bengal
,"JOY MAA TARA",,JAHURA BAZAR,"JAHURA BAZAR",SUBRATA DAS,Y,0,,0,N,0,,R,"DAS MARKETING",,"",,"",,,,,,,,0,,,,,West Bengal
,"JOY MATADI",,DR.G.S BOSE ROAD,"DR.G.S BOSE ROAD",SUBRATA DAS,Y,0,,0,N,0,,R,"ANUSHREE ENT",,"",,"",,,,,,,,0,,,,,West Bengal
,"JOY RAM BHANDAR",,BIJOYGARH,"BIJOYGARH",SUBRATA DAS,Y,0,,0,N,0,,R,"RAJMITA ENT",,"",,"",,,,,,,,0,,,,,West Bengal
,"JOYRAM BHANDER",,MUKUNDOPUR,"MUKUNDOPUR",SUBRATA DAS,Y,0,,0,N,0,,R,"ADDYA AGENCY",,"",,"",,,,,,,,0,,,,,West Bengal
,"K7 TRADERS",,,"DALHOUSIE",AVIJIT CHATTERJEE,Y,0,,0,N,0,,D,"",,"",,"",,,,,,,,0,,,,,West Bengal
,"KAILASH PAN",,NASKARHAT PURBASREE ,"NASKARHAT PURBASREE PALLY",SUBRATA DAS,Y,0,,0,N,0,,R,"ANUSHREE ENT",,"",,"",,,,,,,,0,,,,,West Bengal
,"KALPANA ENT",,,"LAKETOWN",PRASUN DUTTA,Y,0,,0,N,0,,D,"",,"",,"",,,,,,,,0,,,,,West Bengal
,"KALPATARU STORE",,SUBODH PARK,"SUBODH PARK",SUBRATA DAS,Y,0,,0,N,0,,R,"TRIPTI ENT",,"",,"",,,,,,,,0,,,,,West Bengal
,"KALYANI ENT",,SUBODH PARK,"SUBODH PARK",SUBRATA DAS,Y,0,,0,N,0,,R,"TRIPTI ENT",,"",,"",,,,,,,,0,,,,,West Bengal
,"KALYANI VARIETY",,KAYASTHA PARA ROAD,"KAYASTHA PARA ROAD",SUBRATA DAS,Y,0,,0,N,0,,R,"DAS MARKETING",,"",,"",,,,,,,,0,,,,,West Bengal
,"KAMALA ENTERPRISE",,EAST RAJAPUR,"EAST RAJAPUR",SUBRATA DAS,Y,0,,0,N,0,,R,"MA KALI ENT",,"",,"",,,,,,,,0,,,,,West Bengal
,"KAMALA GENERAL STORES",,HAZRA ROAD,"HAZRA ROAD",SUBRATA DAS,Y,0,,0,N,0,,R,"ANUSHREE ENT",,"",,"",,,,,,,,0,,,,,West Bengal
,"KAMALA STORES",,GARFA,"GARFA",SUBRATA DAS,Y,0,,0,N,0,,R,"DAS MARKETING",,"",,"",,,,,,,,0,,,,,West Bengal
,"KAPIL DEV",,ANANDAPUR,"ANANDAPUR",SUBRATA DAS,Y,0,,0,N,0,,R,"ADDYA AGENCY",,"",,"",,,,,,,,0,,,,,West Bengal
,"KAR PAN SHOP",,GOBINDAPUR,"GOBINDAPUR",SUBRATA DAS,Y,0,,0,N,0,,R,"M.M.ENT",,"",,"",,,,,,,,0,,,,,West Bengal
,"KARTICK GHOSH",,A T CHATTERJEE ROAD,"A T CHATTERJEE ROAD",SUBRATA DAS,Y,0,,0,N,0,,R,"DAS MARKETING",,"",,"",,,,,,,,0,,,,,West Bengal
,"KARTICK GHOSH",,AT CHATTERJEE ROAD,"AT CHATTERJEE ROAD",SUBRATA DAS,Y,0,,0,N,0,,R,"SHIB TRADERS",,"",,"",,,,,,,,0,,,,,West Bengal
,"KARTIK BHOWMIK",,RAIPUR ROAD,"RAIPUR ROAD",SUBRATA DAS,Y,0,,0,N,0,,R,"TRIPTI ENT",,"",,"",,,,,,,,0,,,,,West Bengal
,"KARUNA STORES",,PATULI,"PATULI",SUBRATA DAS,Y,0,,0,N,0,,R,"MA KALI ENT",,"",,"",,,,,,,,0,,,,,West Bengal
,"KATHAK CHAND",,HAZRA ROAD DOVER TA,"HAZRA ROAD DOVER TARRENCE",SUBRATA DAS,Y,0,,0,N,0,,R,"RANJIT SAMANTA",,"",,"",,,,,,,,0,,,,,West Bengal
,"KHOKA PAL",,SONTOSHPUR,"SONTOSHPUR",SUBRATA DAS,Y,0,,0,N,0,,R,"DAS MARKETING",,"",,"",,,,,,,,0,,,,,West Bengal
,"KHUSHI STORES",,GARFA main road,"GARFA MAIN ROAD",SUBRATA DAS,Y,0,,0,N,0,,R,"DAS MARKETING",,"",,"",,,,,,,,0,,,,,West Bengal
,"KHUSI WORLD",,PICNIC GARDEN,"PICNIC GARDEN",SUBRATA DAS,Y,0,,0,N,0,,R,"ANUSHREE ENT",,"",,"",,,,,,,,0,,,,,West Bengal
,"KICHIRMICHIR",,BIDHAN PALLY,"BIDHAN PALLY",SUBRATA DAS,Y,0,,0,N,0,,R,"TRIPTI ENT",,"",,"",,,,,,,,0,,,,,West Bengal
,"KISHER STORES",,JADAVGARH,"JADAVGARH",SUBRATA DAS,Y,0,,0,N,0,,R,"DAS MARKETING",,"",,"",,,,,,,,0,,,,,West Bengal
,"KISHORE PRASAD",,V.I.P NAGAR,"V.I.P NAGAR",SUBRATA DAS,Y,0,,0,N,0,,R,"ANUSHREE ENT",,"",,"",,,,,,,,0,,,,,West Bengal
,"KISHORE STORE",,HAZRA ROAD DOVER TA,"HAZRA ROAD DOVER TARRENCE",SUBRATA DAS,Y,0,,0,N,0,,R,"RANJIT SAMANTA",,"",,"",,,,,,,,0,,,,,West Bengal
,"KK NASKER",,JORABAGAN ROAD,"JORABAGAN ROAD",SUBRATA DAS,Y,0,,0,N,0,,R,"SHIB TRADERS",,"",,"",,,,,,,,0,,,,,West Bengal
,"KRISHNA PAN",,V.I.P NAGAR,"V.I.P NAGAR",SUBRATA DAS,Y,0,,0,N,0,,R,"MA SARADA ENT",,"",,"",,,,,,,,0,,,,,West Bengal
,"KRISHNA STORES",,KAYASTH PARA MAIN RO,"KAYASTH PARA MAIN ROAD",SUBRATA DAS,Y,0,,0,N,0,,R,"DAS MARKETING",,"",,"",,,,,,,,0,,,,,West Bengal
,"KRISHNA STORES",,,"MUKUNDAPUR",SUBRATA DAS,Y,0,,0,N,0,,R,"ADDYA AGENCY",,"",,"",,,,,,,,0,,,,,West Bengal
,"KRISHNA STORES",,JODHPUR GARDEN,"JODHPUR GARDEN",SUBRATA DAS,Y,0,,0,N,0,,R,"M.M.ENT",,"",,"",,,,,,,,0,,,,,West Bengal
,"KUBER BH",,V.I.P NAGAR,"V.I.P NAGAR",SUBRATA DAS,Y,0,,0,N,0,,R,"MA SARADA ENT",,"",,"",,,,,,,,0,,,,,West Bengal
,"KUBER BHANDAR",,SAMMILANI PARK,"SAMMILANI PARK",SUBRATA DAS,Y,0,,0,N,0,,R,"MA KALI ENT",,"",,"",,,,,,,,0,,,,,West Bengal
,"KUBER BHANDER",,V.I.P NAGAR,"V.I.P NAGAR",SUBRATA DAS,Y,0,,0,N,0,,R,"ANUSHREE ENT",,"",,"",,,,,,,,0,,,,,West Bengal
,"KUNDU ENTERPRISE",,BIJOYGARH,"BIJOYGARH",SUBRATA DAS,Y,0,,0,N,0,,R,"RAJMITA ENT",,"",,"",,,,,,,,0,,,,,West Bengal
,"KUNDU STORE",,GANGULI BAGAN,"GANGULI BAGAN",SUBRATA DAS,Y,0,,0,N,0,,R,"RAJMITA ENT",,"",,"",,,,,,,,0,,,,,West Bengal
,"KUNDU STORES",,BIRNAGAR,"BIRNAGAR",SUBRATA DAS,Y,0,,0,N,0,,R,"TRIPTI ENT",,"",,"",,,,,,,,0,,,,,West Bengal
,"KUNDU STORES",,BAGHAJATIN,"BAGHAJATIN",SUBRATA DAS,Y,0,,0,N,0,,R,"SHIB TRADERS",,"",,"",,,,,,,,0,,,,,West Bengal
,"KUNDU TEA",,RAJA SC MALLIK ROAD,"RAJA SC MALLIK ROAD",SUBRATA DAS,Y,0,,0,N,0,,R,"RAJMITA ENT",,"",,"",,,,,,,,0,,,,,West Bengal
,"KUNTA STORE",,DR.G.S BOSE ROAD,"DR.G.S BOSE ROAD",SUBRATA DAS,Y,0,,0,N,0,,R,"ANUSHREE ENT",,"",,"",,,,,,,,0,,,,,West Bengal
,"L G COMMIUNICATION",,SELIMPUR,"SELIMPUR",SUBRATA DAS,Y,0,,0,N,0,,R,"DAS MARKETING",,"",,"",,,,,,,,0,,,,,West Bengal
,"LAB KUSH",,COMENT PARK,"COMENT PARK",SUBRATA DAS,Y,0,,0,N,0,,R,"MA KALI ENT",,"",,"",,,,,,,,0,,,,,West Bengal
,"LAIGA ST",,ANANDAPUR,"ANANDAPUR",SUBRATA DAS,Y,0,,0,N,0,,R,"MA SARADA ENT",,"",,"",,,,,,,,0,,,,,West Bengal
,"LALTU STORES",,BIDHAN COLONEY,"BIDHAN COLONEY",SUBRATA DAS,Y,0,,0,N,0,,R,"MA KALI ENT",,"",,"",,,,,,,,0,,,,,West Bengal
,"LAXMI BHAWAN",,MISHAN MARKET,"MISHAN MARKET",SUBRATA DAS,Y,0,,0,N,0,,R,"ADDYA AGENCY",,"",,"",,,,,,,,0,,,,,West Bengal
,"LAXMI GENERAL STORES",,SWIN HU LANE,"SWIN HU LANE",SUBRATA DAS,Y,0,,0,N,0,,R,"ANUSHREE ENT",,"",,"",,,,,,,,0,,,,,West Bengal
,"LAXMI NARAYAN BHANDAR",,RAMGARH,"RAMGARH",SUBRATA DAS,Y,0,,0,N,0,,R,"TRIPTI ENT",,"",,"",,,,,,,,0,,,,,West Bengal
,"LAXMI NARAYAN BHANDAR",,NETAJI NAGAR,"NETAJI NAGAR",SUBRATA DAS,Y,0,,0,N,0,,R,"SHIB TRADERS",,"",,"",,,,,,,,0,,,,,West Bengal
,"LAXMI NARAYAN BHANDAR",,LAKE GARDEN,"LAKE GARDEN",SUBRATA DAS,Y,0,,0,N,0,,R,"M.M.ENT",,"",,"",,,,,,,,0,,,,,West Bengal
,"LAXMI NARAYAN BHANDER",,RAJDANGA MAIN ROAD,"RAJDANGA MAIN ROAD",SUBRATA DAS,Y,0,,0,N,0,,R,"DAS MARKETING",,"",,"",,,,,,,,0,,,,,West Bengal
,"LAXMI NARAYAN BHANDER",,JOYENDRA GARDEN,"JOYENDRA GARDEN",SUBRATA DAS,Y,0,,0,N,0,,R,"DAS MARKETING",,"",,"",,,,,,,,0,,,,,West Bengal
,"LAXMI STORE",,JADAVPUR,"JADAVPUR",SUBRATA DAS,Y,0,,0,N,0,,R,"SHIB TRADERS",,"",,"",,,,,,,,0,,,,,West Bengal
,"LAXMI STORES",,KAKULIA ROAD,"KAKULIA ROAD",SUBRATA DAS,Y,0,,0,N,0,,R,"ANUSHREE ENT",,"",,"",,,,,,,,0,,,,,West Bengal
,"LILUA PAN",,PANCHANANTALA,"PANCHANANTALA",SUBRATA DAS,Y,0,,0,N,0,,R,"ANUSHREE ENT",,"",,"",,,,,,,,0,,,,,West Bengal
,"LOKENATH",,PATULI,"PATULI",SUBRATA DAS,Y,0,,0,N,0,,R,"MA KALI ENT",,"",,"",,,,,,,,0,,,,,West Bengal
,"LOKENATH BHANDER",,JADHAVPUR BAZAR,"JADHAVPUR BAZAR",SUBRATA DAS,Y,0,,0,N,0,,R,"M.M.ENT",,"",,"",,,,,,,,0,,,,,West Bengal
,"LOKENATH ENT",,,"UDOYAN PALLY",DIBYENDU BASAK,Y,0,,0,N,0,,D,"",,"",,"",,,,,,,,0,,,,,West Bengal
,"LOKHNATH BABUBAZAR",,PICNIC GARDEN,"PICNIC GARDEN",SUBRATA DAS,Y,0,,0,N,0,,R,"ANUSHREE ENT",,"",,"",,,,,,,,0,,,,,West Bengal
,"LOKHNATH BHANDAR",,RAIPUR ROAD,"RAIPUR ROAD",SUBRATA DAS,Y,0,,0,N,0,,R,"SHIB TRADERS",,"",,"",,,,,,,,0,,,,,West Bengal
,"LOKHNATH BHANDER",,KHUDIRAM BOSE Road,"KHUDIRAM BOSE Road",SUBRATA DAS,Y,0,,0,N,0,,R,"MA KALI ENT",,"",,"",,,,,,,,0,,,,,West Bengal
,"LOKHNATH BHANDER",,GARFA main road,"GARFA MAIN ROAD",SUBRATA DAS,Y,0,,0,N,0,,R,"DAS MARKETING",,"",,"",,,,,,,,0,,,,,West Bengal
,"LOKHNATH BHANDER",,VIVEKANDA PARK,"VIVEKANDA PARK",SUBRATA DAS,Y,0,,0,N,0,,R,"ADDYA AGENCY",,"",,"",,,,,,,,0,,,,,West Bengal
,"LOKHNATH BHANDER",,GOBINDAPUR,"GOBINDAPUR",SUBRATA DAS,Y,0,,0,N,0,,R,"M.M.ENT",,"",,"",,,,,,,,0,,,,,West Bengal
,"LOKHNATH BHANDER",,JODHPUR COLONEY,"JODHPUR COLONEY",SUBRATA DAS,Y,0,,0,N,0,,R,"M.M.ENT",,"",,"",,,,,,,,0,,,,,West Bengal
,"LOKHNATH ENTERPRISE",,DR.G.S BOSE ROAD,"DR.G.S BOSE ROAD",SUBRATA DAS,Y,0,,0,N,0,,R,"ANUSHREE ENT",,"",,"",,,,,,,,0,,,,,West Bengal
,"LOKHNATH ENTERPRISE",,KATGA NAGAR,"KATGA NAGAR",SUBRATA DAS,Y,0,,0,N,0,,R,"M.M.ENT",,"",,"",,,,,,,,0,,,,,West Bengal
,"LOKHNATH STORES",,JADAVGARH,"JADAVGARH",SUBRATA DAS,Y,0,,0,N,0,,R,"DAS MARKETING",,"",,"",,,,,,,,0,,,,,West Bengal
,"LOKHNATH STORES",,GARFA main road,"GARFA MAIN ROAD",SUBRATA DAS,Y,0,,0,N,0,,R,"DAS MARKETING",,"",,"",,,,,,,,0,,,,,West Bengal
,"LOKHNATH STORES",,,"MUKUNDAPUR",SUBRATA DAS,Y,0,,0,N,0,,R,"ADDYA AGENCY",,"",,"",,,,,,,,0,,,,,West Bengal
,"LOKHNATH STORES",,SANGHATI COLONY,"SANGHATI COLONY",SUBRATA DAS,Y,0,,0,N,0,,R,"SHIB TRADERS",,"",,"",,,,,,,,0,,,,,West Bengal
,"LOKHNATH STORES",,GOBINDAPUR,"GOBINDAPUR",SUBRATA DAS,Y,0,,0,N,0,,R,"M.M.ENT",,"",,"",,,,,,,,0,,,,,West Bengal
,"LOKHNATH STORES",,PRINCE ANWAR SHAH RO,"PRINCE ANWAR SHAH ROAD",SUBRATA DAS,Y,0,,0,N,0,,R,"M.M.ENT",,"",,"",,,,,,,,0,,,,,West Bengal
,"LOKHNATH VARIETY STORES",,PRATAPGARH  GARFA,"PRATAPGARH  GARFA",SUBRATA DAS,Y,0,,0,N,0,,R,"DAS MARKETING",,"",,"",,,,,,,,0,,,,,West Bengal
,"LOV PRASAD",,SALIMPUR ROAD,"SALIMPUR ROAD",SUBRATA DAS,Y,0,,0,N,0,,R,"DAS MARKETING",,"",,"",,,,,,,,0,,,,,West Bengal
,"LOVELY CENTRE",,SANTOSHPUR,"SANTOSHPUR",SUBRATA DAS,Y,0,,0,N,0,,R,"DAS MARKETING",,"",,"",,,,,,,,0,,,,,West Bengal
,"M G ENT",,PURBACHAL EAST MAIN ,"PURBACHAL EAST MAIN ROAD",SUBRATA DAS,Y,0,,0,N,0,,R,"DAS MARKETING",,"",,"",,,,,,,,0,,,,,West Bengal
,"M MITRA",,RAMGARH,"RAMGARH",SUBRATA DAS,Y,0,,0,N,0,,R,"TRIPTI ENT",,"",,"",,,,,,,,0,,,,,West Bengal
,"M.DAS",,EAST 3RD ROAD,"EAST 3RD ROAD",SUBRATA DAS,Y,0,,0,N,0,,R,"DAS MARKETING",,"",,"",,,,,,,,0,,,,,West Bengal
,"M.M.ENT",,LAKEGARDENS,"LAKEGARDENS",SUBRATA DAS,Y,0,,0,N,0,,D,"",,"",,"",,,,,,,,0,,,,,West Bengal
,"M.P.GUPTA",,ANANDAPUR,"ANANDAPUR",SUBRATA DAS,Y,0,,0,N,0,,R,"MA SARADA ENT",,"",,"",,,,,,,,0,,,,,West Bengal
,"M.R ENTERPRISE",,,"MUKUNDAPUR",SUBRATA DAS,Y,0,,0,N,0,,R,"ADDYA AGENCY",,"",,"",,,,,,,,0,,,,,West Bengal
,"M.S CONFECTIONARY",,HALTU,"HALTU",SUBRATA DAS,Y,0,,0,N,0,,R,"DAS MARKETING",,"",,"",,,,,,,,0,,,,,West Bengal
,"M.S.ENT",,PADMAPUKUR,"PADMAPUKUR",SUBRATA DAS,Y,0,,0,N,0,,D,"",,"",,"",,,,,,,,0,,,,,West Bengal
,"MA ANNAPURNA BHANDER",,SAMMILANI PARK RAJAP,"SAMMILANI PARK RAJAPUR",SUBRATA DAS,Y,0,,0,N,0,,R,"MA KALI ENT",,"",,"",,,,,,,,0,,,,,West Bengal
,"MA ANNAPURNA BHANDER",,AJAY NAGAR,"AJAY NAGAR",SUBRATA DAS,Y,0,,0,N,0,,R,"ADDYA AGENCY",,"",,"",,,,,,,,0,,,,,West Bengal
,"MA ANNAPURNA BHANDER",,LAKE GARDEN,"LAKE GARDEN",SUBRATA DAS,Y,0,,0,N,0,,R,"M.M.ENT",,"",,"",,,,,,,,0,,,,,West Bengal
,"MA AVAYA ENTERPRISE",,GARFA main road,"GARFA MAIN ROAD",SUBRATA DAS,Y,0,,0,N,0,,R,"DAS MARKETING",,"",,"",,,,,,,,0,,,,,West Bengal
,"MA DURGA ENT",,,"SUBHASGRAM",DIBYENDU BASAK,Y,0,,0,N,0,,D,"",,"",,"",,,,,,,,0,,,,,West Bengal
,"MA DURGA ENTERPRISE",,SREE COLONY,"SREE COLONY",SUBRATA DAS,Y,0,,0,N,0,,R,"SHIB TRADERS",,"",,"",,,,,,,,0,,,,,West Bengal
,"MA GODABARI BHANDER",,DR.G.S BOSE ROAD,"DR.G.S BOSE ROAD",SUBRATA DAS,Y,0,,0,N,0,,R,"ANUSHREE ENT",,"",,"",,,,,,,,0,,,,,West Bengal
,"MA KALI BHANDER",,RAJAPUR,"RAJAPUR",SUBRATA DAS,Y,0,,0,N,0,,R,"MA KALI ENT",,"",,"",,,,,,,,0,,,,,West Bengal
,"MA KALI BHANDER",,,"MUKUNDAPUR",SUBRATA DAS,Y,0,,0,N,0,,R,"ADDYA AGENCY",,"",,"",,,,,,,,0,,,,,West Bengal
,"MA KALI ENT",,,"ENTALLY",AVIJIT CHATTERJEE,Y,0,,0,N,0,,D,"",,"",,"",,,,,,,,0,,,,,West Bengal
,"MA KALI ENT",,RAMGARH,"RAMGARH",SUBRATA DAS,Y,0,,0,N,0,,D,"",,"",,"",,,,,,,,0,,,,,West Bengal
,"MA KALI STORES",,JORABAGAN ROAD,"JORABAGAN ROAD",SUBRATA DAS,Y,0,,0,N,0,,R,"SHIB TRADERS",,"",,"",,,,,,,,0,,,,,West Bengal
,"MA KALI STORES",,JODHPUR GARDEN,"JODHPUR GARDEN",SUBRATA DAS,Y,0,,0,N,0,,R,"M.M.ENT",,"",,"",,,,,,,,0,,,,,West Bengal
,"MA LAXMI BHANDAR",,BAGHAJATIN,"BAGHAJATIN",SUBRATA DAS,Y,0,,0,N,0,,R,"RAJMITA ENT",,"",,"",,,,,,,,0,,,,,West Bengal
,"MA MANASHA",,RABINDRA PALLY,"RABINDRA PALLY",SUBRATA DAS,Y,0,,0,N,0,,R,"MA KALI ENT",,"",,"",,,,,,,,0,,,,,West Bengal
,"MA MONASHA BHANDER",,AJOY NAGAR,"AJOY NAGAR",SUBRATA DAS,Y,0,,0,N,0,,R,"ADDYA AGENCY",,"",,"",,,,,,,,0,,,,,West Bengal
,"MA SARADA",,SANTI PARKPANCHASAY,"SANTI PARKPANCHASAYA",SUBRATA DAS,Y,0,,0,N,0,,R,"MA KALI ENT",,"",,"",,,,,,,,0,,,,,West Bengal
,"MA SARADA ENT",,ANANDAPUR,"ANANDAPUR",SUBRATA DAS,Y,0,,0,N,0,,D,"",,"",,"",,,,,,,,0,,,,,West Bengal
,"MA SHIBANI ENT",,GARFA,"GARFA",SUBRATA DAS,Y,0,,0,N,0,,D,"",,"",,"",,,,,,,,0,,,,,West Bengal
,"MAA ANJALI PAN",,LAKE COLONEY,"LAKE COLONEY",SUBRATA DAS,Y,0,,0,N,0,,R,"ANUSHREE ENT",,"",,"",,,,,,,,0,,,,,West Bengal
,"MAA ANNAPURNA",,,"MUKUNDAPUR",SUBRATA DAS,Y,0,,0,N,0,,R,"ADDYA AGENCY",,"",,"",,,,,,,,0,,,,,West Bengal
,"MAA ANNAPURNA /PAPIYA DIST",,,"NAGERBAZAR",PRASUN DUTTA,Y,0,,0,N,0,,D,"",,"",,"",,,,,,,,0,,,,,West Bengal
,"MAA ANNAPURNA BHANDAR",,LONI NAGAR,"LONI NAGAR",SUBRATA DAS,Y,0,,0,N,0,,R,"DAS MARKETING",,"",,"",,,,,,,,0,,,,,West Bengal
,"MAA BHAGABATI STORES",,KAYASTH PARA MAIN RO,"KAYASTH PARA MAIN ROAD",SUBRATA DAS,Y,0,,0,N,0,,R,"DAS MARKETING",,"",,"",,,,,,,,0,,,,,West Bengal
,"MAA DURGA BHANDER",,UTTAR PURBACHAL ROAD,"UTTAR PURBACHAL ROAD",SUBRATA DAS,Y,0,,0,N,0,,R,"DAS MARKETING",,"",,"",,,,,,,,0,,,,,West Bengal
,"MAA DURGA VARIETY",,RAJ DANGA MAIN ROAD,"RAJ DANGA MAIN ROAD",SUBRATA DAS,Y,0,,0,N,0,,R,"DAS MARKETING",,"",,"",,,,,,,,0,,,,,West Bengal
,"MAA DURGA VARIETY STORES",,BORODA AVENUE,"BORODA AVENUE",SUBRATA DAS,Y,0,,0,N,0,,R,"TRIPTI ENT",,"",,"",,,,,,,,0,,,,,West Bengal
,"MAA JANAKI",,V.I.P NAGAR,"V.I.P NAGAR",SUBRATA DAS,Y,0,,0,N,0,,R,"MA SARADA ENT",,"",,"",,,,,,,,0,,,,,West Bengal
,"MAA JANANI STORES",,VIDYA SAGAR,"VIDYA SAGAR",SUBRATA DAS,Y,0,,0,N,0,,R,"TRIPTI ENT",,"",,"",,,,,,,,0,,,,,West Bengal
,"MAA KALI BHANDER",,PURBACHAL MAIN ROAD,"PURBACHAL MAIN ROAD",SUBRATA DAS,Y,0,,0,N,0,,R,"DAS MARKETING",,"",,"",,,,,,,,0,,,,,West Bengal
,"MAA KALI STORES",,LAXMI NARAYAN COLONY,"LAXMI NARAYAN COLONY",SUBRATA DAS,Y,0,,0,N,0,,R,"TRIPTI ENT",,"",,"",,,,,,,,0,,,,,West Bengal
,"MAA KALI STORES",,PURBACHAL MAIN ROAD,"PURBACHAL MAIN ROAD",SUBRATA DAS,Y,0,,0,N,0,,R,"DAS MARKETING",,"",,"",,,,,,,,0,,,,,West Bengal
,"MAA KALI STORES",,BEDIA DANGA,"BEDIA DANGA",SUBRATA DAS,Y,0,,0,N,0,,R,"ANUSHREE ENT",,"",,"",,,,,,,,0,,,,,West Bengal
,"MAA KAMALA BHANDER",,UTTAR PURBACHAL ROAD,"UTTAR PURBACHAL ROAD",SUBRATA DAS,Y,0,,0,N,0,,R,"DAS MARKETING",,"",,"",,,,,,,,0,,,,,West Bengal
,"MAA LAXMI BHANDAR",,DESHBANDHU ROAD,"DESHBANDHU ROAD",SUBRATA DAS,Y,0,,0,N,0,,R,"TRIPTI ENT",,"",,"",,,,,,,,0,,,,,West Bengal
,"MAA STORES",,RAJAPUR,"RAJAPUR",SUBRATA DAS,Y,0,,0,N,0,,R,"MA KALI ENT",,"",,"",,,,,,,,0,,,,,West Bengal
,"MAA TARA STORES",,PRINCE GOLAM MAHAMMA,"PRINCE GOLAM MAHAMMAD SAHA ROAD",SUBRATA DAS,Y,0,,0,N,0,,R,"M.M.ENT",,"",,"",,,,,,,,0,,,,,West Bengal
,"MADAN PAN SHOP",,PURBACHAL MAIN ROAD,"PURBACHAL MAIN ROAD",SUBRATA DAS,Y,0,,0,N,0,,R,"DAS MARKETING",,"",,"",,,,,,,,0,,,,,West Bengal
,"MADHU STORES",,DINESH NAGAR,"DINESH NAGAR",SUBRATA DAS,Y,0,,0,N,0,,R,"ADDYA AGENCY",,"",,"",,,,,,,,0,,,,,West Bengal
,"MAHABIR BHANDAR",,SWINHO LANE,"SWINHO LANE",SUBRATA DAS,Y,0,,0,N,0,,R,"ANUSHREE ENT",,"",,"",,,,,,,,0,,,,,West Bengal
,"MAHABIR STORE",,BOSE ROAD,"BOSE ROAD",SUBRATA DAS,Y,0,,0,N,0,,R,"DAS MARKETING",,"",,"",,,,,,,,0,,,,,West Bengal
,"MAHADEB",,ASG.RD,"ASG.RD",SUBRATA DAS,Y,0,,0,N,0,,R,"DAS MARKETING",,"",,"",,,,,,,,0,,,,,West Bengal
,"MAHADEV STORES",,JODHPUR GARDEN,"JODHPUR GARDEN",SUBRATA DAS,Y,0,,0,N,0,,R,"M.M.ENT",,"",,"",,,,,,,,0,,,,,West Bengal
,"MAHESH STORES",,NETAJI NAGAR,"NETAJI NAGAR",SUBRATA DAS,Y,0,,0,N,0,,R,"SHIB TRADERS",,"",,"",,,,,,,,0,,,,,West Bengal
,"MAJUMDER &CO",,JODHPUR GARDEN,"JODHPUR GARDEN",SUBRATA DAS,Y,0,,0,N,0,,R,"M.M.ENT",,"",,"",,,,,,,,0,,,,,West Bengal
,"MAJUMDER STORES",,BIDHAN PALLY,"BIDHAN PALLY",SUBRATA DAS,Y,0,,0,N,0,,R,"TRIPTI ENT",,"",,"",,,,,,,,0,,,,,West Bengal
,"MAKDOOM",,ANANDAPUR,"ANANDAPUR",SUBRATA DAS,Y,0,,0,N,0,,R,"MA SARADA ENT",,"",,"",,,,,,,,0,,,,,West Bengal
,"MALLICK STORES",,,"MUKUNDAPUR",SUBRATA DAS,Y,0,,0,N,0,,R,"ADDYA AGENCY",,"",,"",,,,,,,,0,,,,,West Bengal
,"MAMA PAN SHOP",,RATHTALA,"RATHTALA",SUBRATA DAS,Y,0,,0,N,0,,R,"TRIPTI ENT",,"",,"",,,,,,,,0,,,,,West Bengal
,"MAMONI ENT",,,"TOPSIA",AVIJIT CHATTERJEE,Y,0,,0,N,0,,D,"",,"",,"",,,,,,,,0,,,,,West Bengal
,"MAMONI STORES",,KAU KULIA ROAD,"KAU KULIA ROAD",SUBRATA DAS,Y,0,,0,N,0,,R,"ANUSHREE ENT",,"",,"",,,,,,,,0,,,,,West Bengal
,"MAMPI STORES",,SREE COLONY,"SREE COLONY",SUBRATA DAS,Y,0,,0,N,0,,R,"SHIB TRADERS",,"",,"",,,,,,,,0,,,,,West Bengal
,"MAMTA STORES",,VIVEKANANDA PARK,"VIVEKANANDA PARK",SUBRATA DAS,Y,0,,0,N,0,,R,"ANUSHREE ENT",,"",,"",,,,,,,,0,,,,,West Bengal
,"MANIK STORES",,NETAJI NAGAR,"NETAJI NAGAR",SUBRATA DAS,Y,0,,0,N,0,,R,"SHIB TRADERS",,"",,"",,,,,,,,0,,,,,West Bengal
,"MANNA STORES",,BAISNABGHATA,"BAISNABGHATA",SUBRATA DAS,Y,0,,0,N,0,,R,"TRIPTI ENT",,"",,"",,,,,,,,0,,,,,West Bengal
,"MANOJIT STORES",,JADHAVPUR GARDEN ROA,"JADHAVPUR GARDEN ROAD",SUBRATA DAS,Y,0,,0,N,0,,R,"M.M.ENT",,"",,"",,,,,,,,0,,,,,West Bengal
,"MANTAJ",,BALLYGANJ,"BALLYGANJ",SUBRATA DAS,Y,0,,0,N,0,,R,"ANUSHREE ENT",,"",,"",,,,,,,,0,,,,,West Bengal
,"MATRI BHANDAR",,NAKTALA,"NAKTALA",SUBRATA DAS,Y,0,,0,N,0,,R,"TRIPTI ENT",,"",,"",,,,,,,,0,,,,,West Bengal
,"MAYA STORES",,NABADIGANTA,"NABADIGANTA",SUBRATA DAS,Y,0,,0,N,0,,R,"ADDYA AGENCY",,"",,"",,,,,,,,0,,,,,West Bengal
,"MAYARANI ENTERPRISE",,RAIPUR ROAD,"RAIPUR ROAD",SUBRATA DAS,Y,0,,0,N,0,,R,"TRIPTI ENT",,"",,"",,,,,,,,0,,,,,West Bengal
,"MD AZAT",,ANANDAPUR,"ANANDAPUR",SUBRATA DAS,Y,0,,0,N,0,,R,"ADDYA AGENCY",,"",,"",,,,,,,,0,,,,,West Bengal
,"METRO HOUSE",,GARFA main road,"GARFA MAIN ROAD",SUBRATA DAS,Y,0,,0,N,0,,R,"DAS MARKETING",,"",,"",,,,,,,,0,,,,,West Bengal
,"MILAN STORES",,BARADA AVENUE,"BARADA AVENUE",SUBRATA DAS,Y,0,,0,N,0,,R,"TRIPTI ENT",,"",,"",,,,,,,,0,,,,,West Bengal
,"MINA STORES",,RAMLAL BAZAR,"RAMLAL BAZAR",SUBRATA DAS,Y,0,,0,N,0,,R,"DAS MARKETING",,"",,"",,,,,,,,0,,,,,West Bengal
,"MITHU DAIRY",,K.R. MAJUMDER,"K.R. MAJUMDER",SUBRATA DAS,Y,0,,0,N,0,,R,"DAS MARKETING",,"",,"",,,,,,,,0,,,,,West Bengal
,"MITRA STORES",,SANTOSHPUR,"SANTOSHPUR",SUBRATA DAS,Y,0,,0,N,0,,R,"DAS MARKETING",,"",,"",,,,,,,,0,,,,,West Bengal
,"MITRA VARIETY STORES",,GANGULY BAGAN MORE,"GANGULY BAGAN MORE",SUBRATA DAS,Y,0,,0,N,0,,R,"TRIPTI ENT",,"",,"",,,,,,,,0,,,,,West Bengal
,"MOIZ UDDIN STORES",,BALLYGANJ,"BALLYGANJ",SUBRATA DAS,Y,0,,0,N,0,,R,"ANUSHREE ENT",,"",,"",,,,,,,,0,,,,,West Bengal
,"MON STORES",,BAISANBGHATA,"BAISANBGHATA",SUBRATA DAS,Y,0,,0,N,0,,R,"TRIPTI ENT",,"",,"",,,,,,,,0,,,,,West Bengal
,"MONALISA STORES",,BHABANIPUR,"BHABANIPUR",SUBRATA DAS,Y,0,,0,N,0,,R,"TRIPTI ENT",,"",,"",,,,,,,,0,,,,,West Bengal
,"MONDAL STORE",,SONTOSHPUR,"SONTOSHPUR",SUBRATA DAS,Y,0,,0,N,0,,R,"DAS MARKETING",,"",,"",,,,,,,,0,,,,,West Bengal
,"MONDAL STORE",,ANANDAPUR,"ANANDAPUR",SUBRATA DAS,Y,0,,0,N,0,,R,"MA SARADA ENT",,"",,"",,,,,,,,0,,,,,West Bengal
,"MONDAL STORES",,BHABANIPUR,"BHABANIPUR",SUBRATA DAS,Y,0,,0,N,0,,R,"TRIPTI ENT",,"",,"",,,,,,,,0,,,,,West Bengal
,"MONIKA",,NAKTALA,"NAKTALA",SUBRATA DAS,Y,0,,0,N,0,,R,"TRIPTI ENT",,"",,"",,,,,,,,0,,,,,West Bengal
,"MONIKA STORES",,AT CHATTERJEE ROAD,"AT CHATTERJEE ROAD",SUBRATA DAS,Y,0,,0,N,0,,R,"SHIB TRADERS",,"",,"",,,,,,,,0,,,,,West Bengal
,"MONTU PAN",,AT CHATTERJEE ROAD,"AT CHATTERJEE ROAD",SUBRATA DAS,Y,0,,0,N,0,,R,"SHIB TRADERS",,"",,"",,,,,,,,0,,,,,West Bengal
,"MONTU STORE",,HARISH MUKHARJEE ROA,"HARISH MUKHARJEE ROAD",SUBRATA DAS,Y,0,,0,N,0,,R,"M.S.ENT",,"",,"",,,,,,,,0,,,,,West Bengal
,"MOTA BHAI",,ANANDAPUR,"ANANDAPUR",SUBRATA DAS,Y,0,,0,N,0,,R,"MA SARADA ENT",,"",,"",,,,,,,,0,,,,,West Bengal
,"MOTHER DAIRY",,BAISNABGHATA,"BAISNABGHATA",SUBRATA DAS,Y,0,,0,N,0,,R,"TRIPTI ENT",,"",,"",,,,,,,,0,,,,,West Bengal
,"MOTHER DAIRY",,KANUNGO PARK,"KANUNGO PARK",SUBRATA DAS,Y,0,,0,N,0,,R,"TRIPTI ENT",,"",,"",,,,,,,,0,,,,,West Bengal
,"MOTHER DAIRY",,BALLYGANJ,"BALLYGANJ",SUBRATA DAS,Y,0,,0,N,0,,R,"ANUSHREE ENT",,"",,"",,,,,,,,0,,,,,West Bengal
,"MOTHER DAIRY",,SOUTHERN PARK,"SOUTHERN PARK",SUBRATA DAS,Y,0,,0,N,0,,R,"ANUSHREE ENT",,"",,"",,,,,,,,0,,,,,West Bengal
,"MOTHER DAIRY 1003",,LAKE GARDEN,"LAKE GARDEN",SUBRATA DAS,Y,0,,0,N,0,,R,"M.M.ENT",,"",,"",,,,,,,,0,,,,,West Bengal
,"MOTHER DAIRY 863",,SOUTHERN PARK PANCH,"SOUTHERN PARK PANCHANANTALA",SUBRATA DAS,Y,0,,0,N,0,,R,"ANUSHREE ENT",,"",,"",,,,,,,,0,,,,,West Bengal
,"MOUCHAK",,BAGHAJATIN PARK,"BAGHAJATIN PARK",SUBRATA DAS,Y,0,,0,N,0,,R,"MA KALI ENT",,"",,"",,,,,,,,0,,,,,West Bengal
,"MOUSUMI",,GARIAHAT ROAD,"GARIAHAT ROAD",SUBRATA DAS,Y,0,,0,N,0,,R,"SHIB TRADERS",,"",,"",,,,,,,,0,,,,,West Bengal
,"MOUSUMI BHANDER",,AJAI NAGAR,"AJAI NAGAR",SUBRATA DAS,Y,0,,0,N,0,,R,"ADDYA AGENCY",,"",,"",,,,,,,,0,,,,,West Bengal
,"MRINAL ENTR",,SANTOSHPUR,"SANTOSHPUR",SUBRATA DAS,Y,0,,0,N,0,,R,"DAS MARKETING",,"",,"",,,,,,,,0,,,,,West Bengal
,"MRITUNJOY STORES",,VIVEKANANDA PARK,"VIVEKANANDA PARK",SUBRATA DAS,Y,0,,0,N,0,,R,"ADDYA AGENCY",,"",,"",,,,,,,,0,,,,,West Bengal
,"MSP STORES",,SREE COLONY,"SREE COLONY",SUBRATA DAS,Y,0,,0,N,0,,R,"SHIB TRADERS",,"",,"",,,,,,,,0,,,,,West Bengal
,"MUKHERJEE STORES",,BIDHAN COLONEY,"BIDHAN COLONEY",SUBRATA DAS,Y,0,,0,N,0,,R,"MA KALI ENT",,"",,"",,,,,,,,0,,,,,West Bengal
,"MUKTI CABIN",,SREE COLONY,"SREE COLONY",SUBRATA DAS,Y,0,,0,N,0,,R,"SHIB TRADERS",,"",,"",,,,,,,,0,,,,,West Bengal
,"MUNNA PAN SHOP",,BOSE PUKUR ROAD,"BOSE PUKUR ROAD",SUBRATA DAS,Y,0,,0,N,0,,R,"ANUSHREE ENT",,"",,"",,,,,,,,0,,,,,West Bengal
,"MUNNA STORES",,VIVEKANANDA PARK,"VIVEKANANDA PARK",SUBRATA DAS,Y,0,,0,N,0,,R,"ANUSHREE ENT",,"",,"",,,,,,,,0,,,,,West Bengal
,"N.R KUNDU",,GARIAHAT ROAD,"GARIAHAT ROAD",SUBRATA DAS,Y,0,,0,N,0,,R,"ANUSHREE ENT",,"",,"",,,,,,,,0,,,,,West Bengal
,"NABARUPA",,ADARSHA PALLY,"ADARSHA PALLY",SUBRATA DAS,Y,0,,0,N,0,,R,"SHIB TRADERS",,"",,"",,,,,,,,0,,,,,West Bengal
,"NAMITA BHANDER",,BAGHAJATIN,"BAGHAJATIN",SUBRATA DAS,Y,0,,0,N,0,,R,"SHIB TRADERS",,"",,"",,,,,,,,0,,,,,West Bengal
,"NANDI ENT",,,"RAINA",SUJIT SARKAR,Y,0,,0,N,0,,D,"",,"",,"",,,,,,,,0,,,,,West Bengal
,"NARAYAN BHANDAR",,BAISNAB GHATA,"BAISNAB GHATA",SUBRATA DAS,Y,0,,0,N,0,,R,"TRIPTI ENT",,"",,"",,,,,,,,0,,,,,West Bengal
,"NARAYAN BHANDER",,PICNIC GARDEN,"PICNIC GARDEN",SUBRATA DAS,Y,0,,0,N,0,,R,"ANUSHREE ENT",,"",,"",,,,,,,,0,,,,,West Bengal
,"NASKAR BHANDER",,PICNIC GARDEN,"PICNIC GARDEN",SUBRATA DAS,Y,0,,0,N,0,,R,"ANUSHREE ENT",,"",,"",,,,,,,,0,,,,,West Bengal
,"NASKAR ST",,,"MUKUNDAPUR",SUBRATA DAS,Y,0,,0,N,0,,R,"ADDYA AGENCY",,"",,"",,,,,,,,0,,,,,West Bengal
,"NATUN STORES",,KENDUA MAIN ROAD,"KENDUA MAIN ROAD",SUBRATA DAS,Y,0,,0,N,0,,R,"TRIPTI ENT",,"",,"",,,,,,,,0,,,,,West Bengal
,"NAVIN BHANDER",,ANANDAPUR,"ANANDAPUR",SUBRATA DAS,Y,0,,0,N,0,,R,"ADDYA AGENCY",,"",,"",,,,,,,,0,,,,,West Bengal
,"NAWAT",,ANANDAPUR,"ANANDAPUR",SUBRATA DAS,Y,0,,0,N,0,,R,"MA SARADA ENT",,"",,"",,,,,,,,0,,,,,West Bengal
,"NEED",,HOSSAINPUR,"HOSSAINPUR",SUBRATA DAS,Y,0,,0,N,0,,R,"ADDYA AGENCY",,"",,"",,,,,,,,0,,,,,West Bengal
,"NEED",,BEDIA DANGA,"BEDIA DANGA",SUBRATA DAS,Y,0,,0,N,0,,R,"ANUSHREE ENT",,"",,"",,,,,,,,0,,,,,West Bengal
,"NEHA",,BALLYGANJ,"BALLYGANJ",SUBRATA DAS,Y,0,,0,N,0,,R,"ANUSHREE ENT",,"",,"",,,,,,,,0,,,,,West Bengal
,"NESUS GUPTA STORES",,K .N.SEN ROAD,"K .N.SEN ROAD",SUBRATA DAS,Y,0,,0,N,0,,R,"ANUSHREE ENT",,"",,"",,,,,,,,0,,,,,West Bengal
,"NESUS SUCHITRA",,PURBACHAL MAIN ROAD,"PURBACHAL MAIN ROAD",SUBRATA DAS,Y,0,,0,N,0,,R,"DAS MARKETING",,"",,"",,,,,,,,0,,,,,West Bengal
,"NEW ANJALI STORES",,ANANDAPUR,"ANANDAPUR",SUBRATA DAS,Y,0,,0,N,0,,R,"ADDYA AGENCY",,"",,"",,,,,,,,0,,,,,West Bengal
,"NEW BARANASHI PAN",,NAKTALA,"NAKTALA",SUBRATA DAS,Y,0,,0,N,0,,R,"TRIPTI ENT",,"",,"",,,,,,,,0,,,,,West Bengal
,"NEW GOBINDA BHANDAR",,BIJOYGARH,"BIJOYGARH",SUBRATA DAS,Y,0,,0,N,0,,R,"RAJMITA ENT",,"",,"",,,,,,,,0,,,,,West Bengal
,"NEW GUPTA STORES",,JADHAVPUR BAZAR,"JADHAVPUR BAZAR",SUBRATA DAS,Y,0,,0,N,0,,R,"M.M.ENT",,"",,"",,,,,,,,0,,,,,West Bengal
,"NEW LAKHMI NARAYAN BHANDER",,PURBACHAL MAIN ROAD,"PURBACHAL MAIN ROAD",SUBRATA DAS,Y,0,,0,N,0,,R,"DAS MARKETING",,"",,"",,,,,,,,0,,,,,West Bengal
,"NEW LOKHNATH STORES",,NETAJI NAGAR,"NETAJI NAGAR",SUBRATA DAS,Y,0,,0,N,0,,R,"SHIB TRADERS",,"",,"",,,,,,,,0,,,,,West Bengal
,"NEW MA MANASHA PRINT",,PRINCE GOLAM MAHAMMA,"PRINCE GOLAM MAHAMMAD SAHA ROAD",SUBRATA DAS,Y,0,,0,N,0,,R,"M.M.ENT",,"",,"",,,,,,,,0,,,,,West Bengal
,"NEW RAJENDRA STORES",,GARIAHAT ROAD DHAKU,"GARIAHAT ROAD DHAKURIA",SUBRATA DAS,Y,0,,0,N,0,,R,"SHIB TRADERS",,"",,"",,,,,,,,0,,,,,West Bengal
,"NEW ROY STORES",,AJOYNAGAR,"AJOYNAGAR",SUBRATA DAS,Y,0,,0,N,0,,R,"ADDYA AGENCY",,"",,"",,,,,,,,0,,,,,West Bengal
,"NEW SANSARI STORES",,HARIPADA DUTTA LANE,"HARIPADA DUTTA LANE",SUBRATA DAS,Y,0,,0,N,0,,R,"M.M.ENT",,"",,"",,,,,,,,0,,,,,West Bengal
,"NIBEDITA STORE",,RAJA HARIS CHATTERJE,"RAJA HARIS CHATTERJEE STREET",SUBRATA DAS,Y,0,,0,N,0,,R,"M.S.ENT",,"",,"",,,,,,,,0,,,,,West Bengal
,"NILKANTHA STORES",,NETAJI NAGAR,"NETAJI NAGAR",SUBRATA DAS,Y,0,,0,N,0,,R,"SHIB TRADERS",,"",,"",,,,,,,,0,,,,,West Bengal
,"NIRMAL TEA",,SELIMPUR,"SELIMPUR",SUBRATA DAS,Y,0,,0,N,0,,R,"DAS MARKETING",,"",,"",,,,,,,,0,,,,,West Bengal
,"NIRMAL TEA HOUSE",,SALIMPUR ROAD,"SALIMPUR ROAD",SUBRATA DAS,Y,0,,0,N,0,,R,"SHIB TRADERS",,"",,"",,,,,,,,0,,,,,West Bengal
,"NIRMAL TEA HOUSE",,SALIMPUR,"SALIMPUR",SUBRATA DAS,Y,0,,0,N,0,,R,"M.M.ENT",,"",,"",,,,,,,,0,,,,,West Bengal
,"NISHA STORES",,GARIAHAT ROAD,"GARIAHAT ROAD",SUBRATA DAS,Y,0,,0,N,0,,R,"DAS MARKETING",,"",,"",,,,,,,,0,,,,,West Bengal
,"NISHA STORES",,GARIAHAT SOUTH ROAD,"GARIAHAT SOUTH ROAD",SUBRATA DAS,Y,0,,0,N,0,,R,"SHIB TRADERS",,"",,"",,,,,,,,0,,,,,West Bengal
,"NOOR STORES",,PATULI,"PATULI",SUBRATA DAS,Y,0,,0,N,0,,R,"MA KALI ENT",,"",,"",,,,,,,,0,,,,,West Bengal
,"O S ENTERPRISE",,NITAI NAGAR,"NITAI NAGAR",SUBRATA DAS,Y,0,,0,N,0,,R,"ADDYA AGENCY",,"",,"",,,,,,,,0,,,,,West Bengal
,"OM GENERAL",,NITAI NAGAR,"NITAI NAGAR",SUBRATA DAS,Y,0,,0,N,0,,R,"ADDYA AGENCY",,"",,"",,,,,,,,0,,,,,West Bengal
,"OMM NAMA SHIVAYA",,BADINDANGA ROAD,"BADINDANGA ROAD",SUBRATA DAS,Y,0,,0,N,0,,R,"ANUSHREE ENT",,"",,"",,,,,,,,0,,,,,West Bengal
,"OMM SAI STORES",,BOSEPUKUR ROAD,"BOSEPUKUR ROAD",SUBRATA DAS,Y,0,,0,N,0,,R,"DAS MARKETING",,"",,"",,,,,,,,0,,,,,West Bengal
,"P.B DEB",,AP.CHATTARJEE,"AP.CHATTARJEE",SUBRATA DAS,Y,0,,0,N,0,,R,"SHIB TRADERS",,"",,"",,,,,,,,0,,,,,West Bengal
,"PADMA STORES",,BAGHAJATIN,"BAGHAJATIN",SUBRATA DAS,Y,0,,0,N,0,,R,"TRIPTI ENT",,"",,"",,,,,,,,0,,,,,West Bengal
,"PAL STORE",,JADU BAZAR,"JADU BAZAR",SUBRATA DAS,Y,0,,0,N,0,,R,"M.S.ENT",,"",,"",,,,,,,,0,,,,,West Bengal
,"PALASHI STORES",,ANANDAPUR,"ANANDAPUR",SUBRATA DAS,Y,0,,0,N,0,,R,"ADDYA AGENCY",,"",,"",,,,,,,,0,,,,,West Bengal
,"PALLAB PAN",,STADIUM NAGAR,"STADIUM NAGAR",SUBRATA DAS,Y,0,,0,N,0,,R,"ADDYA AGENCY",,"",,"",,,,,,,,0,,,,,West Bengal
,"PANI GRAHI PAN",,BOSE PUKUR,"BOSE PUKUR",SUBRATA DAS,Y,0,,0,N,0,,R,"DAS MARKETING",,"",,"",,,,,,,,0,,,,,West Bengal
,"PANU STORE",,LELINNAGAR,"LELINNAGAR",SUBRATA DAS,Y,0,,0,N,0,,R,"DAS MARKETING",,"",,"",,,,,,,,0,,,,,West Bengal
,"PAPPU STORE",,NSC BOSE ROAD,"NSC BOSE ROAD",SUBRATA DAS,Y,0,,0,N,0,,R,"TRIPTI ENT",,"",,"",,,,,,,,0,,,,,West Bengal
,"PAPPU VARIETY STORES",,AJOY NAGAR,"AJOY NAGAR",SUBRATA DAS,Y,0,,0,N,0,,R,"ADDYA AGENCY",,"",,"",,,,,,,,0,,,,,West Bengal
,"PARAMPARA UDYOG",,,"NAGERBAZAR",PRASUN DUTTA,Y,0,,0,N,0,,D,"",,"",,"",,,,,,,,0,,,,,West Bengal
,"PARTHA STORES",,PURBA LANE,"PURBA LANE",SUBRATA DAS,Y,0,,0,N,0,,R,"ADDYA AGENCY",,"",,"",,,,,,,,0,,,,,West Bengal
,"PAUL BHANDAR",,BHARMAPUR BADURTALA,"BHARMAPUR BADURTALA",SUBRATA DAS,Y,0,,0,N,0,,R,"TRIPTI ENT",,"",,"",,,,,,,,0,,,,,West Bengal
,"PAUL BHANDER",,,"MUKUNDAPUR",SUBRATA DAS,Y,0,,0,N,0,,R,"ADDYA AGENCY",,"",,"",,,,,,,,0,,,,,West Bengal
,"PAUL VARIETY",,RAMGARH,"RAMGARH",SUBRATA DAS,Y,0,,0,N,0,,R,"TRIPTI ENT",,"",,"",,,,,,,,0,,,,,West Bengal
,"PAWAN STORES",,HAZRA ROAD,"HAZRA ROAD",SUBRATA DAS,Y,0,,0,N,0,,R,"ANUSHREE ENT",,"",,"",,,,,,,,0,,,,,West Bengal
,"PAYEL VARIETY STORES",,AJOYNAGAR,"AJOYNAGAR",SUBRATA DAS,Y,0,,0,N,0,,R,"ADDYA AGENCY",,"",,"",,,,,,,,0,,,,,West Bengal
,"PINKU STORES",,BIRNAGAR,"BIRNAGAR",SUBRATA DAS,Y,0,,0,N,0,,R,"TRIPTI ENT",,"",,"",,,,,,,,0,,,,,West Bengal
,"PINTU PAN SHOP",,GARFA main road,"GARFA MAIN ROAD",SUBRATA DAS,Y,0,,0,N,0,,R,"DAS MARKETING",,"",,"",,,,,,,,0,,,,,West Bengal
,"PINTU SHAW",,BAISANGHATA,"BAISANGHATA",SUBRATA DAS,Y,0,,0,N,0,,R,"MA KALI ENT",,"",,"",,,,,,,,0,,,,,West Bengal
,"PINTU STORES",,AHALLA NAGAR,"AHALLA NAGAR",SUBRATA DAS,Y,0,,0,N,0,,R,"ADDYA AGENCY",,"",,"",,,,,,,,0,,,,,West Bengal
,"PKD BIKROYKENDRA",,DESHBANDHU ROAD,"DESHBANDHU ROAD",SUBRATA DAS,Y,0,,0,N,0,,R,"TRIPTI ENT",,"",,"",,,,,,,,0,,,,,West Bengal
,"PODDER STORES",,BAGHAJATIN,"BAGHAJATIN",SUBRATA DAS,Y,0,,0,N,0,,R,"SHIB TRADERS",,"",,"",,,,,,,,0,,,,,West Bengal
,"POTHER SATHI",,PATULI,"PATULI",SUBRATA DAS,Y,0,,0,N,0,,R,"MA KALI ENT",,"",,"",,,,,,,,0,,,,,West Bengal
,"PRABHAS PAN",,JHEEL ROAD,"JHEEL ROAD",SUBRATA DAS,Y,0,,0,N,0,,R,"DAS MARKETING",,"",,"",,,,,,,,0,,,,,West Bengal
,"PRADIP STORES",,SAMMILANI PARK,"SAMMILANI PARK",SUBRATA DAS,Y,0,,0,N,0,,R,"MA KALI ENT",,"",,"",,,,,,,,0,,,,,West Bengal
,"PRADIP STORES",,SWIN HU LANE,"SWIN HU LANE",SUBRATA DAS,Y,0,,0,N,0,,R,"ANUSHREE ENT",,"",,"",,,,,,,,0,,,,,West Bengal
,"PRADIP STORES",,PANCHANANTALA,"PANCHANANTALA",SUBRATA DAS,Y,0,,0,N,0,,R,"ANUSHREE ENT",,"",,"",,,,,,,,0,,,,,West Bengal
,"PRAKASH VARIETY STORE",,DR.G.S BOSE ROAD,"DR.G.S BOSE ROAD",SUBRATA DAS,Y,0,,0,N,0,,R,"ANUSHREE ENT",,"",,"",,,,,,,,0,,,,,West Bengal
,"PRANABANANDA STORES",,DR.G.S BOSE ROAD,"DR.G.S BOSE ROAD",SUBRATA DAS,Y,0,,0,N,0,,R,"ANUSHREE ENT",,"",,"",,,,,,,,0,,,,,West Bengal
,"PRANAM GENERAL STORES",,RAIPUR ROAD,"RAIPUR ROAD",SUBRATA DAS,Y,0,,0,N,0,,R,"SHIB TRADERS",,"",,"",,,,,,,,0,,,,,West Bengal
,"PRANKIT ENT",,,"BEHALA",SUJIT SARKAR,Y,0,,0,N,0,,D,"",,"",,"",,,,,,,,0,,,,,West Bengal
,"PRATIDIN",,BAGHAJATIN,"BAGHAJATIN",SUBRATA DAS,Y,0,,0,N,0,,R,"SHIB TRADERS",,"",,"",,,,,,,,0,,,,,West Bengal
,"PRATIMA DAS",,SAMILLANI PARK,"SAMILLANI PARK",SUBRATA DAS,Y,0,,0,N,0,,R,"MA KALI ENT",,"",,"",,,,,,,,0,,,,,West Bengal
,"PRATIMA STORES",,BAGHAJATIN,"BAGHAJATIN",SUBRATA DAS,Y,0,,0,N,0,,R,"TRIPTI ENT",,"",,"",,,,,,,,0,,,,,West Bengal
,"PRIYANKA STORES",,ANANDAPUR,"ANANDAPUR",SUBRATA DAS,Y,0,,0,N,0,,R,"ADDYA AGENCY",,"",,"",,,,,,,,0,,,,,West Bengal
,"PROYOJONIO",,SALIMPUR ROAD,"SALIMPUR ROAD",SUBRATA DAS,Y,0,,0,N,0,,R,"DAS MARKETING",,"",,"",,,,,,,,0,,,,,West Bengal
,"PUJA GENERAL",,PICNIC GARDEN,"PICNIC GARDEN",SUBRATA DAS,Y,0,,0,N,0,,R,"ANUSHREE ENT",,"",,"",,,,,,,,0,,,,,West Bengal
,"PULOK HALDER",,SWIN HU LANE,"SWIN HU LANE",SUBRATA DAS,Y,0,,0,N,0,,R,"ANUSHREE ENT",,"",,"",,,,,,,,0,,,,,West Bengal
,"PUNIT SHAW",,BOSE PUKUR ROAD,"BOSE PUKUR ROAD",SUBRATA DAS,Y,0,,0,N,0,,R,"DAS MARKETING",,"",,"",,,,,,,,0,,,,,West Bengal
,"PURABI",,GARIAHAT,"GARIAHAT",SUBRATA DAS,Y,0,,0,N,0,,R,"M.M.ENT",,"",,"",,,,,,,,0,,,,,West Bengal
,"R,K STORES",,N.C CHOWDHURY ROAD,"N.C CHOWDHURY ROAD",SUBRATA DAS,Y,0,,0,N,0,,R,"DAS MARKETING",,"",,"",,,,,,,,0,,,,,West Bengal
,"R. GHOSH",,PURBACHAL MAIN ROAD,"PURBACHAL MAIN ROAD",SUBRATA DAS,Y,0,,0,N,0,,R,"DAS MARKETING",,"",,"",,,,,,,,0,,,,,West Bengal
,"R. K GUPTA",,GOBINDAPUR,"GOBINDAPUR",SUBRATA DAS,Y,0,,0,N,0,,R,"M.M.ENT",,"",,"",,,,,,,,0,,,,,West Bengal
,"R.C SHAW",,LAKE GARDENS,"LAKE GARDENS",SUBRATA DAS,Y,0,,0,N,0,,R,"M.M.ENT",,"",,"",,,,,,,,0,,,,,West Bengal
,"R.P ENT",,,"BELEGHATA",AVIJIT CHATTERJEE,Y,0,,0,N,0,,D,"",,"",,"",,,,,,,,0,,,,,West Bengal
,"R.S STORES",,SERVEY PARK,"SERVEY PARK",SUBRATA DAS,Y,0,,0,N,0,,R,"MA KALI ENT",,"",,"",,,,,,,,0,,,,,West Bengal
,"RABIN STORES",,BALLYGANJ,"BALLYGANJ",SUBRATA DAS,Y,0,,0,N,0,,R,"ANUSHREE ENT",,"",,"",,,,,,,,0,,,,,West Bengal
,"RABINDRA BHANDAR",,PALLYSREE,"PALLYSREE",SUBRATA DAS,Y,0,,0,N,0,,R,"SHIB TRADERS",,"",,"",,,,,,,,0,,,,,West Bengal
,"RADHA GOBINDA STORES",,BOSE PUKUR ROAD,"BOSE PUKUR ROAD",SUBRATA DAS,Y,0,,0,N,0,,R,"ANUSHREE ENT",,"",,"",,,,,,,,0,,,,,West Bengal
,"RADHA RANI STORES",,SWIN HU LANE,"SWIN HU LANE",SUBRATA DAS,Y,0,,0,N,0,,R,"ANUSHREE ENT",,"",,"",,,,,,,,0,,,,,West Bengal
,"RADHARANI STORES",,JODHPUR BAZAR,"JODHPUR BAZAR",SUBRATA DAS,Y,0,,0,N,0,,R,"M.M.ENT",,"",,"",,,,,,,,0,,,,,West Bengal
,"RADHIKA STORES",,VIVEK NAGAR,"VIVEK NAGAR",SUBRATA DAS,Y,0,,0,N,0,,R,"DAS MARKETING",,"",,"",,,,,,,,0,,,,,West Bengal
,"RAJ KUMAR STORES",,NAKTALA,"NAKTALA",SUBRATA DAS,Y,0,,0,N,0,,R,"TRIPTI ENT",,"",,"",,,,,,,,0,,,,,West Bengal
,"RAJ LAXMI",,BIDYASAGAR,"BIDYASAGAR",SUBRATA DAS,Y,0,,0,N,0,,R,"SHIB TRADERS",,"",,"",,,,,,,,0,,,,,West Bengal
,"RAJ STORES",,SWIN HU LANE,"SWIN HU LANE",SUBRATA DAS,Y,0,,0,N,0,,R,"ANUSHREE ENT",,"",,"",,,,,,,,0,,,,,West Bengal
,"RAJ VARITES",,DR.G.S BOSE ROAD,"DR.G.S BOSE ROAD",SUBRATA DAS,Y,0,,0,N,0,,R,"ANUSHREE ENT",,"",,"",,,,,,,,0,,,,,West Bengal
,"RAJA STORES",,GARFA main road,"GARFA MAIN ROAD",SUBRATA DAS,Y,0,,0,N,0,,R,"DAS MARKETING",,"",,"",,,,,,,,0,,,,,West Bengal
,"RAJAT STORES",,MAJUMDER ROAD,"MAJUMDER ROAD",SUBRATA DAS,Y,0,,0,N,0,,R,"DAS MARKETING",,"",,"",,,,,,,,0,,,,,West Bengal
,"RAJESH STORES",,BOSE PUKUR ROAD,"BOSE PUKUR ROAD",SUBRATA DAS,Y,0,,0,N,0,,R,"ANUSHREE ENT",,"",,"",,,,,,,,0,,,,,West Bengal
,"RAJMITA ENT",,GANGULYBAGAN,"GANGULYBAGAN",SUBRATA DAS,Y,0,,0,N,0,,D,"",,"",,"",,,,,,,,0,,,,,West Bengal
,"RAJU ENT",,,"BORAL",DIBYENDU BASAK,Y,0,,0,N,0,,D,"",,"",,"",,,,,,,,0,,,,,West Bengal
,"RAJU STORES",,BOSE PUKUR ROAD,"BOSE PUKUR ROAD",SUBRATA DAS,Y,0,,0,N,0,,R,"DAS MARKETING",,"",,"",,,,,,,,0,,,,,West Bengal
,"RAJU STORES",,BOSE PUKUR,"BOSE PUKUR",SUBRATA DAS,Y,0,,0,N,0,,R,"DAS MARKETING",,"",,"",,,,,,,,0,,,,,West Bengal
,"RAJU STORES",,AT CHATTERJEE ROAD,"AT CHATTERJEE ROAD",SUBRATA DAS,Y,0,,0,N,0,,R,"SHIB TRADERS",,"",,"",,,,,,,,0,,,,,West Bengal
,"RAJU STORES",,KATGA NAGAR,"KATGA NAGAR",SUBRATA DAS,Y,0,,0,N,0,,R,"M.M.ENT",,"",,"",,,,,,,,0,,,,,West Bengal
,"RAKAMARI STORES",,GARFA main road,"GARFA MAIN ROAD",SUBRATA DAS,Y,0,,0,N,0,,R,"DAS MARKETING",,"",,"",,,,,,,,0,,,,,West Bengal
,"RAM PAN SHOP",,K.P ROY LANE,"K.P ROY LANE",SUBRATA DAS,Y,0,,0,N,0,,R,"DAS MARKETING",,"",,"",,,,,,,,0,,,,,West Bengal
,"RAM PRASAD SHAW",,SAHID NAGAR,"SAHID NAGAR",SUBRATA DAS,Y,0,,0,N,0,,R,"DAS MARKETING",,"",,"",,,,,,,,0,,,,,West Bengal
,"RAM STORES",,SAMMILANI PARK,"SAMMILANI PARK",SUBRATA DAS,Y,0,,0,N,0,,R,"MA KALI ENT",,"",,"",,,,,,,,0,,,,,West Bengal
,"RAM THAKUR BHANDAR",,RAMGARH,"RAMGARH",SUBRATA DAS,Y,0,,0,N,0,,R,"TRIPTI ENT",,"",,"",,,,,,,,0,,,,,West Bengal
,"RAM THAKUR BHANDAR",,DESH BANDHU ROAD,"DESH BANDHU ROAD",SUBRATA DAS,Y,0,,0,N,0,,R,"TRIPTI ENT",,"",,"",,,,,,,,0,,,,,West Bengal
,"RAM THAKUR BHANDAR",,SRI COLONY BAZAR,"SRI COLONY BAZAR",SUBRATA DAS,Y,0,,0,N,0,,R,"RAJMITA ENT",,"",,"",,,,,,,,0,,,,,West Bengal
,"RAM THAKUR ENTERPRISE",,PALLYSREE,"PALLYSREE",SUBRATA DAS,Y,0,,0,N,0,,R,"SHIB TRADERS",,"",,"",,,,,,,,0,,,,,West Bengal
,"RAM THAKUR STORES",,,"MUKUNDAPUR",SUBRATA DAS,Y,0,,0,N,0,,R,"ADDYA AGENCY",,"",,"",,,,,,,,0,,,,,West Bengal
,"RAM THAKUR VARIETY STORES",,,"PURBCHAL MAIN ROAD",SUBRATA DAS,Y,0,,0,N,0,,R,"DAS MARKETING",,"",,"",,,,,,,,0,,,,,West Bengal
,"RAMESH SHAW",,BIDHAN PALLY,"BIDHAN PALLY",SUBRATA DAS,Y,0,,0,N,0,,R,"TRIPTI ENT",,"",,"",,,,,,,,0,,,,,West Bengal
,"RAMESH SHAW",,ANANDAPUR,"ANANDAPUR",SUBRATA DAS,Y,0,,0,N,0,,R,"ADDYA AGENCY",,"",,"",,,,,,,,0,,,,,West Bengal
,"RAMKRISHNA DASAKARMA STORES",,GARIA KMC,"GARIA KMC",SUBRATA DAS,Y,0,,0,N,0,,R,"ANUSHREE ENT",,"",,"",,,,,,,,0,,,,,West Bengal
,"RAMKRISHNA STORES",,RAIPUR ROAD,"RAIPUR ROAD",SUBRATA DAS,Y,0,,0,N,0,,R,"SHIB TRADERS",,"",,"",,,,,,,,0,,,,,West Bengal
,"RAMKRISHNA STORES",,LAKE GARDEN,"LAKE GARDEN",SUBRATA DAS,Y,0,,0,N,0,,R,"M.M.ENT",,"",,"",,,,,,,,0,,,,,West Bengal
,"RAMKRISHNA STORES",,P ANWAR SHAH ROAD,"P ANWAR SHAH ROAD",SUBRATA DAS,Y,0,,0,N,0,,R,"M.M.ENT",,"",,"",,,,,,,,0,,,,,West Bengal
,"RAMTHAKUR DASAKARMA",,RATHTALA,"RATHTALA",SUBRATA DAS,Y,0,,0,N,0,,R,"TRIPTI ENT",,"",,"",,,,,,,,0,,,,,West Bengal
,"RANJAN ROY STORES",,V.I.P NAGAR,"V.I.P NAGAR",SUBRATA DAS,Y,0,,0,N,0,,R,"ANUSHREE ENT",,"",,"",,,,,,,,0,,,,,West Bengal
,"RANJIT SAMANTA",,SOUTHERN MARKET,"SOUTHERN MARKET",SUBRATA DAS,Y,0,,0,N,0,,D,"",,"",,"",,,,,,,,0,,,,,West Bengal
,"RANJIT STORE",,ANANDAPUR,"ANANDAPUR",SUBRATA DAS,Y,0,,0,N,0,,R,"MA SARADA ENT",,"",,"",,,,,,,,0,,,,,West Bengal
,"RC BHANDER",,NASKARHAT,"NASKARHAT",SUBRATA DAS,Y,0,,0,N,0,,R,"ANUSHREE ENT",,"",,"",,,,,,,,0,,,,,West Bengal
,"RC. KARMAKAR",,PADMAPUKUR ROAD,"PADMAPUKUR ROAD",SUBRATA DAS,Y,0,,0,N,0,,R,"SHIB TRADERS",,"",,"",,,,,,,,0,,,,,West Bengal
,"RENUKA STORES",,SREE COLONY,"SREE COLONY",SUBRATA DAS,Y,0,,0,N,0,,R,"SHIB TRADERS",,"",,"",,,,,,,,0,,,,,West Bengal
,"RIPON STORES",,DINESH NAGAR,"DINESH NAGAR",SUBRATA DAS,Y,0,,0,N,0,,R,"ADDYA AGENCY",,"",,"",,,,,,,,0,,,,,West Bengal
,"ROBI SIL",,JADAVPUR,"JADAVPUR",SUBRATA DAS,Y,0,,0,N,0,,R,"DAS MARKETING",,"",,"",,,,,,,,0,,,,,West Bengal
,"ROHIT STORES",,PICNIC GARDEN,"PICNIC GARDEN",SUBRATA DAS,Y,0,,0,N,0,,R,"ANUSHREE ENT",,"",,"",,,,,,,,0,,,,,West Bengal
,"ROY ENTERPRISE",,LENI NAGAR,"LENI NAGAR",SUBRATA DAS,Y,0,,0,N,0,,R,"DAS MARKETING",,"",,"",,,,,,,,0,,,,,West Bengal
,"ROY PAN",,KALIBARI LANE,"KALIBARI LANE",SUBRATA DAS,Y,0,,0,N,0,,R,"SHIB TRADERS",,"",,"",,,,,,,,0,,,,,West Bengal
,"ROY STORES",,AHALLA NAGAR,"AHALLA NAGAR",SUBRATA DAS,Y,0,,0,N,0,,R,"ADDYA AGENCY",,"",,"",,,,,,,,0,,,,,West Bengal
,"ROYS STORES",,,"MUKUNDAPUR",SUBRATA DAS,Y,0,,0,N,0,,R,"ADDYA AGENCY",,"",,"",,,,,,,,0,,,,,West Bengal
,"RP GUPTA",,BOSEPUKUR ROAD,"BOSEPUKUR ROAD",SUBRATA DAS,Y,0,,0,N,0,,R,"DAS MARKETING",,"",,"",,,,,,,,0,,,,,West Bengal
,"S GUPTA",,PLAM AVENUE,"PLAM AVENUE",SUBRATA DAS,Y,0,,0,N,0,,R,"ANUSHREE ENT",,"",,"",,,,,,,,0,,,,,West Bengal
,"S KUMAR",,DHAKURIA SALIMPUR,"DHAKURIA SALIMPUR",SUBRATA DAS,Y,0,,0,N,0,,R,"DAS MARKETING",,"",,"",,,,,,,,0,,,,,West Bengal
,"S KUMAR",,SALIMPUR ROAD,"SALIMPUR ROAD",SUBRATA DAS,Y,0,,0,N,0,,R,"SHIB TRADERS",,"",,"",,,,,,,,0,,,,,West Bengal
,"S R FAST FOOD",,KASBA NEW MARKET,"KASBA NEW MARKET",SUBRATA DAS,Y,0,,0,N,0,,R,"DAS MARKETING",,"",,"",,,,,,,,0,,,,,West Bengal
,"S, AGARWAL",,JADU BAZAR,"JADU BAZAR",SUBRATA DAS,Y,0,,0,N,0,,R,"M.S.ENT",,"",,"",,,,,,,,0,,,,,West Bengal
,"S,K DAS",,VIVEK NAGAR,"VIVEK NAGAR",SUBRATA DAS,Y,0,,0,N,0,,R,"DAS MARKETING",,"",,"",,,,,,,,0,,,,,West Bengal
,"S,R ENTERPRISE",,15/146 BANK PLOTKO,"15/146 BANK PLOTKOL-75",SUBRATA DAS,Y,0,,0,N,0,,R,"DAS MARKETING",,"",,"",,,,,,,,0,,,,,West Bengal
,"S,S VARIETY",,BADIA DANGA,"BADIA DANGA",SUBRATA DAS,Y,0,,0,N,0,,R,"ANUSHREE ENT",,"",,"",,,,,,,,0,,,,,West Bengal
,"S. DHARA PAN",,ANANDAPUR,"ANANDAPUR",SUBRATA DAS,Y,0,,0,N,0,,R,"ADDYA AGENCY",,"",,"",,,,,,,,0,,,,,West Bengal
,"S. DUTTA",,SALIMPUR ROAD,"SALIMPUR ROAD",SUBRATA DAS,Y,0,,0,N,0,,R,"M.M.ENT",,"",,"",,,,,,,,0,,,,,West Bengal
,"S. KUMAR",,SALIMPUR ROAD,"SALIMPUR ROAD",SUBRATA DAS,Y,0,,0,N,0,,R,"M.M.ENT",,"",,"",,,,,,,,0,,,,,West Bengal
,"S. STORES",,,"VIDYASAGAR COLONY",SUBRATA DAS,Y,0,,0,N,0,,R,"TRIPTI ENT",,"",,"",,,,,,,,0,,,,,West Bengal
,"S.K  BAKSHI",,R.N.DAS RD,"R.N.DAS RD",SUBRATA DAS,Y,0,,0,N,0,,R,"DAS MARKETING",,"",,"",,,,,,,,0,,,,,West Bengal
,"S.K BOSE",,JADU BAZAR,"JADU BAZAR",SUBRATA DAS,Y,0,,0,N,0,,R,"M.S.ENT",,"",,"",,,,,,,,0,,,,,West Bengal
,"S.K DAS",,K.K MAJUMDAR,"K.K MAJUMDAR",SUBRATA DAS,Y,0,,0,N,0,,R,"DAS MARKETING",,"",,"",,,,,,,,0,,,,,West Bengal
,"S.M TRADERS",,,"CHINARPARK",PRASUN DUTTA,Y,0,,0,N,0,,D,"",,"",,"",,,,,,,,0,,,,,West Bengal
,"S.MAITY",,RAJDANGA MAIN ROAD,"RAJDANGA MAIN ROAD",SUBRATA DAS,Y,0,,0,N,0,,R,"DAS MARKETING",,"",,"",,,,,,,,0,,,,,West Bengal
,"SABITA ENT",,,"CHOWHATI",DIBYENDU BASAK,Y,0,,0,N,0,,D,"",,"",,"",,,,,,,,0,,,,,West Bengal
,"SABITA STORES",,GARFA,"GARFA",SUBRATA DAS,Y,0,,0,N,0,,R,"DAS MARKETING",,"",,"",,,,,,,,0,,,,,West Bengal
,"SADHAN MONDAL",,ANANDAPUR,"ANANDAPUR",SUBRATA DAS,Y,0,,0,N,0,,R,"ADDYA AGENCY",,"",,"",,,,,,,,0,,,,,West Bengal
,"SADHANA ENT",,,"BEHALA",SUJIT SARKAR,Y,0,,0,N,0,,D,"",,"",,"",,,,,,,,0,,,,,West Bengal
,"SAGAR STORES",,ANANDAPUR,"ANANDAPUR",SUBRATA DAS,Y,0,,0,N,0,,R,"ADDYA AGENCY",,"",,"",,,,,,,,0,,,,,West Bengal
,"SAGAR&SAGAR",,,"MUKUNDAPUR",SUBRATA DAS,Y,0,,0,N,0,,R,"ADDYA AGENCY",,"",,"",,,,,,,,0,,,,,West Bengal
,"SAHA ENT",,,"DUMDUM",PRASUN DUTTA,Y,0,,0,N,0,,D,"",,"",,"",,,,,,,,0,,,,,West Bengal
,"SAHA STORES",,HALTU,"HALTU",SUBRATA DAS,Y,0,,0,N,0,,R,"DAS MARKETING",,"",,"",,,,,,,,0,,,,,West Bengal
,"SAHA XEROX",,NABADIGANTA,"NABADIGANTA",SUBRATA DAS,Y,0,,0,N,0,,R,"ADDYA AGENCY",,"",,"",,,,,,,,0,,,,,West Bengal
,"SAI RAM STORES",,V.I.P NAGAR,"V.I.P NAGAR",SUBRATA DAS,Y,0,,0,N,0,,R,"ANUSHREE ENT",,"",,"",,,,,,,,0,,,,,West Bengal
,"SAM BILAS STORES",,HALTU,"HALTU",SUBRATA DAS,Y,0,,0,N,0,,R,"DAS MARKETING",,"",,"",,,,,,,,0,,,,,West Bengal
,"SAMBHU BHANDER",,P A SAHA ROAD,"P A SAHA ROAD",SUBRATA DAS,Y,0,,0,N,0,,R,"M.M.ENT",,"",,"",,,,,,,,0,,,,,West Bengal
,"SAMIKHA STORES",,ANANDAPUR,"ANANDAPUR",SUBRATA DAS,Y,0,,0,N,0,,R,"ADDYA AGENCY",,"",,"",,,,,,,,0,,,,,West Bengal
,"SAMIR PAL",,KAKULIA ROAD,"KAKULIA ROAD",SUBRATA DAS,Y,0,,0,N,0,,R,"ANUSHREE ENT",,"",,"",,,,,,,,0,,,,,West Bengal
,"SAMIR STORES",,,"MUKUNDAPUR",SUBRATA DAS,Y,0,,0,N,0,,R,"ADDYA AGENCY",,"",,"",,,,,,,,0,,,,,West Bengal
,"SAMPRITHA STORES",,JANNNAGAR BAZAR,"JANNNAGAR BAZAR",SUBRATA DAS,Y,0,,0,N,0,,R,"ADDYA AGENCY",,"",,"",,,,,,,,0,,,,,West Bengal
,"SAMRITI STORES",,PRINCE GOLAM MAHAMMA,"PRINCE GOLAM MAHAMMAD SAHA ROAD",SUBRATA DAS,Y,0,,0,N,0,,R,"M.M.ENT",,"",,"",,,,,,,,0,,,,,West Bengal
,"SANANDA BHANDER",,V.I.P NAGAR,"V.I.P NAGAR",SUBRATA DAS,Y,0,,0,N,0,,R,"ANUSHREE ENT",,"",,"",,,,,,,,0,,,,,West Bengal
,"SANDHYA STORES",,VIDYA SAGAR COLONY,"VIDYA SAGAR COLONY",SUBRATA DAS,Y,0,,0,N,0,,R,"TRIPTI ENT",,"",,"",,,,,,,,0,,,,,West Bengal
,"SANJOY ENT",,,"BELEGHATA",PRASUN DUTTA,Y,0,,0,N,0,,D,"",,"",,"",,,,,,,,0,,,,,West Bengal
,"SANJUKTA STORES",,VIVEKANANDA PARK,"VIVEKANANDA PARK",SUBRATA DAS,Y,0,,0,N,0,,R,"ADDYA AGENCY",,"",,"",,,,,,,,0,,,,,West Bengal
,"SANKAR BHANDAR",,GARFA main road,"GARFA MAIN ROAD",SUBRATA DAS,Y,0,,0,N,0,,R,"DAS MARKETING",,"",,"",,,,,,,,0,,,,,West Bengal
,"SANKAR STORES",,PATULI,"PATULI",SUBRATA DAS,Y,0,,0,N,0,,R,"TRIPTI ENT",,"",,"",,,,,,,,0,,,,,West Bengal
,"SANKAR STORES",,BHABANIPUR,"BHABANIPUR",SUBRATA DAS,Y,0,,0,N,0,,R,"TRIPTI ENT",,"",,"",,,,,,,,0,,,,,West Bengal
,"SANKAR STORES",,BOSEPUKUR ROAD,"BOSEPUKUR ROAD",SUBRATA DAS,Y,0,,0,N,0,,R,"DAS MARKETING",,"",,"",,,,,,,,0,,,,,West Bengal
,"SANKAR STORES",,JODHPUR GARDEN,"JODHPUR GARDEN",SUBRATA DAS,Y,0,,0,N,0,,R,"M.M.ENT",,"",,"",,,,,,,,0,,,,,West Bengal
,"SARADA BH",,V.I.P NAGAR,"V.I.P NAGAR",SUBRATA DAS,Y,0,,0,N,0,,R,"MA SARADA ENT",,"",,"",,,,,,,,0,,,,,West Bengal
,"SARADA STORES",,SAMMILANI PARK,"SAMMILANI PARK",SUBRATA DAS,Y,0,,0,N,0,,R,"MA KALI ENT",,"",,"",,,,,,,,0,,,,,West Bengal
,"SARADA STORES",,GARFA main road,"GARFA MAIN ROAD",SUBRATA DAS,Y,0,,0,N,0,,R,"DAS MARKETING",,"",,"",,,,,,,,0,,,,,West Bengal
,"SARADA STORES",,RAIPUR ROAD,"RAIPUR ROAD",SUBRATA DAS,Y,0,,0,N,0,,R,"SHIB TRADERS",,"",,"",,,,,,,,0,,,,,West Bengal
,"SARADA STORES",,LAKE GARDEN,"LAKE GARDEN",SUBRATA DAS,Y,0,,0,N,0,,R,"M.M.ENT",,"",,"",,,,,,,,0,,,,,West Bengal
,"SARASWATI STORES",,JADHAVPUR GARDEN ROA,"JADHAVPUR GARDEN ROAD",SUBRATA DAS,Y,0,,0,N,0,,R,"M.M.ENT",,"",,"",,,,,,,,0,,,,,West Bengal
,"SARKAR STORES",,EAST RAJAPUR,"EAST RAJAPUR",SUBRATA DAS,Y,0,,0,N,0,,R,"MA KALI ENT",,"",,"",,,,,,,,0,,,,,West Bengal
,"SARKAR STORES",,RAJAPUR,"RAJAPUR",SUBRATA DAS,Y,0,,0,N,0,,R,"MA KALI ENT",,"",,"",,,,,,,,0,,,,,West Bengal
,"SARMILA FOOD MART",,GARIAHAT ROAD,"GARIAHAT ROAD",SUBRATA DAS,Y,0,,0,N,0,,R,"M.M.ENT",,"",,"",,,,,,,,0,,,,,West Bengal
,"SASHANKA BANIK",,ANANDAPUR,"ANANDAPUR",SUBRATA DAS,Y,0,,0,N,0,,R,"ADDYA AGENCY",,"",,"",,,,,,,,0,,,,,West Bengal
,"SATHI STORES",,SALIMPUR ROAD,"SALIMPUR ROAD",SUBRATA DAS,Y,0,,0,N,0,,R,"DAS MARKETING",,"",,"",,,,,,,,0,,,,,West Bengal
,"SATTYA NARAYAN BHANDAR",,LAKE GARGEN,"LAKE GARGEN",SUBRATA DAS,Y,0,,0,N,0,,R,"M.M.ENT",,"",,"",,,,,,,,0,,,,,West Bengal
,"SATYA NARAYAN",,KP ROY ROAD,"KP ROY ROAD",SUBRATA DAS,Y,0,,0,N,0,,R,"DAS MARKETING",,"",,"",,,,,,,,0,,,,,West Bengal
,"SATYA NARAYAN BHANDAR",,NETAJI NAGAR,"NETAJI NAGAR",SUBRATA DAS,Y,0,,0,N,0,,R,"SHIB TRADERS",,"",,"",,,,,,,,0,,,,,West Bengal
,"SAYANI DAS",,PURNADAS ROAD,"PURNADAS ROAD",SUBRATA DAS,Y,0,,0,N,0,,R,"ANUSHREE ENT",,"",,"",,,,,,,,0,,,,,West Bengal
,"SEPHALI STORES",,RN DAS ROAD,"RN DAS ROAD",SUBRATA DAS,Y,0,,0,N,0,,R,"DAS MARKETING",,"",,"",,,,,,,,0,,,,,West Bengal
,"SERVER PAR STORE",,SERVEY PARK,"SERVEY PARK",SUBRATA DAS,Y,0,,0,N,0,,R,"DAS MARKETING",,"",,"",,,,,,,,0,,,,,West Bengal
,"SHACHIN SHAW",,NASKER LANE,"NASKER LANE",SUBRATA DAS,Y,0,,0,N,0,,R,"ANUSHREE ENT",,"",,"",,,,,,,,0,,,,,West Bengal
,"SHANKAR STORES",,JODHPUR BAZAR,"JODHPUR BAZAR",SUBRATA DAS,Y,0,,0,N,0,,R,"M.M.ENT",,"",,"",,,,,,,,0,,,,,West Bengal
,"SHANKAR VARITY STORE",,BAGHAJATIN,"BAGHAJATIN",SUBRATA DAS,Y,0,,0,N,0,,R,"TRIPTI ENT",,"",,"",,,,,,,,0,,,,,West Bengal
,"SHAW PAN SHOP",,ASHUTOSH COLONY,"ASHUTOSH COLONY",SUBRATA DAS,Y,0,,0,N,0,,R,"DAS MARKETING",,"",,"",,,,,,,,0,,,,,West Bengal
,"SHAW STORES",,HALTU,"HALTU",SUBRATA DAS,Y,0,,0,N,0,,R,"DAS MARKETING",,"",,"",,,,,,,,0,,,,,West Bengal
,"SHIB TRADERS",,JADAVPUR,"JADAVPUR",SUBRATA DAS,Y,0,,0,N,0,,D,"",,"",,"",,,,,,,,0,,,,,West Bengal
,"SHIV DURGA STORES",,UTTAR PURBACHAL ROAD,"UTTAR PURBACHAL ROAD",SUBRATA DAS,Y,0,,0,N,0,,R,"DAS MARKETING",,"",,"",,,,,,,,0,,,,,West Bengal
,"SHIV SANKAR BHANDAR",,KENDUA MAIN ROAD,"KENDUA MAIN ROAD",SUBRATA DAS,Y,0,,0,N,0,,R,"TRIPTI ENT",,"",,"",,,,,,,,0,,,,,West Bengal
,"SHIVAM  ENT",,,"AMHA.STREET",AVIJIT CHATTERJEE,Y,0,,0,N,0,,D,"",,"",,"",,,,,,,,0,,,,,West Bengal
,"SHivam STORES",,BAGHAJATIN,"BAGHAJATIN",SUBRATA DAS,Y,0,,0,N,0,,R,"SHIB TRADERS",,"",,"",,,,,,,,0,,,,,West Bengal
,"SHUBHADEEP",,NASKARPARA LANE,"NASKARPARA LANE",SUBRATA DAS,Y,0,,0,N,0,,R,"DAS MARKETING",,"",,"",,,,,,,,0,,,,,West Bengal
,"SHYAM TRADERS",,,"GORABAZAR",PRASUN DUTTA,Y,0,,0,N,0,,D,"",,"",,"",,,,,,,,0,,,,,West Bengal
,"SHYAMAL VARAITY",,BAISHNABGHATA,"BAISHNABGHATA",SUBRATA DAS,Y,0,,0,N,0,,R,"TRIPTI ENT",,"",,"",,,,,,,,0,,,,,West Bengal
,"SHYAMAPADA HALDER",,HILAND PARK,"HILAND PARK",SUBRATA DAS,Y,0,,0,N,0,,R,"MA KALI ENT",,"",,"",,,,,,,,0,,,,,West Bengal
,"SIDHHI VINAYAK STORE",,,"DEBENDRA GHOSH ROAD",SUBRATA DAS,Y,0,,0,N,0,,R,"M.S.ENT",,"",,"",,,,,,,,0,,,,,West Bengal
,"SIPRA STORES",,PURBA PALLYHALTU,"PURBA PALLYHALTU",SUBRATA DAS,Y,0,,0,N,0,,R,"DAS MARKETING",,"",,"",,,,,,,,0,,,,,West Bengal
,"SIPRA VARIETY",,PURBACHAL MAIN ROAD,"PURBACHAL MAIN ROAD",SUBRATA DAS,Y,0,,0,N,0,,R,"DAS MARKETING",,"",,"",,,,,,,,0,,,,,West Bengal
,"SK SHAW",,JODHPUR PARK,"JODHPUR PARK",SUBRATA DAS,Y,0,,0,N,0,,R,"M.M.ENT",,"",,"",,,,,,,,0,,,,,West Bengal
,"SOBAR ASIRBAD BHANDER",,PANCHASAYA ROAD,"PANCHASAYA ROAD",SUBRATA DAS,Y,0,,0,N,0,,R,"MA KALI ENT",,"",,"",,,,,,,,0,,,,,West Bengal
,"SOMA STORES",,JODHPUR GARDEN,"JODHPUR GARDEN",SUBRATA DAS,Y,0,,0,N,0,,R,"M.M.ENT",,"",,"",,,,,,,,0,,,,,West Bengal
,"SONA MONDAL",,SELIMPUR,"SELIMPUR",SUBRATA DAS,Y,0,,0,N,0,,R,"DAS MARKETING",,"",,"",,,,,,,,0,,,,,West Bengal
,"SONA MONDAL",,AT CHATTERJEE ROAD,"AT CHATTERJEE ROAD",SUBRATA DAS,Y,0,,0,N,0,,R,"SHIB TRADERS",,"",,"",,,,,,,,0,,,,,West Bengal
,"SONALI ENTERPRISE",,ANANDAPUR,"ANANDAPUR",SUBRATA DAS,Y,0,,0,N,0,,R,"ADDYA AGENCY",,"",,"",,,,,,,,0,,,,,West Bengal
,"SONI STORES",,NAKTALA,"NAKTALA",SUBRATA DAS,Y,0,,0,N,0,,R,"TRIPTI ENT",,"",,"",,,,,,,,0,,,,,West Bengal
,"SOUMITRA VARIETY",,DR.G.S BOSE ROAD,"DR.G.S BOSE ROAD",SUBRATA DAS,Y,0,,0,N,0,,R,"ANUSHREE ENT",,"",,"",,,,,,,,0,,,,,West Bengal
,"SOUTH LUCKY",,SELIMPUR,"SELIMPUR",SUBRATA DAS,Y,0,,0,N,0,,R,"DAS MARKETING",,"",,"",,,,,,,,0,,,,,West Bengal
,"SOUTH LUCKY",,GARIAHAT ROAD SOUTH,"GARIAHAT ROAD SOUTH",SUBRATA DAS,Y,0,,0,N,0,,R,"SHIB TRADERS",,"",,"",,,,,,,,0,,,,,West Bengal
,"SOUTHERN PRODUCT",,DR. D.D ROY,"DR. D.D ROY",SUBRATA DAS,Y,0,,0,N,0,,R,"M.M.ENT",,"",,"",,,,,,,,0,,,,,West Bengal
,"SOVA TEA HOUSE",,HALTU,"HALTU",SUBRATA DAS,Y,0,,0,N,0,,R,"DAS MARKETING",,"",,"",,,,,,,,0,,,,,West Bengal
,"SREE DEBALOK BHANDAR",,ADARSHA PALLY,"ADARSHA PALLY",SUBRATA DAS,Y,0,,0,N,0,,R,"SHIB TRADERS",,"",,"",,,,,,,,0,,,,,West Bengal
,"SREE DURGA BHANDAR",,SREE COLONY,"SREE COLONY",SUBRATA DAS,Y,0,,0,N,0,,R,"SHIB TRADERS",,"",,"",,,,,,,,0,,,,,West Bengal
,"SREE GANESH",,BROAD STREET,"BROAD STREET",SUBRATA DAS,Y,0,,0,N,0,,R,"ANUSHREE ENT",,"",,"",,,,,,,,0,,,,,West Bengal
,"SREE GANESH STORE",,NAKTALA,"NAKTALA",SUBRATA DAS,Y,0,,0,N,0,,R,"TRIPTI ENT",,"",,"",,,,,,,,0,,,,,West Bengal
,"SREE GURU",,BRAHMAPUR,"BRAHMAPUR",SUBRATA DAS,Y,0,,0,N,0,,R,"TRIPTI ENT",,"",,"",,,,,,,,0,,,,,West Bengal
,"SREE GURU BHANDER",,RAIPUR,"RAIPUR",SUBRATA DAS,Y,0,,0,N,0,,R,"TRIPTI ENT",,"",,"",,,,,,,,0,,,,,West Bengal
,"SREE GURU STORES",,BAGHAJATIN,"BAGHAJATIN",SUBRATA DAS,Y,0,,0,N,0,,R,"TRIPTI ENT",,"",,"",,,,,,,,0,,,,,West Bengal
,"SREE GURU STORES",,RAMGARH,"RAMGARH",SUBRATA DAS,Y,0,,0,N,0,,R,"TRIPTI ENT",,"",,"",,,,,,,,0,,,,,West Bengal
,"SREE LAXMI BHANDAR",,ANANDAPUR,"ANANDAPUR",SUBRATA DAS,Y,0,,0,N,0,,R,"ADDYA AGENCY",,"",,"",,,,,,,,0,,,,,West Bengal
,"SREE RAM ENT",,,"ANDHERIA",DIBYENDU BASAK,Y,0,,0,N,0,,D,"",,"",,"",,,,,,,,0,,,,,West Bengal
,"SREE RAM KRISHNA",,SANTOSHPUR,"SANTOSHPUR",SUBRATA DAS,Y,0,,0,N,0,,R,"DAS MARKETING",,"",,"",,,,,,,,0,,,,,West Bengal
,"SRI DURGA STORES",,KAYASTHA PARA,"KAYASTHA PARA",SUBRATA DAS,Y,0,,0,N,0,,R,"DAS MARKETING",,"",,"",,,,,,,,0,,,,,West Bengal
,"SRI GANESH BHANDAR",,R.K CHATTERJEE ROAD,"R.K CHATTERJEE ROAD",SUBRATA DAS,Y,0,,0,N,0,,R,"DAS MARKETING",,"",,"",,,,,,,,0,,,,,West Bengal
,"SRI GOBINDA BHANDAR",,IBRAHIMPUR ROAD,"IBRAHIMPUR ROAD",SUBRATA DAS,Y,0,,0,N,0,,R,"RAJMITA ENT",,"",,"",,,,,,,,0,,,,,West Bengal
,"SRI GURU BHANDER",,SREE COLONY,"SREE COLONY",SUBRATA DAS,Y,0,,0,N,0,,R,"SHIB TRADERS",,"",,"",,,,,,,,0,,,,,West Bengal
,"SRI GURU ENT",,,"DUMDUM PARK",PRASUN DUTTA,Y,0,,0,N,0,,D,"",,"",,"",,,,,,,,0,,,,,West Bengal
,"SRI HARI GOBINDA BHANDER",,SUCHITA NAGAR,"SUCHITA NAGAR",SUBRATA DAS,Y,0,,0,N,0,,R,"DAS MARKETING",,"",,"",,,,,,,,0,,,,,West Bengal
,"SRI KRISHNA STORE",,HEMANTA MUKHERJEE LA,"HEMANTA MUKHERJEE LANE",SUBRATA DAS,Y,0,,0,N,0,,R,"RANJIT SAMANTA",,"",,"",,,,,,,,0,,,,,West Bengal
,"SRIDEV BHANDER",,PURBACHAL MAIN ROAD,"PURBACHAL MAIN ROAD",SUBRATA DAS,Y,0,,0,N,0,,R,"DAS MARKETING",,"",,"",,,,,,,,0,,,,,West Bengal
,"SRIKRISHNA ENT",,,"RAJARHAT",PRASUN DUTTA,Y,0,,0,N,0,,D,"",,"",,"",,,,,,,,0,,,,,West Bengal
,"SUBHAM STORES",,KATGA NAGAR,"KATGA NAGAR",SUBRATA DAS,Y,0,,0,N,0,,R,"M.M.ENT",,"",,"",,,,,,,,0,,,,,West Bengal
,"SUDHA BHANDAR",,DOVER LANE,"DOVER LANE",SUBRATA DAS,Y,0,,0,N,0,,R,"RANJIT SAMANTA",,"",,"",,,,,,,,0,,,,,West Bengal
,"SUDHA STORES",,BANDEL ROAD,"BANDEL ROAD",SUBRATA DAS,Y,0,,0,N,0,,R,"ANUSHREE ENT",,"",,"",,,,,,,,0,,,,,West Bengal
,"SUKANTA DEY",,BALLYGANJ PLACE,"BALLYGANJ PLACE",SUBRATA DAS,Y,0,,0,N,0,,R,"ANUSHREE ENT",,"",,"",,,,,,,,0,,,,,West Bengal
,"SUMAN GANARAL",,SWINHO LANE,"SWINHO LANE",SUBRATA DAS,Y,0,,0,N,0,,R,"ANUSHREE ENT",,"",,"",,,,,,,,0,,,,,West Bengal
,"SUMAN PATRA",,NABADIGANTA,"NABADIGANTA",SUBRATA DAS,Y,0,,0,N,0,,R,"ADDYA AGENCY",,"",,"",,,,,,,,0,,,,,West Bengal
,"SUMAN STORES",,,"BHARMHAPUR BADAMTALA",SUBRATA DAS,Y,0,,0,N,0,,R,"TRIPTI ENT",,"",,"",,,,,,,,0,,,,,West Bengal
,"SUMITRA ENT",,,"SLTLAKE",PRASUN DUTTA,Y,0,,0,N,0,,D,"",,"",,"",,,,,,,,0,,,,,West Bengal
,"SUNIL SHAW",,BOSEPUKUR ROAD,"BOSEPUKUR ROAD",SUBRATA DAS,Y,0,,0,N,0,,R,"DAS MARKETING",,"",,"",,,,,,,,0,,,,,West Bengal
,"SUPRIYA STORES",,SWINHO STREET,"SWINHO STREET",SUBRATA DAS,Y,0,,0,N,0,,R,"ANUSHREE ENT",,"",,"",,,,,,,,0,,,,,West Bengal
,"SURAJ STORES",,SANGHATI COLNY,"SANGHATI COLNY",SUBRATA DAS,Y,0,,0,N,0,,R,"SHIB TRADERS",,"",,"",,,,,,,,0,,,,,West Bengal
,"SURAMA STORES",,NAKTALA ROAD,"NAKTALA ROAD",SUBRATA DAS,Y,0,,0,N,0,,R,"SHIB TRADERS",,"",,"",,,,,,,,0,,,,,West Bengal
,"SURESH PRASAD",,BIJOYGARH,"BIJOYGARH",SUBRATA DAS,Y,0,,0,N,0,,R,"SHIB TRADERS",,"",,"",,,,,,,,0,,,,,West Bengal
,"SUTRIPTI STOERES",,EKDALIA ROAD,"EKDALIA ROAD",SUBRATA DAS,Y,0,,0,N,0,,R,"ANUSHREE ENT",,"",,"",,,,,,,,0,,,,,West Bengal
,"SWARUP VARIETY",,SWAMI VIKEKANANDA RO,"SWAMI VIKEKANANDA ROAD",SUBRATA DAS,Y,0,,0,N,0,,R,"TRIPTI ENT",,"",,"",,,,,,,,0,,,,,West Bengal
,"T.R.ENT",,,"KESTOPUR",PRASUN DUTTA,Y,0,,0,N,0,,D,"",,"",,"",,,,,,,,0,,,,,West Bengal
,"TABOCCO MONT",,B B.B AV,"B B.B AV",SUBRATA DAS,Y,0,,0,N,0,,R,"DAS MARKETING",,"",,"",,,,,,,,0,,,,,West Bengal
,"TAMANNA",,ANANDAPUR,"ANANDAPUR",SUBRATA DAS,Y,0,,0,N,0,,R,"MA SARADA ENT",,"",,"",,,,,,,,0,,,,,West Bengal
,"TAPAS DA DOKAN",,GARFA main road,"GARFA MAIN ROAD",SUBRATA DAS,Y,0,,0,N,0,,R,"DAS MARKETING",,"",,"",,,,,,,,0,,,,,West Bengal
,"TAPU PAN",,BAISHNABGHATA,"BAISHNABGHATA",SUBRATA DAS,Y,0,,0,N,0,,R,"TRIPTI ENT",,"",,"",,,,,,,,0,,,,,West Bengal
,"TARA MA STORE",,C AVENEUE SOUTH ROAD,"C AVENEUE SOUTH ROAD",SUBRATA DAS,Y,0,,0,N,0,,R,"DAS MARKETING",,"",,"",,,,,,,,0,,,,,West Bengal
,"TARA MAA BHANDER",,EAST RAJAPUR,"EAST RAJAPUR",SUBRATA DAS,Y,0,,0,N,0,,R,"MA KALI ENT",,"",,"",,,,,,,,0,,,,,West Bengal
,"TARA MAA ENTERPRISE",,RAJENDRA PRASADCOLO,"RAJENDRA PRASADCOLONEY",SUBRATA DAS,Y,0,,0,N,0,,R,"M.M.ENT",,"",,"",,,,,,,,0,,,,,West Bengal
,"TARA STORES",,PRINCE ANWAR SHAH RO,"PRINCE ANWAR SHAH ROAD",SUBRATA DAS,Y,0,,0,N,0,,R,"M.M.ENT",,"",,"",,,,,,,,0,,,,,West Bengal
,"TARAK PAN",,AT CHATTERJEE ROAD,"AT CHATTERJEE ROAD",SUBRATA DAS,Y,0,,0,N,0,,R,"SHIB TRADERS",,"",,"",,,,,,,,0,,,,,West Bengal
,"TARAKNATH STORES",,DR. DEODHAR RAMOHON ,"DR. DEODHAR RAMOHON ROAD",SUBRATA DAS,Y,0,,0,N,0,,R,"M.M.ENT",,"",,"",,,,,,,,0,,,,,West Bengal
,"TARAMA STORES",,SRICOLONY,"SRICOLONY",SUBRATA DAS,Y,0,,0,N,0,,R,"SHIB TRADERS",,"",,"",,,,,,,,0,,,,,West Bengal
,"TARUN ROY",,,"SUKHIYA STREET",AVIJIT CHATTERJEE,Y,0,,0,N,0,,D,"",,"",,"",,,,,,,,0,,,,,West Bengal
,"TC AGARWAL",,K FRAN ROAD,"K FRAN ROAD",SUBRATA DAS,Y,0,,0,N,0,,R,"ANUSHREE ENT",,"",,"",,,,,,,,0,,,,,West Bengal
,"TEGHI STORE",,ANANDAPUR,"ANANDAPUR",SUBRATA DAS,Y,0,,0,N,0,,R,"MA SARADA ENT",,"",,"",,,,,,,,0,,,,,West Bengal
,"TESTY",,BOSE PUKUR ROAD,"BOSE PUKUR ROAD",SUBRATA DAS,Y,0,,0,N,0,,R,"ANUSHREE ENT",,"",,"",,,,,,,,0,,,,,West Bengal
,"THAKUR DAS NANDI",,GARIAHAT ROAD,"GARIAHAT ROAD",SUBRATA DAS,Y,0,,0,N,0,,R,"SHIB TRADERS",,"",,"",,,,,,,,0,,,,,West Bengal
,"THE VARIETY STORES",,ND B ROAD,"ND B ROAD",SUBRATA DAS,Y,0,,0,N,0,,R,"ANUSHREE ENT",,"",,"",,,,,,,,0,,,,,West Bengal
,"TITHI ENT",,,"THAKURPUKUR",DIBYENDU BASAK,Y,0,,0,N,0,,D,"",,"",,"",,,,,,,,0,,,,,West Bengal
,"TIWARI STORES",,,"BRANHAPUR BADAMTALA",SUBRATA DAS,Y,0,,0,N,0,,R,"TRIPTI ENT",,"",,"",,,,,,,,0,,,,,West Bengal
,"TRIPTI ENT",,BAISNABGHATA,"BAISNABGHATA",SUBRATA DAS,Y,0,,0,N,0,,D,"",,"",,"",,,,,,,,0,,,,,West Bengal
,"TRISHNA STORES",,NAKTALA,"NAKTALA",SUBRATA DAS,Y,0,,0,N,0,,R,"TRIPTI ENT",,"",,"",,,,,,,,0,,,,,West Bengal
,"TULSI STORE",,LAKE VIEW ROAD,"LAKE VIEW ROAD",SUBRATA DAS,Y,0,,0,N,0,,R,"RANJIT SAMANTA",,"",,"",,,,,,,,0,,,,,West Bengal
,"TWINKLE STORES",,HOSSAINPUR,"HOSSAINPUR",SUBRATA DAS,Y,0,,0,N,0,,R,"ADDYA AGENCY",,"",,"",,,,,,,,0,,,,,West Bengal
,"UDYAG",,NEW RAIPUR ROAD,"NEW RAIPUR ROAD",SUBRATA DAS,Y,0,,0,N,0,,R,"TRIPTI ENT",,"",,"",,,,,,,,0,,,,,West Bengal
,"UMESH SHAW",,DR.G.S BOSE ROAD,"DR.G.S BOSE ROAD",SUBRATA DAS,Y,0,,0,N,0,,R,"ANUSHREE ENT",,"",,"",,,,,,,,0,,,,,West Bengal
,"UMESH STORES",,HARIPADA DUTTTA LANE,"HARIPADA DUTTTA LANE",SUBRATA DAS,Y,0,,0,N,0,,R,"M.M.ENT",,"",,"",,,,,,,,0,,,,,West Bengal
,"URMILA STORES",,NAKTALA,"NAKTALA",SUBRATA DAS,Y,0,,0,N,0,,R,"TRIPTI ENT",,"",,"",,,,,,,,0,,,,,West Bengal
,"UTTAM VARITY",,SALIMPUR,"SALIMPUR",SUBRATA DAS,Y,0,,0,N,0,,R,"DAS MARKETING",,"",,"",,,,,,,,0,,,,,West Bengal
,"VARIETY STORES",,ANANDAPUR,"ANANDAPUR",SUBRATA DAS,Y,0,,0,N,0,,R,"ADDYA AGENCY",,"",,"",,,,,,,,0,,,,,West Bengal
,"VENUS STORES",,EAST RAJAPUR,"EAST RAJAPUR",SUBRATA DAS,Y,0,,0,N,0,,R,"MA KALI ENT",,"",,"",,,,,,,,0,,,,,West Bengal
,"VIJAY STORES",,KP ROY ROAD,"KP ROY ROAD",SUBRATA DAS,Y,0,,0,N,0,,R,"DAS MARKETING",,"",,"",,,,,,,,0,,,,,West Bengal
,"VIKI TEA STALL",,ANANDAPUR,"ANANDAPUR",SUBRATA DAS,Y,0,,0,N,0,,R,"ADDYA AGENCY",,"",,"",,,,,,,,0,,,,,West Bengal
,"VIVA STORES",,,"VIDYASAGAR COLONEY",SUBRATA DAS,Y,0,,0,N,0,,R,"TRIPTI ENT",,"",,"",,,,,,,,0,,,,,West Bengal
,"VIVEK GENERAL",,PURNADAS RD,"PURNADAS RD",SUBRATA DAS,Y,0,,0,N,0,,R,"ANUSHREE ENT",,"",,"",,,,,,,,0,,,,,West Bengal
,"VIVEKANANDA ST",,CHINA MANDIR,"CHINA MANDIR",SUBRATA DAS,Y,0,,0,N,0,,R,"MA SARADA ENT",,"",,"",,,,,,,,0,,,,,West Bengal
,"ZAHIR STORES",,BHRAMHAPUR BADAMTALA,"BHRAMHAPUR BADAMTALA",SUBRATA DAS,Y,0,,0,N,0,,R,"TRIPTI ENT",,"",,"",,,,,,,,0,,,,,West Bengal
