Branch code/name,Prod_Code,mrp_code,mrp,sale_rate,vertical_value,destination_code,sale_type,acedns,ws_rate,distributor_rate,ss_rate,depot_rate,statename
,A0006,,0,62,AG,0,0,Y,0,1655.54,0,0,UP
,A0006,,0,62,AG,0,0,Y,0,1655.54,0,0,UP
,A0006,,0,162,AG,0,0,Y,0,1655.54,0,0,UP
,A0006,,0,66,AG,0,0,N,0,1850,0,0,BH
,A0006,,0,66,AG,0,0,Y,0,1850,0,0,WB
,A0006,,0,66,AG,0,0,N,0,0,1713,0,BR
,A0045,,0,100,AG,0,0,Y,0,1068.09,0,0,UP
,A0045,,0,100,AG,0,0,N,0,1111,1029,0,BH
,A0045,,0,96,AG,0,0,Y,0,1015.87,940.62,0,WB
,A0045,,0,96,AG,0,0,Y,0,1015.87,940.62,0,BR
,A0046,,0,100,AG,0,0,N,0,1111,1029,0,BH
,A0046,,0,100,AG,0,0,Y,0,1068.09,0,0,UP
,A0046,,0,96,AG,0,0,Y,0,1015.87,940.62,0,WB
,A0046,,0,96,AG,0,0,Y,0,1015.87,940.62,0,BR
,A0048,,0,100,AG,0,0,Y,0,1121,1038,0,DL
,A0048,,0,100,AG,0,0,N,0,1121,0,0,BH
,A0048,,0,82,AG,0,0,Y,0,875.83,0,0,UP
,A0048,,0,85,AG,0,0,Y,0,899.47,832.84,0,WB
,A0048,,0,85,AG,0,0,Y,0,899.47,832.84,0,BR
,A0392,,0,40,AG,0,0,N,0,1111,1029,0,BH
,A0392,,0,40,AG,0,0,Y,0,1058.2,979.82,0,WB
,A0392,,0,40,AG,0,0,Y,0,1068.09,0,0,UP
,A0392,,0,40,AG,0,0,Y,0,1058.2,979.82,0,BR
,A0477,,0,59.5,AG,0,0,N,0,2000,1852,0,BH
,A0477,,0,59,AG,0,0,Y,0,1873.02,1734.27,0,WB
,A0477,,0,59,AG,0,0,Y,0,1890.52,0,0,UP
,A0477,,0,59,AG,0,0,Y,0,1873.02,1734.27,0,BR
,A0477,,0,56,AG,0,0,Y,0,1884,1745,0,DL
,A0513,,0,98,AG,0,0,N,0,916,0,0,BH
,A0513,,0,98,AG,0,0,Y,0,916,0,0,WB
,A0513,,0,98,AG,0,0,Y,0,872.27,0,0,UP
,A0513,,0,98,AG,0,0,N,0,0,848,0,BR
,A0517,,0,98,AG,0,0,N,0,550,0,0,BH
,A0517,,0,98,AG,0,0,N,0,518.52,480.11,0,WB
,A0517,,0,98,AG,0,0,N,0,518.52,480.11,0,BR
,A0517,,0,98,AG,0,0,Y,0,523.36,0,0,UP
,A0577,,0,100,AG,0,0,N,0,2242,0,0,BH
,A0577,,0,100,AG,0,0,Y,0,2242,0,0,WB
,A0577,,0,100,AG,0,0,N,0,0,2076,0,BR
,A0577,,0,92,AG,0,0,Y,0,2064,1911,0,DL
,A0577,,0,100,AG,0,0,Y,0,2136.18,0,0,UP
,A0579,,0,100,AG,0,0,Y,0,2136.18,0,0,UP
,A0579,,0,100,AG,0,0,N,0,2242,0,0,BH
,A0579,,0,100,AG,0,0,Y,0,2242,0,0,WB
,A0579,,0,100,AG,0,0,N,0,0,2076,0,BR
,A0674,,0,192,AG,0,0,Y,0,1708.95,0,0,UP
,A0674,,0,192,AG,0,0,N,0,1794,0,0,BH
,A0674,,0,192,AG,0,0,Y,0,1693.12,1567.71,0,WB
,A0674,,0,192,AG,0,0,Y,0,1693.12,1567.71,0,BR
,A0799,,0,90,AG,0,0,Y,0,1602.14,0,0,UP
,A0799,,0,89,AG,0,0,N,0,1667,1543,0,BH
,A0799,,0,90,AG,0,0,Y,0,1587.3,1469.72,0,WB
,A0799,,0,90,AG,0,0,Y,0,1587.3,1469.72,0,BR
,A0940,,0,240,AG,0,0,Y,0,2136.18,0,0,UP
,A0940,,0,240,AG,0,0,N,0,2243,0,0,BH
,A0940,,0,240,AG,0,0,Y,0,2116.4,1959.63,0,WB
,A0940,,0,240,AG,0,0,Y,0,2116.4,1959.63,0,BR
,A0948,,0,46,AG,0,0,Y,0,1637.74,0,0,UP
,A0948,,0,46,AG,0,0,N,0,1704,1578,0,BH
,A0948,,0,46,AG,0,0,Y,0,1622.57,1502.38,0,WB
,A0948,,0,46,AG,0,0,Y,0,1622.57,1502.38,0,BR
,A0951,,0,46,AG,0,0,Y,0,1637.74,0,0,UP
,A0951,,0,46,AG,0,0,N,0,1704,1578,0,BH
,A0951,,0,46,AG,0,0,Y,0,1622.57,1502.38,0,WB
,A0951,,0,46,AG,0,0,Y,0,1622.57,1502.38,0,BR
,A1010,,0,192,AG,0,0,Y,0,2050.73,0,0,UP
,A1010,,0,192,AG,0,0,N,0,2172,0,0,BH
,A1010,,0,192,AG,0,0,Y,0,2031.75,1881.25,0,WB
,A1010,,0,192,AG,0,0,Y,0,2031.75,1881.25,0,BR
,A1017,,0,92,AG,0,0,Y,0,982.64,0,0,UP
,A1017,,0,91,AG,0,0,N,0,1022,947,0,BH
,A1017,,0,92,AG,0,0,Y,0,973.54,901.43,0,WB
,A1017,,0,92,AG,0,0,Y,0,973.54,901.43,0,BR
,A1025,,0,92,AG,0,0,Y,0,982.64,0,0,UP
,A1025,,0,92,AG,0,0,N,0,1032,0,0,BH
,A1025,,0,92,AG,0,0,Y,0,973.54,901.43,0,WB
,A1025,,0,92,AG,0,0,Y,0,973.54,901.43,0,BR
,A1025,,0,92,AG,0,0,Y,0,1032,955,0,DL
,A1035,,0,192,AG,0,0,Y,0,2050.73,0,0,UP
,A1035,,0,192,AG,0,0,N,0,1975,1747,0,BH
,A1035,,0,192,AG,0,0,Y,0,2031.75,1881.25,0,WB
,A1035,,0,192,AG,0,0,Y,0,2031.75,1881.25,0,BR
,A1035,,0,194,AG,0,0,Y,0,2176,2015,0,DL
,A0504,,0,15,AG,0,0,Y,0,801.07,0,0,UP
,A0504,,0,15,AG,0,0,N,0,841,0,0,BH
,A0504,,0,15,AG,0,0,N,0,793.65,734.86,0,WB
,A0504,,0,15,AG,0,0,N,0,793.65,734.86,0,BR
,A1084,,0,330,HNG-G.Jmn,0,0,Y,0,1850,0,0,UP
,A1084,,0,330,AG,0,0,N,0,1850,0,0,BH
,A1084,,0,330,HNG-G.Jmn,0,0,Y,0,1850,0,0,WB
,A1084,,0,330,HNG-G.Jmn,0,0,Y,0,1833,1698,0,BR
,A1225,,0,480,AG,0,0,Y,0,2563.42,0,0,UP
,A1225,,0,480,AG,0,0,N,0,2667,2469,0,BH
,A1225,,0,480,AG,0,0,Y,0,2539.68,2351.56,0,WB
,A1225,,0,480,AG,0,0,Y,0,2539.68,2351.56,0,BR
,A1225,,0,480,AG,0,0,Y,0,2692,2492,0,DL
,A1281,,0,240,AG,0,0,Y,0,2563.42,0,0,UP
,A1281,,0,218,AG,0,0,N,0,2444,2263,0,BH
,A1281,,0,240,AG,0,0,Y,0,2539.68,2351.56,0,WB
,A1281,,0,240,AG,0,0,Y,0,2539.68,2351.56,0,BR
,A1281,,0,204,AG,0,0,Y,0,2288,2118,0,DL
,A1282,,0,600,AG,0,0,Y,0,3204.27,0,0,UP
,A1282,,0,555,AG,0,0,N,0,3111,2880,0,BH
,A1282,,0,600,AG,0,0,Y,0,3174.6,2939.45,0,WB
,A1282,,0,600,AG,0,0,Y,0,3174.6,2939.45,0,BR
,A1282,,0,600,AG,0,0,Y,0,3364,3115,0,DL
,A1288,,0,90,AG,0,0,Y,0,1602.14,0,0,UP
,A1288,,0,90,AG,0,0,N,0,1682,0,0,BH
,A1288,,0,90,AG,0,0,Y,0,1587.3,1469.72,0,WB
,A1288,,0,90,AG,0,0,Y,0,1587.3,1469.72,0,BR
,A1288,,0,90,AG,0,0,Y,0,1682,1558,0,DL
,A1289,,0,480,AG,0,0,Y,0,2563.42,0,0,UP
,A1289,,0,436,AG,0,0,N,0,2444,2263,0,BH
,A1289,,0,408,AG,0,0,Y,0,2158.73,1998.82,0,WB
,A1289,,0,408,AG,0,0,Y,0,2158.73,1998.82,0,BR
,A1289,,0,408,AG,0,0,Y,0,2288,2118,0,DL
,A1299,,0,240,AG,0,0,Y,0,2563.42,0,0,UP
,A1299,,0,218,AG,0,0,N,0,2444,2263,0,BH
,A1299,,0,240,AG,0,0,Y,0,2539.68,2351.56,0,WB
,A1299,,0,240,AG,0,0,Y,0,2539.68,2351.56,0,BR
,A1299,,0,204,AG,0,0,Y,0,2288,2118,0,DL
,A1305,,0,480,AG,0,0,Y,0,2563.42,0,0,UP
,A1305,,0,480,AG,0,0,N,0,2692,0,0,BH
,A1305,,0,408,AG,0,0,Y,0,2158.73,1998.82,0,WB
,A1305,,0,408,AG,0,0,Y,0,2158.73,1998.82,0,BR
,A1305,,0,408,AG,0,0,Y,0,2288,2118,0,DL
,A1332,,0,92,AG,0,0,Y,0,982.64,0,0,UP
,A1332,,0,90,AG,0,0,N,0,1000,926,0,BH
,A1332,,0,90,AG,0,0,N,0,952.38,881.83,0,WB
,A1332,,0,90,AG,0,0,N,0,952.38,881.83,0,BR
,A1332,,0,90,AG,0,0,Y,0,1009,935,0,DL
,A1333,,0,92,AG,0,0,Y,0,982.64,0,0,UP
,A1333,,0,90,AG,0,0,N,0,1000,926,0,BH
,A1333,,0,90,AG,0,0,N,0,952.38,881.83,0,WB
,A1333,,0,90,AG,0,0,N,0,952.38,881.83,0,BR
,A1333,,0,90,AG,0,0,Y,0,1009,935,0,DL
,A1346,,0,430,AG,0,0,Y,0,2296.4,0,0,UP
,A1346,,0,386,AG,0,0,N,0,2166,2006,0,BH
,A1346,,0,430,AG,0,0,Y,0,2275.13,2106.6,0,WB
,A1346,,0,430,AG,0,0,Y,0,2275.13,2106.6,0,BR
,A1346,,0,430,AG,0,0,Y,0,2411,2233,0,DL
,A0708,,0,96,AG,0,0,N,0,2154,0,0,BH
,A0708,,0,96,AG,0,0,Y,0,2050.73,0,0,UP
,A0708,,0,96,AG,0,0,Y,0,2154,0,0,WB
,A0708,,0,96,AG,0,0,N,0,0,1994,0,BR
,A0708,,0,90,AG,0,0,Y,0,2019,1869,0,DL
,A0605,,0,96,AG,0,0,N,0,1077,0,0,BH
,A0605,,0,96,AG,0,0,Y,0,1025.37,0,0,UP
,A0605,,0,96,AG,0,0,Y,0,1015.87,940.62,0,WB
,A0605,,0,96,AG,0,0,Y,0,1015.87,940.62,0,BR
,A1294,,0,216,AG,0,0,N,0,1200,1111,0,BH
,A1294,,0,216,AG,0,0,Y,0,1153.54,0,0,UP
,A1294,,0,192,AG,0,0,Y,0,1015.87,940.62,0,WB
,A1294,,0,192,AG,0,0,Y,0,1015.87,940.62,0,BR
,A1294,,0,210,AG,0,0,Y,0,1178,1090,0,DL
,A1369,,0,96,AG,0,0,N,0,2153,0,0,BH
,A1369,,0,92,AG,0,0,Y,0,1965.29,0,0,UP
,A1369,,0,92,AG,0,0,Y,0,1947.09,1802.86,0,WB
,A1369,,0,92,AG,0,0,Y,0,1947.09,1802.86,0,BR
,A1369,,0,90,AG,0,0,Y,0,1922.56,1780.15,0,DL
,A1318,,0,47,AG,0,0,N,0,1600,1481,0,BH
,A1318,,0,45,AG,0,0,Y,0,1441.92,0,0,UP
,A1318,,0,44,AG,0,0,Y,0,1396.83,1293.36,0,WB
,A1318,,0,44,AG,0,0,Y,0,1396.83,1293.36,0,BR
,A1318,,0,45,AG,0,0,Y,0,1441.92,0,0,DL
,A1319,,0,95,AG,0,0,N,0,2133,1975,0,BH
,A1319,,0,92,AG,0,0,Y,0,1965.29,0,0,UP
,A1319,,0,92,AG,0,0,Y,0,1947.09,1802.86,0,WB
,A1319,,0,92,AG,0,0,Y,0,1947.09,1802.86,0,BR
,A1319,,0,88,AG,0,0,Y,0,1974,1828,0,DL
,A0049,,0,75,AG,0,0,N,0,833,772,0,BH
,A0049,,0,78,AG,0,0,Y,0,833.11,0,0,UP
,A0049,,0,75,AG,0,0,Y,0,793.65,734.86,0,WB
,A0049,,0,75,AG,0,0,Y,0,793.65,734.86,0,BR
,A0049,,0,75,AG,0,0,Y,0,841,779,0,DL
,A0052,,0,44,AG,0,0,N,0,978,905,0,BH
,A0052,,0,45,AG,0,0,Y,0,961.28,0,0,UP
,A0052,,0,45,AG,0,0,Y,0,952.38,881.83,0,WB
,A0052,,0,45,AG,0,0,Y,0,952.38,881.83,0,BR
,A0052,,0,44,AG,0,0,Y,0,987,914,0,DL
,S1059,,0,200,SP,0,0,N,0,2804,0,0,BH
,S1059,,0,200,SP,0,0,N,0,2670.51,0,0,UP
,S1059,,0,200,SP,0,0,N,0,2804,0,0,WB
,S1059,,0,200,SP,0,0,N,0,3175,2940,0,BR
,S1059,,0,200,SP,0,0,N,0,3365,3116,0,DL
,S1057,,0,200,SP,0,0,N,0,2804,0,0,BH
,S1057,,0,200,SP,0,0,N,0,2670.51,0,0,UP
,S1057,,0,200,SP,0,0,N,0,2804,0,0,WB
,S1057,,0,200,SP,0,0,N,0,3175,2940,0,BR
,S1057,,0,200,SP,0,0,N,0,3365,3116,0,DL
,S1078,,0,200,SP,0,0,N,0,2804,0,0,BH
,S1078,,0,200,SP,0,0,N,0,2670.51,0,0,UP
,S1078,,0,200,SP,0,0,N,0,2804,0,0,WB
,S1078,,0,200,SP,0,0,N,0,3175,2596,0,BR
,S1078,,0,200,SP,0,0,N,0,3365,3116,0,DL
,S1079,,0,200,SP,0,0,N,0,2804,0,0,BH
,S1079,,0,200,SP,0,0,N,0,2670.51,0,0,UP
,S1079,,0,200,SP,0,0,N,0,2804,0,0,WB
,S1079,,0,200,SP,0,0,N,0,3175,2596,0,BR
,S1079,,0,200,SP,0,0,N,0,3365,3116,0,DL
,S1077,,0,200,SP,0,0,N,0,2804,0,0,BH
,S1077,,0,200,SP,0,0,N,0,2670.51,0,0,UP
,S1077,,0,200,SP,0,0,N,0,2804,0,0,WB
,S1077,,0,200,SP,0,0,N,0,3175,2596,0,BR
,S1077,,0,200,SP,0,0,N,0,3365,3116,0,DL
,S1058,,0,200,SP,0,0,N,0,2804,0,0,BH
,S1058,,0,200,SP,0,0,N,0,2670.51,0,0,UP
,S1058,,0,200,SP,0,0,N,0,2804,0,0,WB
,S1058,,0,200,SP,0,0,N,0,3175,2596,0,BR
,S1058,,0,200,SP,0,0,N,0,3365,3116,0,DL
,S0960,,0,40,SP,0,0,N,0,1495,0,0,BH
,S0960,,0,40,SP,0,0,Y,0,1566.4,0,0,UP
,S0960,,0,40,SP,0,0,Y,0,1495,0,0,WB
,S0960,,0,40,SP,0,0,N,0,0,1384,0,BR
,S0906,,0,45,SP,0,0,N,0,1262,0,0,BH
,S0906,,0,45,SP,0,0,Y,0,1262,0,0,WB
,S0906,,0,46,SP,0,0,Y,0,1254.88,0,0,UP
,S0906,,0,45,SP,0,0,N,0,0,1169,0,BR
,A0041,,0,90,AG,0,0,N,0,841,0,0,BH
,A0041,,0,100,AG,0,0,Y,0,890.07,0,0,WB
,A0041,,0,100,AG,0,0,Y,0,890.08,0,0,UP
,A0041,,0,100,AG,0,0,Y,0,890.07,0,0,BR
,A0041,,0,100,AG,0,0,Y,0,890.07,0,0,DL
,A0042,,0,95,AG,0,0,Y,0,845.57,0,0,DL
,A0042,,0,85,AG,0,0,N,0,794,0,0,BH
,A0042,,0,95,AG,0,0,Y,0,845.57,0,0,WB
,A0042,,0,95,AG,0,0,Y,0,845.57,0,0,UP
,A0042,,0,95,AG,0,0,Y,0,845.57,0,0,BR
,A0461,,0,100,AG,0,0,Y,0,1335.11,0,0,DL
,A0461,,0,90,AG,0,0,N,0,1262,0,0,BH
,A0461,,0,100,AG,0,0,Y,0,1335.11,0,0,WB
,A0461,,0,100,AG,0,0,Y,0,1335.11,0,0,UP
,A0461,,0,100,AG,0,0,Y,0,1335.11,0,0,BR
,A1082,,0,72,AG,0,0,N,0,1346,0,0,BH
,A1082,,0,72,AG,0,0,Y,0,1346,0,0,WB
,A1082,,0,72,AG,0,0,Y,0,1281.71,0,0,UP
,A1082,,0,72,AG,0,0,N,0,0,1246,0,BR
,H0047,,0,79,SP,0,0,N,0,2963,2743,0,BH
,H0047,,0,79,HNG-G.Jmn,0,0,N,0,2963,2743,0,WB
,H0047,,0,80,HNG-G.Jmn,0,0,N,0,2848,0,0,UP
,H0047,,0,80,HNG-G.Jmn,0,0,N,0,2822,2613,0,BR
,H0047,,0,80,HNG-G.Jmn,0,0,N,0,2991,2769,0,DL
,H0051,,0,148,SP,0,0,N,0,2778,2572,0,BH
,H0051,,0,148,HNG-G.Jmn,0,0,Y,0,2778,2572,0,WB
,H0051,,0,150,HNG-G.Jmn,0,0,Y,0,2664.2,0,0,UP
,H0051,,0,150,HNG-G.Jmn,0,0,Y,0,2645,2449,0,BR
,H0051,,0,150,HNG-G.Jmn,0,0,Y,0,2797,2590,0,DL
,H0081,,0,277,SP,0,0,N,0,3889,3601,0,BH
,H0081,,0,277,HNG-G.Jmn,0,0,N,0,3889,3601,0,WB
,H0081,,0,280,HNG-G.Jmn,0,0,N,0,3738.3,0,0,UP
,H0081,,0,280,HNG-G.Jmn,0,0,N,0,3704,3429,0,BR
,H0081,,0,280,HNG-G.Jmn,0,0,N,0,3925,3634,0,DL
,H0049,,0,227,SP,0,0,N,0,3172,0,0,BH
,H0049,,0,227,HNG-G.Jmn,0,0,N,0,3172,0,0,WB
,H0049,,0,630,HNG-G.Jmn,0,0,N,0,5607.47,0,0,UP
,H0049,,0,227,SP,0,0,N,0,0,2937,0,BR
,H0087,,0,72,SP,0,0,N,0,1495,0,0,BH
,H0087,,0,40,HNG-G.Jmn,0,0,N,0,4272.36,0,0,WB
,H0087,,0,40,HNG-G.Jmn,0,0,N,0,4272.36,0,0,UP
,H0087,,0,40,HNG-G.Jmn,0,0,N,0,4272.36,0,0,BR
,P0004,,0,145,SP,0,0,N,0,543,522,0,BH
,P0004,,0,145.75,PKL,0,0,Y,0,520.52,0,0,WB
,P0004,,0,181,PKL,0,0,Y,0,604.13,0,0,UP
,P0004,,0,145.75,PKL,0,0,Y,0,520.52,0,0,BR
,P0004,,0,181,PKL,0,0,Y,0,604.13,0,0,DL
,P0005,,0,726,SP,0,0,N,0,2714,0,0,BH
,P0005,,0,726,PKL,0,0,Y,0,2714,0,0,WB
,P0005,,0,726,PKL,0,0,Y,0,2423.24,0,0,UP
,P0005,,0,726,PKL,0,0,Y,0,2292,2122,0,BR
,P0012,,0,214,SP,0,0,N,0,800,0,0,BH
,P0012,,0,214,PKL,0,0,Y,0,800,0,0,WB
,P0012,,0,214,PKL,0,0,Y,0,714.28,0,0,UP
,P0012,,0,214,PKL,0,0,Y,0,618,573,0,BR
,P0012,,0,214,PKL,0,0,Y,0,800,741,0,DL
,P0013,,0,247,SP,0,0,N,0,920,0,0,BH
,P0013,,0,247,PKL,0,0,Y,0,920,0,0,WB
,P0013,,0,247,PKL,0,0,Y,0,821.08,0,0,UP
,P0013,,0,247,SP,0,0,N,0,0,852,0,BR
,P0015,,0,203,SP,0,0,N,0,759,0,0,BH
,P0015,,0,175,PKL,0,0,Y,0,578.68,0,0,WB
,P0015,,0,213,PKL,0,0,Y,0,710.94,0,0,UP
,P0015,,0,175,PKL,0,0,Y,0,578.68,0,0,BR
,P0015,,0,213,PKL,0,0,Y,0,710.94,0,0,DL
,P0016,,0,235,SP,0,0,N,0,878,0,0,BH
,P0016,,0,235,PKL,0,0,Y,0,878,0,0,WB
,P0016,,0,235,PKL,0,0,Y,0,784.36,0,0,UP
,P0016,,0,235,SP,0,0,N,0,0,813,0,BR
,P0203,,0,52,SP,0,0,N,0,875,0,0,BH
,P0203,,0,52,PKL,0,0,Y,0,875,0,0,WB
,P0203,,0,52,PKL,0,0,Y,0,520.68,0,0,UP
,P0203,,0,52,SP,0,0,N,0,0,810,0,BR
,P0203,,0,52,PKL,0,0,Y,0,875,810,0,DL
,P0208,,0,41,SP,0,0,N,0,2299,0,0,BH
,P0208,,0,41,PKL,0,0,Y,0,2299,0,0,WB
,P0208,,0,41,PKL,0,0,Y,0,2052.6,0,0,UP
,P0208,,0,41,PKL,0,0,Y,0,2083,1929,0,BR
,P0208,,0,41,PKL,0,0,Y,0,2299,2129,0,DL
,P0209,,0,80,SP,0,0,N,0,2353,0,0,BH
,P0209,,0,80,PKL,0,0,Y,0,2353,0,0,WB
,P0209,,0,80,PKL,0,0,Y,0,2136.32,0,0,UP
,P0209,,0,80,PKL,0,0,Y,0,2116,1960,0,BR
,P0209,,0,80,PKL,0,0,Y,0,2353,2178,0,DL
,P0210,,0,139,SP,0,0,N,0,2338,0,0,BH
,P0210,,0,139,PKL,0,0,Y,0,2338,0,0,WB
,P0210,,0,139,PKL,0,0,Y,0,2087.82,0,0,UP
,P0210,,0,139,PKL,0,0,Y,0,2068,1915,0,BR
,P0210,,0,139,PKL,0,0,Y,0,2338,2165,0,DL
,P0211,,0,27,SP,0,0,N,0,1514,0,0,BH
,P0211,,0,27,PKL,0,0,Y,0,1514,0,0,WB
,P0211,,0,29,PKL,0,0,Y,0,1452,0,0,UP
,P0211,,0,27,PKL,0,0,Y,0,1339,1240,0,BR
,P0211,,0,27,PKL,0,0,Y,0,1514,1402,0,DL
,P0212,,0,53,SP,0,0,N,0,1585,0,0,BH
,P0212,,0,53,PKL,0,0,Y,0,1585,0,0,WB
,P0212,,0,56,PKL,0,0,Y,0,1495.36,0,0,UP
,P0212,,0,53,PKL,0,0,Y,0,1349,1249,0,BR
,P0212,,0,53,PKL,0,0,Y,0,1585,1468,0,DL
,P0213,,0,75,SP,0,0,N,0,1262,0,0,BH
,P0213,,0,75,PKL,0,0,Y,0,1262,0,0,WB
,P0213,,0,80,PKL,0,0,Y,0,1201.68,0,0,UP
,P0213,,0,75,PKL,0,0,Y,0,1146,1061,0,BR
,P0213,,0,75,PKL,0,0,Y,0,1262,1169,0,DL
,P0214,,0,27,SP,0,0,N,0,1514,0,0,BH
,P0214,,0,27,PKL,0,0,Y,0,1514,0,0,WB
,P0214,,0,29,PKL,0,0,Y,0,1452,0,0,UP
,P0214,,0,27,PKL,0,0,Y,0,1339,1240,0,BR
,P0214,,0,27,PKL,0,0,Y,0,1514,1402,0,DL
,P0215,,0,53,SP,0,0,N,0,1585,0,0,BH
,P0215,,0,53,PKL,0,0,Y,0,1585,0,0,WB
,P0215,,0,56,PKL,0,0,Y,0,1495.36,0,0,UP
,P0215,,0,53,PKL,0,0,Y,0,1349,1249,0,BR
,P0215,,0,53,PKL,0,0,Y,0,1585,1467,0,DL
,P0216,,0,75,SP,0,0,N,0,1262,0,0,BH
,P0216,,0,75,PKL,0,0,Y,0,1262,0,0,WB
,P0216,,0,80,PKL,0,0,Y,0,1201.68,0,0,UP
,P0216,,0,75,PKL,0,0,Y,0,1146,1061,0,BR
,P0216,,0,75,PKL,0,0,Y,0,1262,1169,0,DL
,P0228,,0,192,SP,0,0,N,0,718,0,0,BH
,P0228,,0,192,PKL,0,0,Y,0,718,0,0,WB
,P0228,,0,192,PKL,0,0,Y,0,640.84,0,0,UP
,P0228,,0,192,SP,0,0,N,0,0,665,0,BR
,P0233,,0,52,SP,0,0,N,0,875,0,0,BH
,P0233,,0,52,PKL,0,0,Y,0,875,0,0,WB
,P0233,,0,52,PKL,0,0,Y,0,512.64,0,0,UP
,P0233,,0,52,SP,0,0,N,0,0,810,0,BR
,P0288,,0,605,SP,0,0,N,0,2262,0,0,BH
,P0288,,0,605,PKL,0,0,Y,0,2262,0,0,WB
,P0288,,0,605,PKL,0,0,Y,0,2019.36,0,0,UP
,P0288,,0,605,PKL,0,0,Y,0,1911,1770,0,BR
,P0288,,0,605,PKL,0,0,Y,0,2262,2094,0,DL
,P0269,,0,150,SP,0,0,N,0,560,0,0,BH
,P0269,,0,145.75,PKL,0,0,Y,0,520.52,0,0,WB
,P0269,,0,160,PKL,0,0,Y,0,535.68,0,0,UP
,P0269,,0,145.75,PKL,0,0,Y,0,520.52,0,0,BR
,G0023,,0,166,SP,0,0,N,0,3435,0,0,BH
,G0023,,0,166,HNG-G.Jmn,0,0,Y,0,3435,0,0,WB
,G0023,,0,327.25,HNG-G.Jmn,0,0,Y,0,3169.49,0,0,UP
,G0023,,0,166,SP,0,0,N,0,0,3181,0,BR
,G0024,,0,170,SP,0,0,N,0,3400,0,0,BH
,G0024,,0,170,HNG-G.Jmn,0,0,Y,0,3400,0,0,WB
,G0024,,0,170,SP,0,0,N,0,0,3148,0,BR
,G0024,,0,180,HNG-G.Jmn,0,0,Y,0,2905.36,0,0,UP
,S1087,,0,75,SP,0,0,N,0,700,0,0,BH
,S1087,,0,75,SP,0,0,Y,0,700,0,0,WB
,S1087,,0,75,SP,0,0,N,0,0,648,0,BR
,S1087,,0,75,SP,0,0,Y,0,1335.2,0,0,UP
,S1088,,0,75,SP,0,0,N,0,700,0,0,BH
,S1088,,0,75,SP,0,0,Y,0,700,0,0,WB
,S1088,,0,75,SP,0,0,N,0,0,648,0,BR
,S1088,,0,75,SP,0,0,Y,0,1335.2,0,0,UP
,S1089,,0,75,SP,0,0,N,0,700,0,0,BH
,S1089,,0,75,SP,0,0,Y,0,700,0,0,WB
,S1089,,0,75,SP,0,0,N,0,0,648,0,BR
,S1089,,0,75,SP,0,0,Y,0,1335.2,0,0,UP
,S1093,,0,75,SP,0,0,N,0,700,0,0,BH
,S1093,,0,75,SP,0,0,Y,0,700,0,0,WB
,S1093,,0,75,SP,0,0,N,0,0,648,0,BR
,S1093,,0,75,SP,0,0,Y,0,1246,0,0,UP
,S1093,,0,75,SP,0,0,Y,0,700,648,0,DL
,S1092,,0,75,SP,0,0,N,0,700,0,0,BH
,S1092,,0,75,SP,0,0,Y,0,700,0,0,WB
,S1092,,0,75,SP,0,0,N,0,0,648,0,BR
,S1092,,0,75,SP,0,0,Y,0,1246,0,0,UP
,S1092,,0,75,SP,0,0,Y,0,700,648,0,DL
,S1091,,0,75,SP,0,0,N,0,700,0,0,BH
,S1091,,0,75,SP,0,0,Y,0,700,0,0,WB
,S1091,,0,75,SP,0,0,N,0,0,648,0,BR
,S1091,,0,75,SP,0,0,Y,0,1246,0,0,UP
,S1091,,0,75,SP,0,0,Y,0,700,648,0,DL
,S1090,,0,75,SP,0,0,N,0,700,0,0,BH
,S1090,,0,75,SP,0,0,Y,0,700,0,0,WB
,S1090,,0,75,SP,0,0,N,0,0,648,0,BR
,S1090,,0,75,SP,0,0,Y,0,1246,0,0,UP
,S1090,,0,75,SP,0,0,Y,0,700,648,0,DL
,S0912,,0,75,SP,0,0,N,0,700,0,0,BH
,S0912,,0,75,SP,0,0,Y,0,700,0,0,WB
,S0912,,0,75,SP,0,0,Y,0,2778,2572,0,BR
,S0912,,0,75,SP,0,0,Y,0,2710.26,0,0,UP
,S0912,,0,75,SP,0,0,Y,0,700,648,0,DL
,S1046,,0,590,SP,0,0,N,0,3308,0,0,BH
,S1046,,0,590,SP,0,0,Y,0,3308,0,0,WB
,S1046,,0,590,SP,0,0,Y,0,3122,2890,0,BR
,S1046,,0,590,SP,0,0,Y,0,3150.84,0,0,UP
,S1046,,0,590,SP,0,0,Y,0,3308,3063,0,DL
,S1045,,0,400,SP,0,0,N,0,2243,0,0,BH
,S1045,,0,400,SP,0,0,Y,0,2243,0,0,WB
,S1045,,0,400,SP,0,0,Y,0,2116,1960,0,BR
,S1045,,0,400,SP,0,0,Y,0,2136.18,0,0,UP
,S1045,,0,400,SP,0,0,Y,0,2243,2077,0,DL
,S1041,,0,470,SP,0,0,N,0,2636,0,0,BH
,S1041,,0,470,SP,0,0,Y,0,2636,0,0,WB
,S1041,,0,470,SP,0,0,Y,0,2487,2303,0,BR
,S1041,,0,470,SP,0,0,Y,0,2509.98,0,0,UP
,S1041,,0,470,SP,0,0,Y,0,2636,2441,0,DL
,S1040,,0,365,SP,0,0,N,0,2047,0,0,BH
,S1040,,0,365,SP,0,0,Y,0,2047,0,0,WB
,S1040,,0,365,SP,0,0,Y,0,1931,1788,0,BR
,S1040,,0,365,SP,0,0,Y,0,1624.53,0,0,UP
,S1040,,0,365,SP,0,0,Y,0,2047,1895,0,DL
,S1047,,0,350,SP,0,0,N,0,1963,0,0,BH
,S1047,,0,350,SP,0,0,Y,0,1963,0,0,WB
,S1047,,0,350,SP,0,0,Y,0,1852,1715,0,BR
,S1047,,0,350,SP,0,0,Y,0,1869.12,0,0,UP
,S1047,,0,350,SP,0,0,Y,0,1963,1818,0,DL
,S1043,,0,300,SP,0,0,N,0,1682,0,0,BH
,S1043,,0,300,SP,0,0,Y,0,1682,0,0,WB
,S1043,,0,300,SP,0,0,Y,0,1601,1557,0,BR
,S1043,,0,300,SP,0,0,Y,0,1602.12,0,0,UP
,S1043,,0,300,SP,0,0,Y,0,1682,1557,0,DL
,S1083,,0,850,SP,0,0,N,0,4766,0,0,BH
,S1083,,0,850,SP,0,0,Y,0,4766,0,0,WB
,S1083,,0,850,SP,0,0,Y,0,4497,4164,0,BR
,S1083,,0,850,SP,0,0,Y,0,4539.36,0,0,UP
,S1083,,0,850,SP,0,0,Y,0,4766,4413,0,DL
,S1044,,0,375,SP,0,0,N,0,2103,0,0,BH
,S1044,,0,375,SP,0,0,Y,0,2103,0,0,WB
,S1044,,0,375,SP,0,0,Y,0,1984,1837,0,BR
,S1044,,0,375,SP,0,0,Y,0,2103,1947,0,DL
,S1044,,0,375,SP,0,0,Y,0,2002.62,0,0,UP
,S0430,,0,200,SP,0,0,N,0,1121,0,0,BH
,S0430,,0,200,SP,0,0,Y,0,1121,0,0,WB
,S0430,,0,200,SP,0,0,Y,0,2561,2371,0,BR
,S0430,,0,200,SP,0,0,Y,0,1121,1038,0,DL
,S0430,,0,200,SP,0,0,Y,0,2136.18,0,0,UP
,S0536,,0,144,SP,0,0,N,0,807,0,0,BH
,S0536,,0,144,SP,0,0,Y,0,807,0,0,WB
,S0536,,0,144,SP,0,0,Y,0,2963,2743,0,BR
,S0536,,0,144,SP,0,0,Y,0,2563.4,0,0,UP
,S1049,,0,250,SP,0,0,N,0,1402,0,0,BH
,S1049,,0,250,SP,0,0,Y,0,1402,0,0,WB
,S1049,,0,250,SP,0,0,Y,0,1323,1225,0,BR
,S1049,,0,250,SP,0,0,Y,0,1402,1298,0,DL
,S1049,,0,250,SP,0,0,Y,0,1335.12,0,0,UP
,S1048,,0,480,SP,0,0,N,0,3082,0,0,BH
,S1048,,0,480,SP,0,0,Y,0,3082,0,0,WB
,S1048,,0,480,SP,0,0,Y,0,2936,2854,0,BR
,S1048,,0,480,SP,0,0,Y,0,3082,2854,0,DL
,S1048,,0,480,SP,0,0,Y,0,2563.44,0,0,UP
,S1042,,0,172,SP,0,0,N,0,964,0,0,BH
,S1042,,0,172,SP,0,0,Y,0,964,0,0,WB
,S1042,,0,172,SP,0,0,Y,0,841,779,0,BR
,S1042,,0,177,SP,0,0,Y,0,992,919,0,DL
,S1042,,0,162,SP,0,0,Y,0,865.14,0,0,UP
,S1081,,0,162,SP,0,0,Y,0,918.54,0,0,UP
,S1081,,0,157,SP,0,0,N,0,880,0,0,BH
,S1081,,0,157,SP,0,0,Y,0,880,0,0,WB
,S1081,,0,157,SP,0,0,N,0,0,815,0,BR
,S1081,,0,147,SP,0,0,Y,0,824,763,0,DL
,S1082,,0,172,SP,0,0,Y,0,1260.54,0,0,UP
,S1082,,0,157,SP,0,0,N,0,880,0,0,BH
,S1082,,0,157,SP,0,0,Y,0,880,0,0,WB
,S1082,,0,157,SP,0,0,Y,0,815,754,0,BR
,S1082,,0,167,SP,0,0,Y,0,936,867,0,DL
,S0901,,0,80,SP,0,0,Y,0,1294.8,0,0,UP
,S0901,,0,80,SP,0,0,N,0,1495,0,0,BH
,S0901,,0,80,SP,0,0,N,0,1495,0,0,WB
,S0901,,0,80,SP,0,0,Y,0,1424,1384,0,BR
,S0901,,0,73,SP,0,0,Y,0,1294.7,1198.8,0,DL
,S0177,,0,80,SP,0,0,Y,0,1294.8,0,0,UP
,S0177,,0,80,SP,0,0,N,0,1495,0,0,BH
,S0177,,0,80,SP,0,0,N,0,1495,0,0,WB
,S0177,,0,80,SP,0,0,N,0,0,1384,0,BR
,S0177,,0,73,SP,0,0,Y,0,1294.7,1198.8,0,DL
,S0506,,0,80,SP,0,0,Y,0,1294.8,0,0,UP
,S0506,,0,80,SP,0,0,N,0,1495,0,0,BH
,S0506,,0,80,SP,0,0,N,0,1495,0,0,WB
,S0506,,0,80,SP,0,0,N,0,0,1384,0,BR
,S0506,,0,73,SP,0,0,Y,0,1294.7,1198.8,0,DL
,S0937,,0,80,SP,0,0,Y,0,1424.2,0,0,UP
,S0937,,0,80,SP,0,0,N,0,1495,0,0,BH
,S0937,,0,80,SP,0,0,Y,0,1495,0,0,WB
,S0937,,0,80,SP,0,0,Y,0,1376,1274,0,BR
,S0143,,0,80,SP,0,0,Y,0,1294.8,0,0,UP
,S0143,,0,80,SP,0,0,N,0,1495,0,0,BH
,S0143,,0,80,SP,0,0,N,0,1495,0,0,WB
,S0143,,0,80,SP,0,0,N,0,0,1384,0,BR
,S0143,,0,73,SP,0,0,Y,0,1294.49,1198.6,0,DL
,S0075,,0,80,SP,0,0,Y,0,1424.2,0,0,UP
,S0075,,0,80,SP,0,0,N,0,1495,0,0,BH
,S0075,,0,80,SP,0,0,N,0,1495,0,0,WB
,S0075,,0,80,SP,0,0,N,0,0,1384,0,BR
,S1097,,0,80,SP,0,0,Y,0,1424.2,0,0,UP
,S1097,,0,77,SP,0,0,N,0,1444,1337,0,BH
,S1097,,0,77,SP,0,0,Y,0,1444,1337,0,WB
,S1097,,0,77,SP,0,0,Y,0,1273,1179,0,BR
,S0036,,0,220,SP,0,0,Y,0,1958.1,0,0,UP
,S0036,,0,220,SP,0,0,N,0,2056,0,0,BH
,S0036,,0,220,SP,0,0,Y,0,2056,0,0,WB
,S0036,,0,220,SP,0,0,N,0,0,1904,0,BR
,S0676,,0,145,SP,0,0,Y,0,3097.44,0,0,UP
,S0676,,0,130,SP,0,0,N,0,2916,0,0,BH
,S0676,,0,130,SP,0,0,Y,0,2916,0,0,WB
,S0676,,0,130,SP,0,0,Y,0,2688,2489,0,BR
,S0676,,0,125,SP,0,0,Y,0,2804,2596,0,DL
,S0677,,0,147,SP,0,0,Y,0,3140.16,0,0,UP
,S0677,,0,132,SP,0,0,N,0,2961,0,0,BH
,S0677,,0,132,SP,0,0,Y,0,2961,0,0,WB
,S0677,,0,132,SP,0,0,Y,0,2730,2528,0,BR
,S0677,,0,127,SP,0,0,Y,0,2849,2638,0,DL
,S0678,,0,152,SP,0,0,Y,0,3246.96,0,0,UP
,S0678,,0,137,SP,0,0,N,0,3073,0,0,BH
,S0678,,0,137,SP,0,0,Y,0,3073,0,0,WB
,S0678,,0,137,SP,0,0,Y,0,2836,2626,0,BR
,S0678,,0,132,SP,0,0,Y,0,2961,2742,0,DL
,S0108,,0,162,SP,0,0,Y,0,3460.56,0,0,UP
,S0108,,0,147,SP,0,0,N,0,3297,0,0,BH
,S0108,,0,147,SP,0,0,Y,0,3297,0,0,WB
,S0108,,0,147,SP,0,0,Y,0,3048,2822,0,BR
,S0108,,0,147,SP,0,0,Y,0,3140.16,2709.84,0,DL
,S1036,,0,1,SP,0,0,N,0,2093.44,0,0,UP
,S1036,,0,147,SP,0,0,N,0,2198,0,0,BH
,S1036,,0,147,SP,0,0,N,0,2198,0,0,WB
,S1036,,0,147,SP,0,0,N,0,2032,1881,0,BR
,S1036,,0,147,SP,0,0,N,0,2093.44,1806.4,0,DL
,S0685,,0,135,SP,0,0,Y,0,2883.84,0,0,UP
,S0685,,0,145,SP,0,0,N,0,3252,0,0,BH
,S0685,,0,145,SP,0,0,Y,0,3252,0,0,WB
,S0685,,0,145,SP,0,0,Y,0,2794,2587,0,BR
,S0685,,0,145,SP,0,0,Y,0,3252,3011,0,DL
,S0686,,0,137,SP,0,0,Y,0,2926.56,0,0,UP
,S0686,,0,147,SP,0,0,N,0,3297,0,0,BH
,S0686,,0,147,SP,0,0,Y,0,3297,0,0,WB
,S0686,,0,147,SP,0,0,Y,0,2836,2626,0,BR
,S0686,,0,147,SP,0,0,Y,0,3297,3053,0,DL
,S0687,,0,142,SP,0,0,Y,0,3033.36,0,0,UP
,S0687,,0,152,SP,0,0,N,0,3409,0,0,BH
,S0687,,0,152,SP,0,0,Y,0,3409,0,0,WB
,S0687,,0,152,SP,0,0,Y,0,2942,2724,0,BR
,S0687,,0,152,SP,0,0,Y,0,3409,3156,0,DL
,S0122,,0,152,SP,0,0,Y,0,3246.96,0,0,UP
,S0122,,0,162,SP,0,0,N,0,3634,0,0,BH
,S0122,,0,162,SP,0,0,Y,0,3634,0,0,WB
,S0122,,0,162,SP,0,0,Y,0,3048,2822,0,BR
,S0122,,0,162,SP,0,0,Y,0,3460.56,3204.24,0,DL
,S1080,,0,147,SP,0,0,N,0,2006.37,0,0,UP
,S1080,,0,162,SP,0,0,N,0,2422,0,0,BH
,S1080,,0,162,SP,0,0,N,0,2422,0,0,WB
,S1080,,0,162,SP,0,0,N,0,2032,1881,0,BR
,S1080,,0,262,SP,0,0,N,0,2307.04,2136,0,DL
,S0681,,0,210,SP,0,0,Y,0,4486.08,0,0,UP
,S0681,,0,130,SP,0,0,N,0,2916,0,0,BH
,S0681,,0,130,SP,0,0,Y,0,2916,0,0,WB
,S0681,,0,130,SP,0,0,Y,0,2688,2489,0,BR
,S0681,,0,145,SP,0,0,Y,0,3252,3011,0,DL
,S0679,,0,217,SP,0,0,Y,0,4635.6,0,0,UP
,S0679,,0,132,SP,0,0,N,0,2961,0,0,BH
,S0679,,0,132,SP,0,0,Y,0,2961,0,0,WB
,S0679,,0,132,SP,0,0,Y,0,2836,2626,0,BR
,S0679,,0,152,SP,0,0,Y,0,3297,3053,0,DL
,S0680,,0,212,SP,0,0,Y,0,4528.8,0,0,UP
,S0680,,0,137,SP,0,0,N,0,3037,0,0,BH
,S0680,,0,137,SP,0,0,Y,0,3037,0,0,WB
,S0680,,0,137,SP,0,0,Y,0,2730,2528,0,BR
,S0680,,0,147,SP,0,0,Y,0,3409,3156,0,DL
,S0132,,0,147,SP,0,0,N,0,1486,0,0,UP
,S0132,,0,147,SP,0,0,N,0,3297,0,0,BH
,S0132,,0,147,SP,0,0,N,0,3297,0,0,WB
,S0132,,0,147,SP,0,0,N,0,0,3053,0,BR
,S1037,,0,157,SP,0,0,N,0,2142.83,0,0,UP
,S1037,,0,147,SP,0,0,N,0,2198,0,0,BH
,S1037,,0,147,SP,0,0,N,0,2198,0,0,WB
,S1037,,0,147,SP,0,0,N,0,1961,1816,0,BR
,S1037,,0,147,SP,0,0,N,0,2093.44,2070.24,0,DL
,S0682,,0,230,SP,0,0,Y,0,4913.28,0,0,UP
,S0682,,0,160,SP,0,0,N,0,3589,0,0,BH
,S0682,,0,160,SP,0,0,Y,0,3589,0,0,WB
,S0682,,0,160,SP,0,0,Y,0,3958,3664,0,BR
,S0682,,0,175,SP,0,0,Y,0,3925,3634,0,DL
,S0683,,0,177,SP,0,0,Y,0,3780.96,0,0,UP
,S0683,,0,162,SP,0,0,N,0,3634,0,0,BH
,S0683,,0,162,SP,0,0,Y,0,3634,0,0,WB
,S0683,,0,162,SP,0,0,Y,0,4000,3704,0,BR
,S0683,,0,177,SP,0,0,Y,0,3970,3676,0,DL
,S0684,,0,182,SP,0,0,Y,0,3887.76,0,0,UP
,S0684,,0,167,SP,0,0,N,0,3746,0,0,BH
,S0684,,0,167,SP,0,0,Y,0,3746,0,0,WB
,S0684,,0,167,SP,0,0,Y,0,4106,3802,0,BR
,S0684,,0,182,SP,0,0,Y,0,4082,3780,0,DL
,S0502,,0,290,SP,0,0,Y,0,2670.2,0,0,UP
,S0502,,0,290,SP,0,0,N,0,2710,0,0,BH
,S0502,,0,290,SP,0,0,Y,0,2710,0,0,WB
,S0502,,0,290,SP,0,0,N,0,0,2509,0,BR
,S0502,,0,290,SP,0,0,Y,0,2710,0,0,DL
,S0050,,0,350,SP,0,0,Y,0,3204.3,0,0,UP
,S0050,,0,350,SP,0,0,N,0,3271,0,0,BH
,S0050,,0,350,SP,0,0,Y,0,3271,0,0,WB
,S0050,,0,350,SP,0,0,N,0,0,3029,0,BR
,S0050,,0,350,SP,0,0,Y,0,3271,0,0,DL
,S0039,,0,370,SP,0,0,Y,0,3293.3,0,0,UP
,S0039,,0,370,SP,0,0,N,0,3458,0,0,BH
,S0039,,0,370,SP,0,0,Y,0,3458,0,0,WB
,S0039,,0,370,SP,0,0,N,0,0,3202,0,BR
,S0039,,0,370,SP,0,0,Y,0,3458,0,0,DL
,S1071,,0,1160,SP,0,0,Y,0,4414.76,0,0,UP
,S1071,,0,1160,SP,0,0,N,0,4336,0,0,BH
,S1071,,0,1160,SP,0,0,Y,0,4336,0,0,WB
,S1071,,0,1160,SP,0,0,N,0,0,4015,0,BR
,S1072,,0,1400,SP,0,0,Y,0,5269.24,0,0,UP
,S1072,,0,1400,SP,0,0,N,0,5234,0,0,BH
,S1072,,0,1400,SP,0,0,Y,0,5234,0,0,WB
,S1072,,0,1400,SP,0,0,N,0,0,4846,0,BR
,S1073,,0,1480,SP,0,0,Y,0,5269.24,0,0,UP
,S1073,,0,1480,SP,0,0,N,0,5533,0,0,BH
,S1073,,0,1480,SP,0,0,Y,0,5533,0,0,WB
,S1073,,0,1480,SP,0,0,N,0,0,5123,0,BR
,S0691,,0,175,SP,0,0,Y,0,3738.31,0,0,UP
,S0691,,0,190,SP,0,0,N,0,4262,0,0,BH
,S0691,,0,175,SP,0,0,Y,0,3703.7,0,0,WB
,S0691,,0,175,SP,0,0,Y,0,3703.7,2979,0,BR
,S0692,,0,177,SP,0,0,Y,0,3781,0,0,UP
,S0692,,0,192,SP,0,0,N,0,4307,0,0,BH
,S0692,,0,177,SP,0,0,Y,0,3746,0,0,WB
,S0692,,0,177,SP,0,0,Y,0,3746,3018,0,BR
,S0693,,0,182,SP,0,0,Y,0,3887.85,0,0,UP
,S0693,,0,197,SP,0,0,N,0,4419,0,0,BH
,S0693,,0,182,SP,0,0,Y,0,3851.85,0,0,WB
,S0693,,0,182,SP,0,0,Y,0,3851.85,3116,0,BR
,S0919,,0,180,SP,0,0,Y,0,1821.36,0,0,UP
,S0919,,0,180,SP,0,0,N,0,1892,0,0,BH
,S0919,,0,180,SP,0,0,Y,0,1892,0,0,WB
,S0919,,0,180,SP,0,0,Y,0,1905,1764,0,BR
,S1014,,0,180,SP,0,0,Y,0,2136.24,0,0,UP
,S1014,,0,180,SP,0,0,N,0,1892,0,0,BH
,S1014,,0,180,SP,0,0,Y,0,1892,0,0,WB
,S1014,,0,180,SP,0,0,Y,0,2116,1960,0,BR
,S0923,,0,820,SP,0,0,Y,0,3649.32,0,0,UP
,S0923,,0,820,SP,0,0,N,0,3832,0,0,BH
,S0923,,0,820,SP,0,0,Y,0,3832,0,0,WB
,S0923,,0,820,SP,0,0,N,0,0,3548,0,BR
,S0924,,0,870,SP,0,0,Y,0,3871.8,0,0,UP
,S0924,,0,870,SP,0,0,N,0,4065,0,0,BH
,S0924,,0,870,SP,0,0,Y,0,4065,0,0,WB
,S0924,,0,870,SP,0,0,N,0,0,3764,0,BR
,A0604,,0,89,AG,0,0,N,0,1667,1543,0,BH
,A0604,,0,89,AG,0,0,N,0,1569.66,1453.39,0,WB
,A0604,,0,89,AG,0,0,N,0,1569.66,1453.39,0,BR
,A1061,,0,480,AG,0,0,N,0,1778,1646,0,BH
,A1061,,0,480,AG,0,0,Y,0,1778,1646,0,WB
,A1061,,0,480,AG,0,0,Y,0,1693,1568,0,BR
,A1362,,0,240,AG,0,0,Y,0,2563.42,0,0,UP
,A1362,,0,218,AG,0,0,N,0,2469,2263,0,BH
,A1362,,0,240,AG,0,0,Y,0,2539.68,2351.56,0,WB
,A1362,,0,240,AG,0,0,Y,0,2539.68,2351.56,0,BR
,A1362,,0,187,AG,0,0,Y,0,1997.32,1849.37,0,DL
,S1102,,0,77,SP,0,0,N,0,1444,1337,0,BH
,S1102,,0,77,SP,0,0,Y,0,1444,1337,0,WB
,S1102,,0,77,SP,0,0,Y,0,1376,1274,0,BR
,S0933,,0,77,SP,0,0,N,0,1444,1337,0,BH
,S0933,,0,77,SP,0,0,Y,0,1444,1337,0,WB
,S0933,,0,77,SP,0,0,Y,0,1375,1273,0,BR
,A0456,,0,46,AG,0,0,N,0,1022,947,0,BH
,A0456,,0,46,AG,0,0,Y,0,973.54,901.43,0,WB
,A0456,,0,46,AG,0,0,Y,0,973.54,901.43,0,BR
,A0457,,0,89,AG,0,0,N,0,1000,926,0,BH
,A0457,,0,92,AG,0,0,Y,0,973.54,901.43,0,WB
,A0457,,0,90,AG,0,0,Y,0,961.28,0,0,UP
,A0457,,0,92,AG,0,0,Y,0,973.54,901.43,0,BR
,A0513S,,0,0.01,AG,0,0,N,0,0.01,0,0,UP
,A0477S,,0,0.01,AG,0,0,N,0,0.01,0,0,UP
,S0919S,,0,0.01,SP,0,0,N,0,0.01,0,0,UP
,P0269S,,0,0.01,SP,0,0,N,0,0.01,0,0,UP
,A1386,,0,79,AG,0,0,N,0,1671.96,1548.11,0,WB
,A1386,,0,79,AG,0,0,N,0,1671.96,1548.11,0,BR
,A1392,,0,96,AG,0,0,Y,0,1025.37,0,0,UP
,A1392,,0,92,AG,0,0,Y,0,973.54,901.43,0,BR
,A1392,,0,92,AG,0,0,Y,0,973.54,901.43,0,WB
,A1067,,0,92,AG,0,0,Y,0,2064,1911,0,DL
,A1033,,0,92,AG,0,0,Y,0,982.64,0,0,UP
,A1033,,0,92,AG,0,0,Y,0,973.54,901.43,0,WB
,A1033,,0,92,AG,0,0,Y,0,973.54,901.43,0,BR
,A1402,,0,216,AG,0,0,Y,0,1153.54,0,0,UP
,A1402,,0,192,AG,0,0,Y,0,1015.87,940.62,0,WB
,A1402,,0,192,AG,0,0,Y,0,1015.87,940.62,0,BR
,A1402,,0,216,AG,0,0,Y,0,1200,1111,0,DL
,P0181,,0,52,PKL,0,0,Y,0,583,540,0,WB
,P0181,,0,52,PKL,0,0,Y,0,529,490,0,BR
,S0133,,0,227,SP,0,0,Y,0,4849.2,0,0,UP
,S0133,,0,147,SP,0,0,Y,0,3297,0,0,WB
,S0133,,0,147,SP,0,0,Y,0,2942,2724,0,BR
,S0133,,0,147,SP,0,0,Y,0,3297,3053,0,DL
,S0716,,0,80,SP,0,0,Y,0,1495,1384,0,WB
,S0716,,0,80,SP,0,0,Y,0,1375,1273,0,BR
,S0931,,0,80,SP,0,0,Y,0,1495,1384,0,WB
,S0931,,0,80,SP,0,0,Y,0,1375,1273,0,BR
,S0891,,0,80,SP,0,0,Y,0,1495,1384,0,WB
,S0891,,0,80,SP,0,0,Y,0,1375,1273,0,BR
,S0907,,0,80,SP,0,0,Y,0,1495,1384,0,WB
,S0907,,0,80,SP,0,0,Y,0,1424,1384,0,BR
,S1098,,0,80,SP,0,0,Y,0,1495,1384,0,WB
,S1098,,0,80,SP,0,0,Y,0,1375,1273,0,BR
,S1060,,0,820,SP,0,0,N,0,3649.32,0,0,UP
,S1061,,0,870,SP,0,0,N,0,3871.8,0,0,UP
,S1104,,0,80,SP,0,0,Y,0,1294.6,0,0,UP
,A1409,,0,216,AG,0,0,Y,0,1153.54,0,0,UP
,A1409,,0,192,AG,0,0,Y,0,1015.87,940.62,0,WB
,A1409,,0,192,AG,0,0,Y,0,1015.87,940.62,0,BR
,A1409,,0,210,AG,0,0,Y,0,1121.24,1038.18,0,DL
,A0029,,0,28,AG,0,0,Y,0,598.13,0,0,UP
,H0086,,0,6336,HNG-G.Jmn,0,0,Y,0,5639.51,0,0,UP
,A0514,,0,98,AG,0,0,Y,0,523.36,0,0,UP
,P0217,,0,205,PKL,0,0,Y,0,683.56,0,0,UP
,A1405,,0,98,AG,0,0,Y,0,654.21,0,0,UP
,A1404,,0,98,AG,0,0,Y,0,654.21,0,0,UP
,H0033,,0,590,HNG-G.Jmn,0,0,Y,0,4201.12,0,0,UP
,H0048,,0,1120,HNG-G.Jmn,0,0,Y,0,7975.07,0,0,UP
,A1411,,0,98,AG,0,0,Y,0,654.21,0,0,UP
,A1412,,0,98,AG,0,0,Y,0,654.21,0,0,UP
,S1111,,0,200,SP,0,0,N,0,2670.51,0,0,UP
,S1111,,0,200,SP,0,0,N,0,3175,2596,0,BR
,S1111,,0,200,SP,0,0,N,0,2804,0,0,WB
,S1111,,0,200,SP,0,0,N,0,3365,3116,0,DL
,A1421,,0,75,HNG-G.Jmn,0,0,N,0,2804,0,0,UP
,A1422,,0,75,HNG-G.Jmn,0,0,Y,0,2803.6,0,0,UP
,A1422,,0,75,HNG-G.Jmn,0,0,Y,0,2804,0,0,BR
,A1422,,0,75,HNG-G.Jmn,0,0,Y,0,2804,0,0,WB
,A1434,,0,160,AG,0,0,Y,0,1708.95,0,0,UP
,A1434,,0,160,AG,0,0,Y,0,1693.12,1567.71,0,BR
,A1434,,0,160,AG,0,0,Y,0,1693.12,1567.71,0,WB
,A1434,,0,160,AG,0,0,Y,0,1708.94,0,0,DL
,A1439,,0,160,AG,0,0,Y,0,1708.95,0,0,UP
,A1439,,0,160,AG,0,0,Y,0,1693.12,1567.71,0,BR
,A1439,,0,160,AG,0,0,Y,0,1693.12,1567.71,0,WB
,A1439,,0,160,AG,0,0,Y,0,1708.94,0,0,DL
,A1426,,0,180,AG,0,0,Y,0,961,890,0,DL
,A1426,,0,168,AG,0,0,Y,0,1794.39,0,0,UP
,A1426,,0,185,AG,0,0,Y,0,1957.67,1812.66,0,BR
,A1426,,0,185,AG,0,0,Y,0,1957.67,1812.66,0,WB
,A1430,,0,115,HNG-G.Jmn,0,0,Y,0,3224.1,0,0,UP
,A1430,,0,108,HNG-G.Jmn,0,0,Y,0,2019,0,0,BR
,A1430,,0,108,HNG-G.Jmn,0,0,Y,0,2019,0,0,WB
,A1430,,0,108,HNG-G.Jmn,0,0,Y,0,2019,0,0,DL
,S0521,,0,76,SP,0,0,Y,0,2029.37,0,0,UP
,S0521,,0,76,SP,0,0,Y,0,2029.37,0,0,BR
,S0521,,0,76,SP,0,0,Y,0,2029.37,0,0,WB
,S0521,,0,76,SP,0,0,Y,0,2029.37,0,0,DL
,H0109,,0,130,HNG-G.Jmn,0,0,Y,0,1388.51,0,0,UP
,H0109,,0,1560,HNG-G.Jmn,0,0,Y,0,1388.51,0,0,BR
,H0109,,0,1560,HNG-G.Jmn,0,0,Y,0,1388.51,0,0,WB
,H0109,,0,1560,HNG-G.Jmn,0,0,Y,0,1388.51,0,0,DL
,S1116,,0,152,SP,0,0,Y,0,1623.49,0,0,UP
,S1116,,0,152,SP,0,0,Y,0,1623.49,0,0,WB
,S1116,,0,152,SP,0,0,Y,0,1623.49,0,0,BR
,S1116,,0,152,SP,0,0,Y,0,1623.49,0,0,DL
,S1117,,0,162,SP,0,0,Y,0,1730.28,0,0,UP
,S1117,,0,147,SP,0,0,Y,0,1570.09,0,0,WB
,S1117,,0,147,SP,0,0,Y,0,1570.09,0,0,BR
,S1117,,0,147,SP,0,0,Y,0,1570.09,0,0,DL
,S1118,,0,227,SP,0,0,Y,0,2424.6,0,0,UP
,S1118,,0,157,SP,0,0,Y,0,1676.9,0,0,WB
,S1118,,0,157,SP,0,0,Y,0,1676.9,0,0,BR
,S1118,,0,157,SP,0,0,Y,0,1676.9,0,0,DL
,S1119,,0,240,HNG-G.Jmn,0,0,Y,0,4498,0,0,UP
,S1119,,0,240,HNG-G.Jmn,0,0,Y,0,5702.51,0,0,WB
,S1119,,0,240,HNG-G.Jmn,0,0,Y,0,5702.51,0,0,BR
,S1119,,0,240,HNG-G.Jmn,0,0,Y,0,5702.51,0,0,DL
,S1122,,0,270,HNG-G.Jmn,0,0,Y,0,5046.8,0,0,UP
,S1122,,0,270,HNG-G.Jmn,0,0,Y,0,6415.33,0,0,WB
,S1122,,0,270,HNG-G.Jmn,0,0,Y,0,6415.33,0,0,BR
,S1122,,0,270,HNG-G.Jmn,0,0,Y,0,6415.33,0,0,DL
,D0001,,0,590,Detergent,0,0,Y,0,476.19,0,0,UP
,D0001,,0,590,Detergent,0,0,Y,0,444,0,0,BR
,D0001,,0,590,Detergent,0,0,Y,0,444,0,0,WB
,D0001,,0,590,Detergent,0,0,Y,0,476.19,0,0,DL
,D0002,,0,464,Detergent,0,0,Y,0,748.99,0,0,UP
,D0002,,0,464,Detergent,0,0,Y,0,748.99,0,0,BR
,D0002,,0,464,Detergent,0,0,Y,0,748.99,0,0,WB
,D0002,,0,464,Detergent,0,0,Y,0,748.99,0,0,DL
,D0003,,0,46.4,Detergent,0,0,Y,0,900,0,0,UP
,D0003,,0,46.4,Detergent,0,0,Y,0,900,0,0,BR
,D0003,,0,46.4,Detergent,0,0,Y,0,900,0,0,WB
,D0003,,0,46.4,Detergent,0,0,Y,0,900,0,0,DL
,A1469,,0,900,AG,0,0,Y,0,3204.27,0,0,UP
,A1469,,0,900,AG,0,0,Y,0,3174.6,2939.45,0,BR
,A1469,,0,900,AG,0,0,Y,0,3174.6,2939.45,0,WB
,A1469,,0,900,AG,0,0,Y,0,3204.27,0,0,DL
,H0111,,0,273,HNG-G.Jmn,0,0,Y,0,3887.5,0,0,UP
,H0111,,0,273,HNG-G.Jmn,0,0,Y,0,3887.5,0,0,BR
,H0111,,0,273,HNG-G.Jmn,0,0,Y,0,3887.5,0,0,WB
,H0111,,0,273,HNG-G.Jmn,0,0,Y,0,3887.5,0,0,DL
,H0114,,0,780,HNG-G.Jmn,0,0,Y,0,11108.14,0,0,UP
,H0114,,0,780,HNG-G.Jmn,0,0,Y,0,11108.14,0,0,BR
,H0114,,0,780,HNG-G.Jmn,0,0,Y,0,11108.14,0,0,WB
,H0114,,0,780,HNG-G.Jmn,0,0,Y,0,11108.14,0,0,DL
,A1523,,0,45,AG,0,0,Y,0,1441.92,0,0,UP
,A1523,,0,44,AG,0,0,Y,0,1396.83,1293.36,0,WB
,A1523,,0,44,AG,0,0,Y,0,1396.83,1293.36,0,BR
,A1523,,0,45,AG,0,0,Y,0,1441.92,0,0,DL
,A1528,,0,85,AG,0,0,Y,0,1499.12,1388.07,0,WB
,A1528,,0,85,AG,0,0,Y,0,1499.12,1388.07,0,BR
,A1528,,0,88,AG,0,0,Y,0,1566.53,0,0,UP
,H0116,,0,80,HNG-G.Jmn,0,0,Y,0,5696.48,0,0,WB
,H0116,,0,80,HNG-G.Jmn,0,0,Y,0,5696.48,0,0,UP
,H0116,,0,80,HNG-G.Jmn,0,0,Y,0,5696.48,0,0,BR
,H0116,,0,80,HNG-G.Jmn,0,0,Y,0,5696.48,0,0,DL
,A1513,,0,90,AG,0,0,Y,0,1602.14,0,0,UP
,A1513,,0,90,AG,0,0,Y,0,1587.3,1469.72,0,BR
,A1513,,0,90,AG,0,0,Y,0,1587.3,1469.72,0,WB
,A1507,,0,96,AG,0,0,Y,0,1025.37,0,0,UP
,A1507,,0,98,AG,0,0,Y,0,1037.04,960.22,0,BR
,A1507,,0,98,AG,0,0,Y,0,1037.04,960.22,0,WB
,A1512,,0,88,AG,0,0,N,0,939.92,0,0,UP
,A1512,,0,90,AG,0,0,N,0,952.38,881.83,0,BR
,A1512,,0,90,AG,0,0,N,0,952.38,881.83,0,WB
,G0026,,0,140,HNG-G.Jmn,0,0,N,0,2824.75,0,0,UP
,G0006,,0,165,HNG-G.Jmn,0,0,Y,0,3329.29,0,0,UP
,H0108,,0,630,HNG-G.Jmn,0,0,Y,0,5607.47,0,0,WB
,H0108,,0,580,HNG-G.Jmn,0,0,Y,0,5162.43,0,0,UP
,H0108,,0,630,HNG-G.Jmn,0,0,Y,0,5607.47,0,0,BR
,A1541,,0,92,AG,0,0,Y,0,1965.29,0,0,UP
,A1541,,0,90,AG,0,0,Y,0,1904.76,1763.67,0,BR
,A1541,,0,90,AG,0,0,Y,0,1904.76,1763.67,0,WB
,A1542,,0,84,AG,0,0,N,0,1794.39,0,0,UP
,A1542,,0,90,AG,0,0,N,0,1904.76,1763.67,0,BR
,A1542,,0,90,AG,0,0,N,0,1904.76,1763.67,0,WB
,H0119,,0,40,HNG-G.Jmn,0,0,Y,0,4272.36,0,0,WB
,H0119,,0,40,HNG-G.Jmn,0,0,Y,0,4272.36,0,0,UP
,H0119,,0,40,HNG-G.Jmn,0,0,Y,0,4272.36,0,0,BR
,A1544,,0,380,AG,0,0,Y,0,2029.37,0,0,UP
,A1544,,0,380,AG,0,0,Y,0,2010.58,1861.65,0,BR
,A1544,,0,380,AG,0,0,Y,0,2010.58,1861.65,0,WB
,A1545,,0,78,AG,0,0,Y,0,833.11,0,0,UP
,A1545,,0,78,AG,0,0,N,0,825.4,764.26,0,BR
,A1545,,0,78,AG,0,0,N,0,825.4,764.26,0,WB
,A1546,,0,90,AG,0,0,Y,0,1602.14,0,0,UP
,A1546,,0,90,AG,0,0,Y,0,1587.3,1469.72,0,BR
,A1546,,0,90,AG,0,0,Y,0,1587.3,1469.72,0,WB
,A1547,,0,200,AG,0,0,Y,0,2136.18,0,0,UP
,A1547,,0,200,AG,0,0,Y,0,2116.4,1959.63,0,BR
,A1547,,0,200,AG,0,0,Y,0,2116.4,1959.63,0,WB
,A0782,,0,100,AG,0,0,Y,0,178.02,0,0,UP
,A0964,,0,105,AG,0,0,N,0,1111.11,1028.81,0,BR
,A0964,,0,105,AG,0,0,N,0,1111.11,1028.81,0,WB
,A1500,,0,78,AG,0,0,Y,0,825.4,764.26,0,BR
,A1500,,0,78,AG,0,0,Y,0,825.4,764.26,0,WB
,A1550,,0,290,AG,0,0,Y,0,3097.46,0,0,UP
,A1550,,0,289,AG,0,0,Y,0,3058.2,2831.67,0,BR
,A1550,,0,289,AG,0,0,Y,0,3058.2,2831.67,0,WB
,A1553,,0,600,AG,0,0,Y,0,2136.18,0,0,UP
,A1553,,0,600,AG,0,0,Y,0,2116.4,1959.63,0,BR
,A1553,,0,600,AG,0,0,Y,0,2116.4,1959.63,0,WB
,H0080,,0,180,HNG-G.Jmn,0,0,Y,0,2883.78,0,0,UP
,H0117,,0,150,HNG-G.Jmn,0,0,Y,0,5328.4,0,0,UP
,S0723,,0,820,SP,0,0,Y,0,3649.33,0,0,UP
,S0777,,0,870,SP,0,0,Y,0,3871.9,0,0,UP
,S1127,,0,210,HNG-G.Jmn,0,0,Y,0,3925.2,0,0,UP
,S1131,,0,200,HNG-G.Jmn,0,0,Y,0,3738.31,0,0,UP
,S1132,,0,180,HNG-G.Jmn,0,0,Y,0,3364.48,0,0,UP
,S1133,,0,38,HNG-G.Jmn,0,0,Y,0,1268.35,0,0,UP
,S1134,,0,25,HNG-G.Jmn,0,0,Y,0,1251.66,0,0,UP
,A1560,,0,95,AG,0,0,Y,0,1691.14,0,0,UP
,A1560,,0,95,AG,0,0,N,0,1675.49,1551.38,0,BR
,A1560,,0,95,AG,0,0,N,0,1675.49,1551.38,0,WB
,A1391,,0,98,AG,0,0,Y,0,872.27,0,0,UP
,A1551,,0,48,AG,0,0,Y,0,512.68,0,0,UP
,A1551,,0,48,AG,0,0,Y,0,507.94,470.31,0,BR
,A1551,,0,48,AG,0,0,Y,0,507.94,470.31,0,WB
,S1135,,0,470,SP,0,0,Y,0,2510.04,0,0,UP
,P0330,,0,78,PKL,0,0,Y,0,813.58,0,0,UP
,P0330,,0,78,PKL,0,0,Y,0,806.05,0,0,BR
,P0330,,0,78,PKL,0,0,Y,0,806.05,0,0,WB
,P0331,,0,78,PKL,0,0,Y,0,813.58,0,0,UP
,P0331,,0,78,PKL,0,0,Y,0,806.05,0,0,BR
,P0331,,0,78,PKL,0,0,Y,0,806.05,0,0,WB
,A1501,,0,92,AG,0,0,Y,0,982.64,0,0,UP
,A1501,,0,92,AG,0,0,Y,0,973.54,901.43,0,BR
,A1501,,0,92,AG,0,0,Y,0,973.54,901.43,0,WB
,S1149,,0,360,HNG-G.Jmn,0,0,Y,0,3364.5,0,0,UP
,S0087,,0,470,SP,0,0,Y,0,2510,0,0,UP
,S1142,,0,200,SP,0,0,Y,0,2670.51,0,0,UP
,S1142,,0,200,SP,0,0,Y,0,2645.5,0,0,WB
,S1142,,0,200,SP,0,0,Y,0,2645.5,2940,0,BR
,S1142,,0,200,SP,0,0,Y,0,2670.51,3116,0,DL
,S1143,,0,200,SP,0,0,Y,0,2670.51,0,0,UP
,S1143,,0,200,SP,0,0,Y,0,2645.5,0,0,WB
,S1143,,0,200,SP,0,0,Y,0,2645.5,2940,0,BR
,S1143,,0,200,SP,0,0,Y,0,2670.51,3116,0,DL
,S1144,,0,200,SP,0,0,Y,0,2670.51,0,0,UP
,S1144,,0,200,SP,0,0,Y,0,2645.5,0,0,WB
,S1144,,0,200,SP,0,0,Y,0,2645.5,2940,0,BR
,S1144,,0,200,SP,0,0,Y,0,2670.51,3116,0,DL
,S1145,,0,200,SP,0,0,Y,0,2670.51,0,0,UP
,S1145,,0,200,SP,0,0,Y,0,2645.5,0,0,WB
,S1145,,0,200,SP,0,0,Y,0,2645.5,2940,0,BR
,S1145,,0,200,SP,0,0,Y,0,2670.51,3116,0,DL
,S1146,,0,200,SP,0,0,Y,0,2670.51,0,0,UP
,S1146,,0,200,SP,0,0,Y,0,2645.5,0,0,WB
,S1146,,0,200,SP,0,0,Y,0,2645.5,2940,0,BR
,S1146,,0,200,SP,0,0,Y,0,2670.51,3116,0,DL
,S1147,,0,200,SP,0,0,Y,0,2670.51,0,0,UP
,S1147,,0,200,SP,0,0,Y,0,2645.5,0,0,WB
,S1147,,0,200,SP,0,0,Y,0,2645.5,2940,0,BR
,S1147,,0,200,SP,0,0,Y,0,2670.51,3116,0,DL
,S1148,,0,200,SP,0,0,Y,0,2670.51,0,0,UP
,S1148,,0,200,SP,0,0,Y,0,2645.5,0,0,WB
,S1148,,0,200,SP,0,0,Y,0,2645.5,2940,0,BR
,S1148,,0,200,SP,0,0,Y,0,2670.51,3116,0,DL
,A1555,,0,45,AG,0,0,Y,0,1441.92,0,0,UP
,A1555,,0,45,AG,0,0,Y,0,1428.57,1322.75,0,BR
,A1555,,0,45,AG,0,0,Y,0,1428.57,1322.75,0,WB
,H0118,,0,280,HNG-G.Jmn,0,0,Y,0,4444.44,3601,0,WB
,H0118,,0,280,HNG-G.Jmn,0,0,Y,0,4485.98,0,0,UP
,H0118,,0,280,HNG-G.Jmn,0,0,Y,0,4444.44,3429,0,BR
,H0118,,0,280,HNG-G.Jmn,0,0,Y,0,4485.98,3634,0,DL
,S0436,,0,60,SP,0,0,Y,0,1655.54,0,0,UP
,S0436,,0,60,SP,0,0,Y,0,1640.21,0,0,BR
,S0436,,0,60,SP,0,0,Y,0,1640.21,0,0,WB
,S0436,,0,60,SP,0,0,Y,0,1655.54,0,0,DL
,A1452,,0,58,AG,0,0,Y,0,1858.47,0,0,UP
,D0004,,0,46.4,Detergent,0,0,Y,0,900,0,0,UP
,D0004,,0,46.4,Detergent,0,0,Y,0,900,0,0,BR
,D0004,,0,46.4,Detergent,0,0,Y,0,900,0,0,WB
,D0004,,0,46.4,Detergent,0,0,Y,0,900,0,0,DL
,A1565,,0,75,HNG-G.Jmn,0,0,Y,0,1261.62,0,0,UP
