DNS Branch Code,Branch Name,Branch Location,Comp Code,Branch State,Branch Email,Branch Account Email,Alternative Email,Plant name,HQ,Is plant
DN01,COOCHBIHAR,,,WB,,,,,,no
DN02,ALIPURDUAR,,,WB,,,,,,no
DN03,JALPAIGURI,,,WB,,,,,,no
DN04,DARJEELING,,,WB,,,,,,no
DN05,SIKKIM,,,WB,,,,,,no
DN06,UTTAR DINAJPUR,,,WB,,,,,,no
DN07,DAKSHIN DINAJPUR,,,WB,,,,,,no
DN08,MALDA,,,WB,,,,,,no
DN09,MURSHIDABAD,,,WB,,,,,,no
DS01,BIRBHUM,,,WB,,,,,,no
DS02,BURDWAN,,,WB,,,,,,no
DS03,RANIGANJ,,,WB,,,,,,no
DS04,BANKURA,,,WB,,,,,,no
DS05,PURULIA,,,WB,,,,,,no
DS06,KOLKATA (COSSIPORE-1),,,WB,,,,,,no
DS08,KRISHNANAGAR,,,WB,,,,,,no
DS09,MOGRA,,,WB,,,,,,no
DS10,KOLKATA NACC,,,WB,,,,,,no
DS11,KOL(SHM/DANKUNI),,,WB,,,,,,no
DS12,EAST MIDNAPORE,,,WB,,,,,,no
DS13,WEST MIDNAPORE,,,WB,,,,,,no
EE01,KISHANGANJ,,,BIHAR,,,,,,no
EE02,KATIHAR & PURNIA,,,BIHAR,,,,,,no
EE03,SAHARSA,,,BIHAR,,,,,,no
EE04,BHAGALPUR,,,BIHAR,,,,,,no
EE05,LAXISARAI,,,BIHAR,,,,,,no
EE06,BEGUSARAI,,,BIHAR,,,,,,no
EE07,KHAGARIA,,,BIHAR,,,,,,no
EE08,SAMASTIPUR,,,BIHAR,,,,,,no
EW01,MUZAFFARPUR,,,BIHAR,,,,,,no
EW02,DARBHANGA,,,BIHAR,,,,,,no
EW03,SIWAN,,,BIHAR,,,,,,no
EW04,CHAPRA,,,BIHAR,,,,,,no
EW05,PATNA,,,BIHAR,,,,,,no
EW06,SARAI & VAISHALI,,,BIHAR,,,,,,no
EW07,GAYA,,,BIHAR,,,,,,no
EW08,WARSHALIGANJ,,,BIHAR,,,,,,no
F001,DHANBAD,,,,,,,,,no
F002,TATA,,,,,,,,,no
F003,RANCHI,,,,,,,,,no
F004,DEOGHAR,,,,,,,,,no
A101,GUWAHATI,,,NE,,,,,,no
A102,LOWER ASSAM,,,NE,,,,,,no
A103,TURA,,,NE,,,,,,no
A104,NAGAON,,,NE,,,,,,no
A105,TEZPUR,,,NE,,,,,,no
A106,LAKHIMPUR,,,NE,,,,,,no
A107,AP - BANDERDEWA,,,NE,,,,,,no
A108,AP - LIKABALI,,,NE,,,,,,no
A109,AP- BHALUKPONG,,,NE,,,,,,no
A110,AP - TINSUKIA,,,NE,,,,,,no
A112,JORHAT,,,NE,,,,,,no
A113,GOLAGHAT,,,NE,,,,,,no
A114,SIBSAGAR,,,NE,,,,,,no
A115,DIBRUGARH,,,NE,,,,,,no
B001,AGARTALA,,,NE,,,,,,no
B002,DHARMANAGAR,,,NE,,,,,,no
B003,MIZORAM,,,NE,,,,,,no
B004,SILCHAR,,,NE,,,,,,no
B005,SHILLONG,,,NE,,,,,,no
B006,JAINTIA HILLS,,,NE,,,,,,no
C001,MANIPUR,,,NE,,,,,,no
C002,NAGALAND,,,NE,sanjaydey@starcement.co.in,,deepdebnath@starcement.co.in,,,no
NTNE,DIRECT-NON TRADE (NE),,,NE,,,,,,no
DS07,KOLKATA (COSSIPORE-2),,,WB,,,,,,no
DN10,RAGHUNATHGANJ,,,WB,,,,,,no
DN11,COSSIMBAZAR,,,WB,,,,,,no
A116,DARANG,,,NE,sanjaydey@starcement.co.in,,deepdebnath@starcement.co.in,,,no
NTWB,DIRECT-NON TRADE (WB),,,WB,,,,,,no
DS14,DANKUNI,,,WB,,,,,,no
DS15,SHALIMAR,,,WB,,,,,,no
A117,MORIGAON,,,NE,,,,,,no
EE09,KATIHAR,,,BIHAR,,,,,,no
EE10,PURNIA,,,BIHAR,,,,,,no
A118,TINSUKIA,,,NE,,,,,,no
EE11,SITAMARHI,,,BIHAR,,,,,,no
EE12,NAWADA,,,BIHAR,,,,,,no
EE13,ARWAL,,,BIHAR,,,,,,no
EE14,JEHANABAD,,,BIHAR,,,,,,no
EE15,ROHTAS,,,BIHAR,,,,,,no
EE16,BHABHUA,,,BIHAR,,,,,,no
EE17,JAMUI,,,BIHAR,,,,,,no
EE18,SHEIKHPURA,,,BIHAR,,,,,,no
EE19,GOPALGANJ,,,BIHAR,,,,,,no
EE20,WEST CHAMPARAN,,,BIHAR,,,,,,no
EE21,AURANGABAD,,,BIHAR,,,,,,no
EE22,NALANDA,,,BIHAR,,,,,,no
EE23,BHOJPUR,,,BIHAR,,,,,,no
EE24,BUXAR,,,BIHAR,,,,,,no
EE25,SARAN,,,BIHAR,,,,,,no
EE26,SHEOHAR,,,BIHAR,,,,,,no
EE27,EAST CHAMPARAN,,,BIHAR,,,,,,no
UP01,SONBHADRA,,,UTTAR PRADESH,,,,,,no
UP02,CHANDAULI,,,UTTAR PRADESH,,,,,,no
UP03,GHAZIPUR,,,UTTAR PRADESH,,,,,,no
UP04,BALLIA,,,UTTAR PRADESH,,,,,,no
UP05,MAU,,,UTTAR PRADESH,,,,,,no
UP06,AZAMGARH,,,UTTAR PRADESH,,,,,,no
UP07,GORAKHPUR,,,UTTAR PRADESH,,,,,,no
UP08,SANTKABIR NAGAR,,,UTTAR PRADESH,,,,,,no
UP09,BASTI,,,UTTAR PRADESH,,,,,,no
UP10,AMBEDKAR,,,UTTAR PRADESH,,,,,,no
UP11,AYODHYA,,,UTTAR PRADESH,,,,,,no
UP12,SULTANPUR,,,UTTAR PRADESH,,,,,,no
UP13,BARABANKI,,,UTTAR PRADESH,,,,,,no
UP14,LUCKNOW,,,UTTAR PRADESH,,,,,,no
UP15,UNNAO,,,UTTAR PRADESH,,,,,,no
UP16,FATEHPUR,,,UTTAR PRADESH,,,,,,no
UP17,RAEBARELI,,,UTTAR PRADESH,,,,,,no
UP18,BANDA,,,UTTAR PRADESH,,,,,,no
UP19,CHITRAKOOT,,,UTTAR PRADESH,,,,,,no
UP20,KAUSHAMBI,,,UTTAR PRADESH,,,,,,no
UP21,PRAYAGRAJ,,,UTTAR PRADESH,,,,,,no
UP22,MIRZAPUR,,,UTTAR PRADESH,,,,,,no
UP23,VARANASI,,,UTTAR PRADESH,,,,,,no
UP24,JAUNPUR,,,UTTAR PRADESH,,,,,,no
UP25,GYANPUR,,,UTTAR PRADESH,,,,,,no
UP26,AMETHI,,,UTTAR PRADESH,,,,,,no
UP27,PRATAPGARH,,,UTTAR PRADESH,,,,,,no
TST200,TEST,,,,,,,,,no
NTBH,DIRECT-NON TRADE (BIHAR),,,BIHAR,,,,,,no
LGROE,Logistics - ROE,,,WB,,,,,,no
LGNE,Logistics - NE,,,NE,,,,,,no
DN12,DARJEELING HILLS,,,WB,,,,,,no
DN13,DARJEELING PLAINS,,,WB,,,,,,no
B007,SILCHAR - CACHAR,,,NE,,,,,,no
B008,SILCHAR - HAILAKANDI,,,NE,,,,,,no
B009,SILCHAR - KARIMGANJ,,,NE,,,,,,no
A119,TURA HILLS,,,NE,,,,,,no
A120,TURA PLAIN,,,NE,,,,,,no
B010,UDAIPUR,,,NE,,,,,,no
A121,N C HILLS,,,NE,,,,,,no
A122,GUWAHATI RURAL,,,NE,,,,,,no
A123,GUWAHATI URBAN,,,NE,,,,,,no
A124,LOWER ASSAM 1,,,NE,,,,,,no
A125,LOWER ASSAM 2,,,NE,,,,,,no
EE28,ARARIA,,,BIHAR,,,,,,no
EE29,SUPAUL,,,BIHAR,,,,,,no
185,DHEMAJI,,,NE1,,,,,,no
184,BISWANATH,,,NE1,,,,,,no
181,HOJAI,,,NE1,,,,,,no
182,KARBI ANGLONG,,,NE1,,,,,,no
183,LOWER ASSAM 3,,,NE2,,,,,,no
999,TEST,,,NE,,,,,,no
