Customer Name,Employee Name,Route Name,State,Visit Day,acedns
NILA ENTERPRISE (9732017513),ANISH GANGULY,AKUI; BANKURA,WEST BENGAL,,Y
NILA ENTERPRISE (9732017513),ANISH GANGULY,RAYNA; BURDWAN,WEST BENGAL,,Y
NILA ENTERPRISE (9732017513),ANISH GANGULY,KATULPUR; BANKURA,WEST BENGAL,,Y
NILA ENTERPRISE (9732017513),ANISH GANGULY,SHUSPUR; BANKURA,WEST BENGAL,,Y
NILA ENTERPRISE (9732017513),ANISH GANGULY,BAMUNIA; BURDWAN,WEST BENGAL,,Y
NILA ENTERPRISE (9732017513),ANISH GANGULY,UCHALAN; BURDWAN,WEST BENGAL,,Y
NILA ENTERPRISE (9732017513),ANISH GANGULY,AKLAXMI; BURDWAN,WEST BENGAL,,Y
NILA ENTERPRISE (9732017513),ANISH GANGULY,PATRASAYER; BANKURA,WEST BENGAL,,Y
NILA ENTERPRISE (9732017513),ANISH GANGULY,BALSI; BANKURA,WEST BENGAL,,Y
NILA ENTERPRISE (9732017513),ANISH GANGULY,ROL; BANKURA,WEST BENGAL,,Y
NILA ENTERPRISE (9732017513),ANISH GANGULY,UKHRID; BANKURA,WEST BENGAL,,Y
NILA ENTERPRISE (9732017513),ANISH GANGULY,SEHARA BAZAR; BURDWAN,WEST BENGAL,,Y
NILA ENTERPRISE (9732017513),ANISH GANGULY,KHANDOGHOSH; BURDWAN,WEST BENGAL,,Y
SRI RAM OIL MILL (9474917821),ANISH GANGULY,BURDWAN,WEST BENGAL,,Y
SRI RAM OIL MILL (9474917821),ANISH GANGULY,MURADPUR; BURDWAN,WEST BENGAL,,Y
SRI RAM OIL MILL (9474917821),ANISH GANGULY,11 MILE; BURDWAN,WEST BENGAL,,Y
SRI RAM OIL MILL (9474917821),ANISH GANGULY,AUSHGRAM; BURDWAN,WEST BENGAL,,Y
SRI RAM OIL MILL (9474917821),ANISH GANGULY,GUSKARA; BURDWAN,WEST BENGAL,,Y
SRI RAM OIL MILL (9474917821),ANISH GANGULY,BALGANA; BURDWAN,WEST BENGAL,,Y
B. K. ENTERPRISE (9332506465),ANISH GANGULY,DURGAPUR,WEST BENGAL,,Y
B. K. ENTERPRISE (9332506465),ANISH GANGULY,GOPALPUR; DURGAPUR,WEST BENGAL,,Y
B. K. ENTERPRISE (9332506465),ANISH GANGULY,ANDAL AND KAJORA; DURGAPUR,WEST BENGAL,,Y
B. K. ENTERPRISE (9332506465),ANISH GANGULY,FARIDPUR; DURGAPUR,WEST BENGAL,,Y
B. K. ENTERPRISE (9332506465),ANISH GANGULY,KADA ROAD; DURGAPUR,WEST BENGAL,,Y
B. K. ENTERPRISE (9332506465),ANISH GANGULY,MAIN GATE; DURGAPUR,WEST BENGAL,,Y
B. K. ENTERPRISE (9332506465),ANISH GANGULY,ASHIS MARKET; DURGAPUR,WEST BENGAL,,Y
B. K. ENTERPRISE (9332506465),ANISH GANGULY,D SECTOR; DURGAPUR,WEST BENGAL,,Y
B. K. ENTERPRISE (9332506465),ANISH GANGULY,54 FEET ROAD; DURGAPUR,WEST BENGAL,,Y
B. K. ENTERPRISE (9332506465),ANISH GANGULY,CITY CENTER; DURGAPUR,WEST BENGAL,,Y
B. K. ENTERPRISE (9332506465),ANISH GANGULY,BENACHITY; DURGAPUR,WEST BENGAL,,Y
B. K. ENTERPRISE (9332506465),ANISH GANGULY,RAJBANDH; DURGAPUR,WEST BENGAL,,Y
B. K. ENTERPRISE (9332506465),ANISH GANGULY,KANKSA; DURGAPUR,WEST BENGAL,,Y
B. K. ENTERPRISE (9332506465),ANISH GANGULY,PANAGARH; DURGAPUR,WEST BENGAL,,Y
SHIB SAYTA & COMPANY (9233173358),ANISH GANGULY,BOLPUR,WEST BENGAL,,Y
SHIB SAYTA & COMPANY (9233173358),ANISH GANGULY,SANTINIKATAN ROAD; BOLPUR,WEST BENGAL,,Y
SHIB SAYTA & COMPANY (9233173358),ANISH GANGULY,STATION ROAD; BOLPUR,WEST BENGAL,,Y
SHIB SAYTA & COMPANY (9233173358),ANISH GANGULY,HATTALA; BOLPUR,WEST BENGAL,,Y
SHIB SAYTA & COMPANY (9233173358),ANISH GANGULY,NICHUPATY; BOLPUR,WEST BENGAL,,Y
SHIB SAYTA & COMPANY (9233173358),ANISH GANGULY,SREENIKETAN ROAD; BOLPUR,WEST BENGAL,,Y
SHIB SAYTA & COMPANY (9233173358),ANISH GANGULY,KIRNAHAR; BOLPUR,WEST BENGAL,,Y
SHIB SAYTA & COMPANY (9233173358),ANISH GANGULY,ILLAMBAZAR; BOLPUR,WEST BENGAL,,Y
MANOHAR KHANDELWAL (9474920240),ANISH GANGULY,BURDWAN,WEST BENGAL,,Y
MANOHAR KHANDELWAL (9474920240),ANISH GANGULY,TATULTALA BAZAR; BURDWAN,WEST BENGAL,,Y
MANOHAR KHANDELWAL (9474920240),ANISH GANGULY,STATION BAZAR; BURDWAN,WEST BENGAL,,Y
MANOHAR KHANDELWAL (9474920240),ANISH GANGULY,NATUNGANG; BURDWAN,WEST BENGAL,,Y
MANOHAR KHANDELWAL (9474920240),ANISH GANGULY,PAIRAKHANA GOLI; BURDWAN,WEST BENGAL,,Y
MANOHAR KHANDELWAL (9474920240),ANISH GANGULY,VIVEKANANDA COLLAGE MORE; BURDWAN,WEST BENGAL,,Y
MANOHAR KHANDELWAL (9474920240),ANISH GANGULY,TELIPUKUR; BURDWAN,WEST BENGAL,,Y
MANOHAR KHANDELWAL (9474920240),ANISH GANGULY,NILPUR; BURDWAN,WEST BENGAL,,Y
MANOHAR KHANDELWAL (9474920240),ANISH GANGULY,PARBIRHATA; BURDWAN,WEST BENGAL,,Y
MANOHAR KHANDELWAL (9474920240),ANISH GANGULY,BIRHATA; BURDWAN,WEST BENGAL,,Y
MANOHAR KHANDELWAL (9474920240),ANISH GANGULY,POLICE LINE; BURDWAN,WEST BENGAL,,Y
MANOHAR KHANDELWAL (9474920240),ANISH GANGULY,DEWANDIGI; BURDWAN,WEST BENGAL,,Y
MANOHAR KHANDELWAL (9474920240),ANISH GANGULY,BAJEPRATAPPUR; BURDWAN,WEST BENGAL,,Y
MANOHAR KHANDELWAL (9474920240),ANISH GANGULY,NABABHAT; BURDWAN,WEST BENGAL,,Y
MANOHAR KHANDELWAL (9474920240),ANISH GANGULY,GOLAPBAG; BURDWAN,WEST BENGAL,,Y
MANOHAR KHANDELWAL (9474920240),ANISH GANGULY,SARAITIKAR; BURDWAN,WEST BENGAL,,Y
MANOHAR KHANDELWAL (9474920240),ANISH GANGULY,LAXMIPUR; BURDWAN,WEST BENGAL,,Y
MANOHAR KHANDELWAL (9474920240),ANISH GANGULY,KALNA GATE; BURDWAN,WEST BENGAL,,Y
MANOHAR KHANDELWAL (9474920240),ANISH GANGULY,LOCO BAZAR; BURDWAN,WEST BENGAL,,Y
MANOHAR KHANDELWAL (9474920240),ANISH GANGULY,AMBAGAN; BURDWAN,WEST BENGAL,,Y
MANOHAR KHANDELWAL (9474920240),ANISH GANGULY,KHALASI PARA; BURDWAN,WEST BENGAL,,Y
MANOHAR KHANDELWAL (9474920240),ANISH GANGULY,SADHANPUR; BURDWAN,WEST BENGAL,,Y
MANOHAR KHANDELWAL (9474920240),ANISH GANGULY,G.T. ROAD; BURDWAN,WEST BENGAL,,Y
UDAY KUMAR GUHA (8768650999),ANISH GANGULY,MEMARI,WEST BENGAL,,Y
UDAY KUMAR GUHA (8768650999),ANISH GANGULY,GT ROAD; MEMARI,WEST BENGAL,,Y
UDAY KUMAR GUHA (8768650999),ANISH GANGULY,STATION ROAD; MEMARI,WEST BENGAL,,Y
UDAY KUMAR GUHA (8768650999),ANISH GANGULY,JAMALPUR ROAD; MEMARI,WEST BENGAL,,Y
SRI BALAJI ENTERPRISE (8637576426),ANISH GANGULY,ASANSOL,WEST BENGAL,,Y
SRI BALAJI ENTERPRISE (8637576426),ANISH GANGULY,JAMURIA; ASANSOL,WEST BENGAL,,Y
LALCHAND TIKAMCHAND (9434062945),JOYONTO SUTRADHAR,SAINTHIA; BIRBHUM,WEST BENGAL,,Y
LALCHAND TIKAMCHAND (9434062945),JOYONTO SUTRADHAR,MAYURESWAR; BIRBHUM,WEST BENGAL,,Y
LALCHAND TIKAMCHAND (9434062945),JOYONTO SUTRADHAR,KOTASUR; BIRBHUM,WEST BENGAL,,Y
CHHEDILAL SHRINARAYAN (9933344425),NIBASH HAZRA,DUBRAJPUR; BIRBHUM,WEST BENGAL,,Y
CHHEDILAL SHRINARAYAN (9933344425),NIBASH HAZRA,HATTOLA SABJI BAZAR; BIRBHUM,WEST BENGAL,,Y
CHHEDILAL SHRINARAYAN (9933344425),NIBASH HAZRA,RAJNAGAR; BIRBHUM,WEST BENGAL,,Y
CHHEDILAL SHRINARAYAN (9933344425),NIBASH HAZRA,KHAYRASOLE; BIRBHUM,WEST BENGAL,,Y
SOUMALYA ENTERPRISE (9732009989),NIBASH HAZRA,SURI; BIRBHUM,WEST BENGAL,,Y
SOUMALYA ENTERPRISE (9732009989),NIBASH HAZRA,KOCHUJOR; BIRBHUM,WEST BENGAL,,Y
RAMDEO GOPIRAM & CO. (9153739127),NIBASH HAZRA,RAMPURHAT,WEST BENGAL,,Y
RAMDEO GOPIRAM & CO. (9153739127),NIBASH HAZRA,D B ROAD; RAMPURHAT,WEST BENGAL,,Y
RAMDEO GOPIRAM & CO. (9153739127),NIBASH HAZRA,RAILCOLONY; RAMPURHAT,WEST BENGAL,,Y
RAMDEO GOPIRAM & CO. (9153739127),NIBASH HAZRA,M. N. K. ROAD; RAMPURHAT,WEST BENGAL,,Y
RAMDEO GOPIRAM & CO. (9153739127),NIBASH HAZRA,NISCHINTAPUR; RAMPURHAT,WEST BENGAL,,Y
RAMDEO GOPIRAM & CO. (9153739127),NIBASH HAZRA,DUCKBUNGLOW; RAMPURHAT,WEST BENGAL,,Y
RAMDEO GOPIRAM & CO. (9153739127),NIBASH HAZRA,BANK ROAD; RAMPURHAT,WEST BENGAL,,Y
RAMDEO GOPIRAM & CO. (9153739127),NIBASH HAZRA,MARGRAM; RAMPURHAT,WEST BENGAL,,Y
RAMDEO GOPIRAM & CO. (9153739127),NIBASH HAZRA,BISHNUPUR; RAMPURHAT,WEST BENGAL,,Y
RAMDEO GOPIRAM & CO. (9153739127),NIBASH HAZRA,HATTOLA; RAMPURHAT,WEST BENGAL,,Y
RAMDEO GOPIRAM & CO. (9153739127),NIBASH HAZRA,MAHAJON POTTY; RAMPURHAT,WEST BENGAL,,Y
RAMDEO GOPIRAM & CO. (9153739127),NIBASH HAZRA,BHARSALA; RAMPURHAT,WEST BENGAL,,Y
RAMDEO GOPIRAM & CO. (9153739127),NIBASH HAZRA,MALLARPUR; RAMPURHAT,WEST BENGAL,,Y
RAMDEO GOPIRAM & CO. (9153739127),NIBASH HAZRA,TARAPITH; RAMPURHAT,WEST BENGAL,,Y
SOUMEN ROY (9153204474),NIBASH HAZRA,TALITPUR; SALAR,WEST BENGAL,,Y
SOUMEN ROY (9153204474),NIBASH HAZRA,SALAR,WEST BENGAL,,Y
SOUMEN ROY (9153204474),NIBASH HAZRA,KAKGRAM; SALAR,WEST BENGAL,,Y
SOUMEN ROY (9153204474),NIBASH HAZRA,MOUGRAM; SALAR,WEST BENGAL,,Y
SOUMEN ROY (9153204474),NIBASH HAZRA,SIMULIA; SALAR,WEST BENGAL,,Y
SOUMEN ROY (9153204474),NIBASH HAZRA,KANDRA; SALAR,WEST BENGAL,,Y
ARUNA ENTERPRISE (9933344425),NIBASH HAZRA,MAHESPUR; MALDA,WEST BENGAL,,Y
ARUNA ENTERPRISE (9933344425),NIBASH HAZRA,GP COLONY; MALDA,WEST BENGAL,,Y
ARUNA ENTERPRISE (9933344425),NIBASH HAZRA,NALAGOLA; MALDA,WEST BENGAL,,Y
ARUNA ENTERPRISE (9933344425),NIBASH HAZRA,GAZOLE; MALDA,WEST BENGAL,,Y
ARUNA ENTERPRISE (9933344425),NIBASH HAZRA,GAZOLE TRAFFIC MORE; MALDA,WEST BENGAL,,Y
ARUNA ENTERPRISE (9933344425),NIBASH HAZRA,GAZOLE STAND; MALDA,WEST BENGAL,,Y
ARUNA ENTERPRISE (9933344425),NIBASH HAZRA,ALAMPUR; MALDA,WEST BENGAL,,Y
ARUNA ENTERPRISE (9933344425),NIBASH HAZRA,NARAYANPUR; MALDA,WEST BENGAL,,Y
ARUNA ENTERPRISE (9933344425),NIBASH HAZRA,PANCHPARA; MALDA,WEST BENGAL,,Y
ARUNA ENTERPRISE (9933344425),NIBASH HAZRA,8 MILE; MALDA,WEST BENGAL,,Y
ARUNA ENTERPRISE (9933344425),NIBASH HAZRA,MAKHDUMPUR BAZAR; MALDA,WEST BENGAL,,Y
ARUNA ENTERPRISE (9933344425),NIBASH HAZRA,D C R MARKET; MALDA,WEST BENGAL,,Y
ARUNA ENTERPRISE (9933344425),NIBASH HAZRA,OLD MALDA; MALDA,WEST BENGAL,,Y
ARUNA ENTERPRISE (9933344425),NIBASH HAZRA,NABABGANJ; MALDA,WEST BENGAL,,Y
ARUNA ENTERPRISE (9933344425),NIBASH HAZRA,MANGALBARI; MALDA,WEST BENGAL,,Y
ARUNA ENTERPRISE (9933344425),NIBASH HAZRA,MAHADIPUR; MALDA,WEST BENGAL,,Y
ARUNA ENTERPRISE (9933344425),NIBASH HAZRA,N.S. ROAD; MALDA,WEST BENGAL,,Y
ARUNA ENTERPRISE (9933344425),NIBASH HAZRA,PURATULI; MALDA,WEST BENGAL,,Y
ARUNA ENTERPRISE (9933344425),NIBASH HAZRA,SADAR GHAT; MALDA,WEST BENGAL,,Y
ARUNA ENTERPRISE (9933344425),NIBASH HAZRA,BURA BURI MORE; MALDA,WEST BENGAL,,Y
ARUNA ENTERPRISE (9933344425),NIBASH HAZRA,B.S. ROAD; MALDA,WEST BENGAL,,Y
ARUNA ENTERPRISE (9933344425),NIBASH HAZRA,V.K. PALLY; MALDA,WEST BENGAL,,Y
ARUNA ENTERPRISE (9933344425),NIBASH HAZRA,R.K. PALLY; MALDA,WEST BENGAL,,Y
ARUNA ENTERPRISE (9933344425),NIBASH HAZRA,MAHESMATI; MALDA,WEST BENGAL,,Y
ARUNA ENTERPRISE (9933344425),NIBASH HAZRA,FULBARI BAZAR; MALDA,WEST BENGAL,,Y
ARUNA ENTERPRISE (9933344425),NIBASH HAZRA,BASHBARI; MALDA,WEST BENGAL,,Y
ARUNA ENTERPRISE (9933344425),NIBASH HAZRA,320 MORE; MALDA,WEST BENGAL,,Y
ARUNA ENTERPRISE (9933344425),NIBASH HAZRA,RATHBARI BAZAR; MALDA,WEST BENGAL,,Y
ARUNA ENTERPRISE (9933344425),NIBASH HAZRA,BABLA; MALDA,WEST BENGAL,,Y
ARUNA ENTERPRISE (9933344425),NIBASH HAZRA,KASIM BAZAR; MALDA,WEST BENGAL,,Y
ARUNA ENTERPRISE (9933344425),NIBASH HAZRA,AMRITI; MALDA,WEST BENGAL,,Y
ARUNA ENTERPRISE (9933344425),NIBASH HAZRA,ANANDA MOHANPUR; MALDA,WEST BENGAL,,Y
ARUNA ENTERPRISE (9933344425),NIBASH HAZRA,MILKY; MALDA,WEST BENGAL,,Y
ARUNA ENTERPRISE (9933344425),NIBASH HAZRA,SOVANAGAR; MALDA,WEST BENGAL,,Y
ARUNA ENTERPRISE (9933344425),NIBASH HAZRA,NIYAMATPUR; MALDA,WEST BENGAL,,Y
ARUNA ENTERPRISE (9933344425),NIBASH HAZRA,DHARAMPUR; MALDA,WEST BENGAL,,Y
ARUNA ENTERPRISE (9933344425),NIBASH HAZRA,ENAYETPUR; MALDA,WEST BENGAL,,Y
ARUNA ENTERPRISE (9933344425),NIBASH HAZRA,MANIKCHAK; MALDA,WEST BENGAL,,Y
ARUNA ENTERPRISE (9933344425),NIBASH HAZRA,MOTHURAPUR; MALDA,WEST BENGAL,,Y
ARUNA ENTERPRISE (9933344425),NIBASH HAZRA,KOTWALI; MALDA,WEST BENGAL,,Y
ARUNA ENTERPRISE (9933344425),NIBASH HAZRA,BUDHIA; MALDA,WEST BENGAL,,Y
ARUNA ENTERPRISE (9933344425),NIBASH HAZRA,PUKURIYA; MALDA,WEST BENGAL,,Y
ARUNA ENTERPRISE (9933344425),NIBASH HAZRA,MADIA; MALDA,WEST BENGAL,,Y
ARUNA ENTERPRISE (9933344425),NIBASH HAZRA,AIHO; MALDA,WEST BENGAL,,Y
ARUNA ENTERPRISE (9933344425),NIBASH HAZRA,BULBULI; MALDA,WEST BENGAL,,Y
ARUNA ENTERPRISE (9933344425),NIBASH HAZRA,HABIBPUR; MALDA,WEST BENGAL,,Y
ARUNA ENTERPRISE (9933344425),NIBASH HAZRA,GOLA POTTY; MALDA,WEST BENGAL,,Y
ARUNA ENTERPRISE (9933344425),NIBASH HAZRA,MALDA,WEST BENGAL,,Y
ARUNA ENTERPRISE (9933344425),NIBASH HAZRA,KENDOPUKUR; MALDA,WEST BENGAL,,Y
ARUNA ENTERPRISE (9933344425),NIBASH HAZRA,PAKUAHAT; MALDA,WEST BENGAL,,Y
ARUNA ENTERPRISE (9933344425),NIBASH HAZRA,MODIPUKUR; MALDA,WEST BENGAL,,Y
RAJ TRADERS (9733156620),NIBASH HAZRA,KALIACHAK,WEST BENGAL,,Y
RAJ TRADERS (9733156620),NIBASH HAZRA,JALALPUR; KALIACHAK,WEST BENGAL,,Y
RAJ TRADERS (9733156620),NIBASH HAZRA,SUJAPUR; KALIACHAK,WEST BENGAL,,Y
RAJ TRADERS (9733156620),NIBASH HAZRA,GOLAPGANJ; KALIACHAK,WEST BENGAL,,Y
RAJ TRADERS (9733156620),NIBASH HAZRA,MOTHABARI; KALIACHAK,WEST BENGAL,,Y
RAJ TRADERS (9733156620),NIBASH HAZRA,BAISHNAB NAGAR; KALIACHAK,WEST BENGAL,,Y
RAJ TRADERS (9733156620),NIBASH HAZRA,MATHABARI; KALIACHAK,WEST BENGAL,,Y
SAMBHUNATH DUTTA (9933194746),NIBASH HAZRA,AHMEDPUR; BIRBHUM,WEST BENGAL,,N
SAMBHUNATH DUTTA (9933194746),NIBASH HAZRA,KOPAI; BIRBHUM,WEST BENGAL,,Y
SAMBHUNATH DUTTA (9933194746),NIBASH HAZRA,LUBHPUR; BIRBHUM,WEST BENGAL,,Y
SAMBHUNATH DUTTA (9933194746),NIBASH HAZRA,CHOUHATTA; BIRBHUM,WEST BENGAL,,Y
SAMBHUNATH DUTTA (9933194746),NIBASH HAZRA,KOCHUIGHATA; BIRBHUM,WEST BENGAL,,Y
RAMKRISHNA DUTTA (9434555935),NIBASH HAZRA,MURARAI; BIRBHUM,WEST BENGAL,,Y
RAMKRISHNA DUTTA (9434555935),NIBASH HAZRA,RAJGRAM; BIRBHUM,WEST BENGAL,,Y
RAMKRISHNA DUTTA (9434555935),NIBASH HAZRA,BORKIYARI; BIRBHUM,WEST BENGAL,,Y
RAMKRISHNA DUTTA (9434555935),NIBASH HAZRA,CHATRA; BIRBHUM,WEST BENGAL,,Y
RAMKRISHNA DUTTA (9434555935),NIBASH HAZRA,PAIKAR; BIRBHUM,WEST BENGAL,,Y
RAMKRISHNA DUTTA (9434555935),NIBASH HAZRA,HIYATNAGAR; BIRBHUM,WEST BENGAL,,Y
RAMKRISHNA DUTTA (9434555935),NIBASH HAZRA,MAHESPUR; BIRBHUM,WEST BENGAL,,Y
RAJ STORES (9434348721),NIBASH HAZRA,NALHATI; BIRBHUM,WEST BENGAL,,Y
RAJ STORES (9434348721),NIBASH HAZRA,TEJHATI; BIRBHUM,WEST BENGAL,,Y
SWATI BHANDAR (8340200081),NIBASH HAZRA,MIHIJAM; JHARKHAND,JHARKHAND,,Y
SWATI BHANDAR (8340200081),NIBASH HAZRA,JAMTARA; JHARKHAND,JHARKHAND,,Y
BINOD KUMAR NARESH KUMAR (7001772406),NIBASH HAZRA,SAINTHIA; BIRBHUM,WEST BENGAL,,Y
LOKNATH TRADERS (9735238032),SANJAY BAGCHI,MURSHIDABAD,WEST BENGAL,,Y
LOKNATH TRADERS (9735238032),SANJAY BAGCHI,JALANGI; MURSHIDABAD,WEST BENGAL,,Y
LOKNATH TRADERS (9735238032),SANJAY BAGCHI,DHANIRAMPUR; MURSHIDABAD,WEST BENGAL,,Y
LOKNATH TRADERS (9735238032),SANJAY BAGCHI,KAJIPARA; MURSHIDABAD,WEST BENGAL,,Y
LOKNATH TRADERS (9735238032),SANJAY BAGCHI,NOUTIYAL; MURSHIDABAD,WEST BENGAL,,Y
LOKNATH TRADERS (9735238032),SANJAY BAGCHI,NABIPUR; MURSHIDABAD,WEST BENGAL,,Y
LOKNATH TRADERS (9735238032),SANJAY BAGCHI,SK PARA; MURSHIDABAD,WEST BENGAL,,Y
LOKNATH TRADERS (9735238032),SANJAY BAGCHI,MOHANGANJ; MURSHIDABAD,WEST BENGAL,,Y
LOKNATH TRADERS (9735238032),SANJAY BAGCHI,NOADA PARA; MURSHIDABAD,WEST BENGAL,,Y
LOKNATH TRADERS (9735238032),SANJAY BAGCHI,NARSINGHAPUR; MURSHIDABAD,WEST BENGAL,,Y
LOKNATH TRADERS (9735238032),SANJAY BAGCHI,DOMKAL; MURSHIDABAD,WEST BENGAL,,Y
LOKNATH TRADERS (9735238032),SANJAY BAGCHI,SADIKHANS DEARH; MURSHIDABAD,WEST BENGAL,,Y
LOKNATH TRADERS (9735238032),SANJAY BAGCHI,GOPALPUR; MURSHIDABAD,WEST BENGAL,,Y
MAROTI BROTHERS (8170007790),SANJAY BAGCHI,BERHAMPUR,WEST BENGAL,,Y
MAROTI BROTHERS (8170007790),SANJAY BAGCHI,BELDANGA; BERHAMPUR,WEST BENGAL,,Y
MAROTI BROTHERS (8170007790),SANJAY BAGCHI,GORABAZAR; BERHAMPUR,WEST BENGAL,,Y
MAROTI BROTHERS (8170007790),SANJAY BAGCHI,SAWRNAMOYEE; BERHAMPUR,WEST BENGAL,,Y
MAROTI BROTHERS (8170007790),SANJAY BAGCHI,KASIMBAZAR; BERHAMPUR,WEST BENGAL,,Y
MAROTI BROTHERS (8170007790),SANJAY BAGCHI,KHAGRA; BERHAMPUR,WEST BENGAL,,Y
MAROTI BROTHERS (8170007790),SANJAY BAGCHI,INDRAPRASTHA; BERHAMPUR,WEST BENGAL,,Y
MAROTI BROTHERS (8170007790),SANJAY BAGCHI,NIMTALA; BERHAMPUR,WEST BENGAL,,Y
MAROTI BROTHERS (8170007790),SANJAY BAGCHI,KANDI; BERHAMPUR,WEST BENGAL,,Y
IQBAL FAIZEE (8926438815),SANJAY BAGCHI,JANGIPUR,WEST BENGAL,,Y
IQBAL FAIZEE (8926438815),SANJAY BAGCHI,AURANGABAD; JANGIPUR,WEST BENGAL,,Y
IQBAL FAIZEE (8926438815),SANJAY BAGCHI,MODNA; JANGIPUR,WEST BENGAL,,Y
IQBAL FAIZEE (8926438815),SANJAY BAGCHI,CHABGHATI; JANGIPUR,WEST BENGAL,,Y
IQBAL FAIZEE (8926438815),SANJAY BAGCHI,SAIDAPUR; JANGIPUR,WEST BENGAL,,Y
IQBAL FAIZEE (8926438815),SANJAY BAGCHI,RAGHUNATHGANJ; JANGIPUR,WEST BENGAL,,Y
IQBAL FAIZEE (8926438815),SANJAY BAGCHI,MIAPUR; JANGIPUR,WEST BENGAL,,Y
IQBAL FAIZEE (8926438815),SANJAY BAGCHI,UMARPUR; JANGIPUR,WEST BENGAL,,Y
IQBAL FAIZEE (8926438815),SANJAY BAGCHI,PIARAPUR; JANGIPUR,WEST BENGAL,,Y
IQBAL FAIZEE (8926438815),SANJAY BAGCHI,ISLAMPUR; JANGIPUR,WEST BENGAL,,Y
DWARIKA CHARAN SINHA (9434638644),SANJAY BAGCHI,TEYA; SALAR,WEST BENGAL,,Y
DWARIKA CHARAN SINHA (9434638644),SANJAY BAGCHI,BHARATPUR; SALAR,WEST BENGAL,,Y
DWARIKA CHARAN SINHA (9434638644),SANJAY BAGCHI,BORUT; SALAR,WEST BENGAL,,Y
DWARIKA CHARAN SINHA (9434638644),SANJAY BAGCHI,SALAR,WEST BENGAL,,Y
DWARIKA CHARAN SINHA (9434638644),SANJAY BAGCHI,KAKGRAM; SALAR,WEST BENGAL,,Y
DWARIKA CHARAN SINHA (9434638644),SANJAY BAGCHI,MOUGRAM; SALAR,WEST BENGAL,,Y
DWARIKA CHARAN SINHA (9434638644),SANJAY BAGCHI,SIMULIA; SALAR,WEST BENGAL,,Y
DWARIKA CHARAN SINHA (9434638644),SANJAY BAGCHI,KANDRA; SALAR,WEST BENGAL,,Y
LOKENATH SAHA (9851894463),SANJAY BAGCHI,FARAKKA,WEST BENGAL,,Y
LOKENATH SAHA (9851894463),SANJAY BAGCHI,P.T.S; FARAKKA,WEST BENGAL,,Y
LOKENATH SAHA (9851894463),SANJAY BAGCHI,DHULIAN; FARAKKA,WEST BENGAL,,Y
LOKENATH SAHA (9851894463),SANJAY BAGCHI,BARRAGE; FARAKKA,WEST BENGAL,,Y
LOKENATH SAHA (9851894463),SANJAY BAGCHI,N.T.P.C. MARKET; FARAKKA,WEST BENGAL,,Y
BIMAN CHANDRA RUDRA (9434315729),SANJAY BAGCHI,JIYAGANJ,WEST BENGAL,,Y
BIMAN CHANDRA RUDRA (9434315729),SANJAY BAGCHI,AZIMGANJ; JIAGANJ,WEST BENGAL,,Y
BIMAN CHANDRA RUDRA (9434315729),SANJAY BAGCHI,BHAGWANGOLA; JIAGANJ,WEST BENGAL,,Y
BIMAN CHANDRA RUDRA (9434315729),SANJAY BAGCHI,LALBAGH; JIAGANJ,WEST BENGAL,,Y
BIMAN CHANDRA RUDRA (9434315729),SANJAY BAGCHI,LALGOLA; JIAGANJ,WEST BENGAL,,Y
MAHABIR TRADERS (9609512460),SANJAY BAGCHI,D.B ROAD; RAMPURHAT,WEST BENGAL,,Y
MAHABIR TRADERS (9609512460),SANJAY BAGCHI,MOLLAR PUR; RAMPURHAT,WEST BENGAL,,Y
MAHABIR TRADERS (9609512460),SANJAY BAGCHI,RAMPURHAT,WEST BENGAL,,Y
MAHABIR TRADERS (9609512460),SANJAY BAGCHI,RAILCOLONY; RAMPURHAT,WEST BENGAL,,Y
MAHABIR TRADERS (9609512460),SANJAY BAGCHI,M. N. K. ROAD; RAMPURHAT,WEST BENGAL,,Y
MAHABIR TRADERS (9609512460),SANJAY BAGCHI,NISCHINTAPUR; RAMPURHAT,WEST BENGAL,,Y
MAHABIR TRADERS (9609512460),SANJAY BAGCHI,DUCKBUNGLOW; RAMPURHAT,WEST BENGAL,,Y
MAHABIR TRADERS (9609512460),SANJAY BAGCHI,BANK ROAD; RAMPURHAT,WEST BENGAL,,Y
MAHABIR TRADERS (9609512460),SANJAY BAGCHI,MARGRAM; RAMPURHAT,WEST BENGAL,,Y
MAHABIR TRADERS (9609512460),SANJAY BAGCHI,BISHNUPUR; RAMPURHAT,WEST BENGAL,,Y
MAHABIR TRADERS (9609512460),SANJAY BAGCHI,HATTOLA; RAMPURHAT,WEST BENGAL,,Y
MAHABIR TRADERS (9609512460),SANJAY BAGCHI,MAHAJON POTTY; RAMPURHAT,WEST BENGAL,,Y
MAHABIR TRADERS (9609512460),SANJAY BAGCHI,BHARSALA; RAMPURHAT,WEST BENGAL,,Y
MAHABIR TRADERS (9609512460),SANJAY BAGCHI,TARAPITH; RAMPURHAT,WEST BENGAL,,Y
DEV SREE TRADING CO.  (9378077850),TSI OF KAUSHIK,BARAKAR,WEST BENGAL,,Y
BISHNU KUMAR AGARWAL (8918544146),TSI OF KAUSHIK,BANKURA,WEST BENGAL,,Y
BISHNU KUMAR AGARWAL (8918544146),TSI OF KAUSHIK,NATUNGANJ; BANKURA,WEST BENGAL,,Y
BISHNU KUMAR AGARWAL (8918544146),TSI OF KAUSHIK,LALBAZAR AND CHAKBAZAR; BANKURA,WEST BENGAL,,Y
MALLICK BROTHERS (9732126170),TSI OF KAUSHIK,KHATRA,WEST BENGAL,,Y
SARAWGI SALES AGENCEY  (9434346601),TSI OF KAUSHIK,PURULIA,WEST BENGAL,,Y
SARAWGI SALES AGENCEY  (9434346601),TSI OF KAUSHIK,PARA; PURULIA,WEST BENGAL,,Y
SARAWGI SALES AGENCEY  (9434346601),TSI OF KAUSHIK,ANARA; PURULIA,WEST BENGAL,,Y
SARAWGI SALES AGENCEY  (9434346601),TSI OF KAUSHIK,CHALIYAMA; PURULIA,WEST BENGAL,,Y
SARAWGI SALES AGENCEY  (9434346601),TSI OF KAUSHIK,MOUTOR; PURULIA,WEST BENGAL,,Y
SARAWGI SALES AGENCEY  (9434346601),TSI OF KAUSHIK,MANGALDA; PURULIA,WEST BENGAL,,Y
SARAWGI SALES AGENCEY  (9434346601),TSI OF KAUSHIK,KENAIDHI; PURULIA,WEST BENGAL,,Y
SARAWGI SALES AGENCEY  (9434346601),TSI OF KAUSHIK,SARBORI; PURULIA,WEST BENGAL,,Y
SARAWGI SALES AGENCEY  (9434346601),TSI OF KAUSHIK,RAGHUNATHPUR 1; PURULIA,WEST BENGAL,,Y
SARAWGI SALES AGENCEY  (9434346601),TSI OF KAUSHIK,RAGHUNATHPUR 2; PURULIA,WEST BENGAL,,Y
SARAWGI SALES AGENCEY  (9434346601),TSI OF KAUSHIK,KASHIPUR; PURULIA,WEST BENGAL,,Y
SARAWGI SALES AGENCEY  (9434346601),TSI OF KAUSHIK,ADRA; PURULIA,WEST BENGAL,,Y
RAJIV ENTERPRISE (9233332456),TSI OF KAUSHIK,KULTI; ASANSOL,WEST BENGAL,,Y
RAJIV ENTERPRISE (9233332456),TSI OF KAUSHIK,NEAMATPUR; ASANSOL,WEST BENGAL,,Y
RAJIV ENTERPRISE (9233332456),TSI OF KAUSHIK,ASANSOL,WEST BENGAL,,Y
RAJIV ENTERPRISE (9233332456),TSI OF KAUSHIK,JAMURIA; ASANSOL_RAJIV,WEST BENGAL,,Y
ANJALI TRADERS (9832165655),TSI OF KAUSHIK,DURGAPUR,WEST BENGAL,,Y
ANJALI TRADERS (9832165655),TSI OF KAUSHIK,GOPALPUR; DURGAPUR,WEST BENGAL,,Y
ANJALI TRADERS (9832165655),TSI OF KAUSHIK,STATION BAZAR; DURGAPUR,WEST BENGAL,,Y
ANJALI TRADERS (9832165655),TSI OF KAUSHIK,BARJORA; DURGAPUR,WEST BENGAL,,Y
ANJALI TRADERS (9832165655),TSI OF KAUSHIK,MAMRA; DURGAPUR,WEST BENGAL,,Y
ANJALI TRADERS (9832165655),TSI OF KAUSHIK,RAJ BAND; DURGAPUR,WEST BENGAL,,Y
ANJALI TRADERS (9832165655),TSI OF KAUSHIK,MUCHIPARA; DURGAPUR,WEST BENGAL,,Y
ANJALI TRADERS (9832165655),TSI OF KAUSHIK,MAIN GATE; DURGAPUR,WEST BENGAL,,Y
ANJALI TRADERS (9832165655),TSI OF KAUSHIK,ANDAL; DURGAPUR,WEST BENGAL,,Y
ANJALI TRADERS (9832165655),TSI OF KAUSHIK,BENACHITY 1; DURGAPUR,WEST BENGAL,,Y
ANJALI TRADERS (9832165655),TSI OF KAUSHIK,BENACHITY 2; DURGAPUR,WEST BENGAL,,Y
ANJALI TRADERS (9832165655),TSI OF KAUSHIK,B-ZONE; DURGAPUR,WEST BENGAL,,Y
ANJALI TRADERS (9832165655),TSI OF KAUSHIK,C. M. R. I.; DURGAPUR,WEST BENGAL,,Y
ANJALI TRADERS (9832165655),TSI OF KAUSHIK,CHANDIDAS; DURGAPUR,WEST BENGAL,,Y
ANJALI TRADERS (9832165655),TSI OF KAUSHIK,D. V. C MARKET; DURGAPUR,WEST BENGAL,,Y
ANJALI TRADERS (9832165655),TSI OF KAUSHIK,DAKSHIN KHANDA; DURGAPUR,WEST BENGAL,,Y
ANJALI TRADERS (9832165655),TSI OF KAUSHIK,GOPAL MATH; DURGAPUR,WEST BENGAL,,Y
ANJALI TRADERS (9832165655),TSI OF KAUSHIK,KHANDRA; DURGAPUR,WEST BENGAL,,Y
ANJALI TRADERS (9832165655),TSI OF KAUSHIK,MAYABAZAR; DURGAPUR,WEST BENGAL,,Y
ANJALI TRADERS (9832165655),TSI OF KAUSHIK,RATURIA; DURGAPUR,WEST BENGAL,,Y
ANJALI TRADERS (9832165655),TSI OF KAUSHIK,ROY DANGA; DURGAPUR,WEST BENGAL,,Y
ANJALI TRADERS (9832165655),TSI OF KAUSHIK,SAGARVANGA; DURGAPUR,WEST BENGAL,,Y
ANJALI TRADERS (9832165655),TSI OF KAUSHIK,SUKANTAPALLY; DURGAPUR,WEST BENGAL,,Y
ANJALI TRADERS (9832165655),TSI OF KAUSHIK,GOPALPUR; DURGAPUR-ANJALI,WEST BENGAL,,Y
R. J. TRADERS (9233330045),TSI OF KAUSHIK,RANIGANJ,WEST BENGAL,,Y
TARA MAA STORE (9830024362),TSI OF MANAS,CHAMPDANI; HOOGHLY,WEST BENGAL,,Y
TARA MAA STORE (9830024362),TSI OF MANAS,KHAN PUKUR; HOOGHLY,WEST BENGAL,,Y
TARA MAA STORE (9830024362),TSI OF MANAS,SINGUR; HOOGHLY,WEST BENGAL,,Y
TARA MAA STORE (9830024362),TSI OF MANAS,SEORAPHULI; HOOGHLY,WEST BENGAL,,Y
MAA TARA BHANDAR (9331035905),TSI OF MANAS,MOGRA; HOOGHLY,WEST BENGAL,,Y
MAA TARA BHANDAR (9331035905),TSI OF MANAS,ADISAPTAGRAM; CHINSURAH,WEST BENGAL,,Y
MAA TARA BHANDAR (9331035905),TSI OF MANAS,KUNTIGHAT; RAGHUNATHPUR,WEST BENGAL,,Y
MAA TARA BHANDAR (9331035905),TSI OF MANAS,PANDUA; HOOGHLY,WEST BENGAL,,Y
ANNAPURNA MARKETING (9433542646),TSI OF MANAS,PORABAZAR; HOOGHLY,WEST BENGAL,,Y
ANNAPURNA MARKETING (9433542646),TSI OF MANAS,BELMURI; PORABAZAR,WEST BENGAL,,Y
ANNAPURNA MARKETING (9433542646),TSI OF MANAS,RAMESWARPUR; MAHESHTALA,WEST BENGAL,,Y
ANNAPURNA MARKETING (9433542646),TSI OF MANAS,BHASTARA; HOOGHLY,WEST BENGAL,,Y
SADHUKHAN AGENCY (9434828303),TSI OF MANAS,CHAPADANGA; HOOGHLY,WEST BENGAL,,Y
SADHUKHAN AGENCY (9434828303),TSI OF MANAS,DHANIAKHALI HALT; HOOGHLY,WEST BENGAL,,Y
M. A. ENTERPRISE (9836303616),TSI OF PRABIR,RAJARHAT,WEST BENGAL,,Y
M. A. ENTERPRISE (9836303616),TSI OF PRABIR,DHANPOTA BAZAR; MAGRAHAT,WEST BENGAL,,Y
M. A. ENTERPRISE (9836303616),TSI OF PRABIR,KESTOPUR,WEST BENGAL,,Y
M. A. ENTERPRISE (9836303616),TSI OF PRABIR,HANA PARA; KESTOPUR,WEST BENGAL,,Y
M. A. ENTERPRISE (9836303616),TSI OF PRABIR,MISSION BAZAR; KESTOPUR,WEST BENGAL,,Y
M. A. ENTERPRISE (9836303616),TSI OF PRABIR,LASKARHATI; NEW TOWN,WEST BENGAL,,Y
M. A. ENTERPRISE (9836303616),TSI OF PRABIR,JATRAGACHI; NEW TOWN,WEST BENGAL,,Y
M. A. ENTERPRISE (9836303616),TSI OF PRABIR,HATIARA; NEW TOWN,WEST BENGAL,,Y
M. A. ENTERPRISE (9836303616),TSI OF PRABIR,KALUMORE; NEW TOWN,WEST BENGAL,,N
M. A. ENTERPRISE (9836303616),TSI OF PRABIR,KASHINATHPUR; NEW TOWN,WEST BENGAL,,N
M. A. ENTERPRISE (9836303616),TSI OF PRABIR,SHIKHARPUR; NEW TOWN,WEST BENGAL,,N
M. A. ENTERPRISE (9836303616),TSI OF PRABIR,GAZIPUR; NEW TOWN,WEST BENGAL,,N
M. A. ENTERPRISE (9836303616),TSI OF PRABIR,MUHAMMADPUR; NEW TOWN,WEST BENGAL,,Y
M. A. ENTERPRISE (9836303616),TSI OF PRABIR,PATHARGHATA; NEW TOWN,WEST BENGAL,,Y
M. A. ENTERPRISE (9836303616),TSI OF PRABIR,SAPURJI; NEW TOWN,WEST BENGAL,,Y
M. A. ENTERPRISE (9836303616),TSI OF PRABIR,GABTALA; BHANGAR,WEST BENGAL,,Y
M. A. ENTERPRISE (9836303616),TSI OF PRABIR,PAKA POLE; BHANGAR,WEST BENGAL,,Y
M. A. ENTERPRISE (9836303616),TSI OF PRABIR,MASIGRAM; BHANGAR,WEST BENGAL,,Y
M. A. ENTERPRISE (9836303616),TSI OF PRABIR,LAUHATI,WEST BENGAL,,Y
M. A. ENTERPRISE (9836303616),TSI OF PRABIR,TEGHORIA,WEST BENGAL,,Y
M. A. ENTERPRISE (9836303616),TSI OF PRABIR,KAIKHALI,WEST BENGAL,,Y
M. A. ENTERPRISE (9836303616),TSI OF PRABIR,JAGATPUR; BAGUIHATI,WEST BENGAL,,Y
M. A. ENTERPRISE (9836303616),TSI OF PRABIR,ASWINI NAGAR; BAGUIHATI,WEST BENGAL,,Y
M. A. ENTERPRISE (9836303616),TSI OF PRABIR,NARAYANPUR,WEST BENGAL,,Y
M. A. ENTERPRISE (9836303616),TSI OF PRABIR,LANGOLPOTA; RAJARHAT,WEST BENGAL,,Y
M. A. ENTERPRISE (9836303616),TSI OF PRABIR,HARUAKHAL; RAJARHAT,WEST BENGAL,,Y
M. A. ENTERPRISE (9836303616),TSI OF PRABIR,KHARIBARI; RAJARHAT,WEST BENGAL,,Y
M. A. ENTERPRISE (9836303616),TSI OF PRABIR,KHAMARPARA; RAJARHAT,WEST BENGAL,,Y
M. A. ENTERPRISE (9836303616),TSI OF PRABIR,SONEPUR; BHANGAR,WEST BENGAL,,Y
M. A. ENTERPRISE (9836303616),TSI OF PRABIR,POLERHAT; BHANGAR,WEST BENGAL,,Y
M. A. ENTERPRISE (9836303616),TSI OF PRABIR,HATISALA; BHANGAR,WEST BENGAL,,Y
M. A. ENTERPRISE (9836303616),TSI OF PRABIR,BHOJERHAT; BHANGAR,WEST BENGAL,,Y
DEY & BROTHERS (9339040706),TSI OF PRABIR,BARASAT,WEST BENGAL,,Y
DEY & BROTHERS (9339040706),TSI OF PRABIR,BARO BAZAR; BARASAT,WEST BENGAL,,Y
DEY & BROTHERS (9339040706),TSI OF PRABIR,NILGANJ; BARRACKPORE,WEST BENGAL,,Y
S. ENTERPRISE (8697596603),TSI OF PRABIR,BELGHARIA,WEST BENGAL,,Y
S. ENTERPRISE (8697596603),TSI OF PRABIR,PAIKPARA,WEST BENGAL,,Y
S. ENTERPRISE (8697596603),TSI OF PRABIR,NIMTA BAZAR,WEST BENGAL,,Y
S. ENTERPRISE (8697596603),TSI OF PRABIR,CULTURE MORE,WEST BENGAL,,Y
S. ENTERPRISE (8697596603),TSI OF PRABIR,GOLE BAGAN; NIMTA,WEST BENGAL,,Y
S. ENTERPRISE (8697596603),TSI OF PRABIR,AIRPORT 2 NO GATE,WEST BENGAL,,Y
S. ENTERPRISE (8697596603),TSI OF PRABIR,BIRATI,WEST BENGAL,,Y
ROY AGENCY (9831002034),TSI OF PRABIR,SHOVABAZAR; KOLKATA,WEST BENGAL,,Y
ROY AGENCY (9831002034),TSI OF PRABIR,GARANHATA; KOLKATA,WEST BENGAL,,Y
ROY AGENCY (9831002034),TSI OF PRABIR,MANIKTALA MARKET; KOLKATA,WEST BENGAL,,Y
ROY AGENCY (9831002034),TSI OF PRABIR,CHHATU BABU BAZAR; KOLKATA,WEST BENGAL,,Y
ROY AGENCY (9831002034),TSI OF PRABIR,MUCHI BAZAR; KOLKATA,WEST BENGAL,,Y
DEB ENTERPRIES (7980430618),TSI OF PRABIR,KANKINARA,WEST BENGAL,,Y
DEB ENTERPRIES (7980430618),TSI OF PRABIR,JAGATDAL,WEST BENGAL,,Y
DEB ENTERPRIES (7980430618),TSI OF PRABIR,ATHPUR,WEST BENGAL,,Y
DEB ENTERPRIES (7980430618),TSI OF PRABIR,RATHTALA,WEST BENGAL,,Y
DEB ENTERPRIES (7980430618),TSI OF PRABIR,KANKINARA 1,WEST BENGAL,,Y
DEB ENTERPRIES (7980430618),TSI OF PRABIR,GOLGHAR; JAGATDAL,WEST BENGAL,,Y
DEB ENTERPRIES (7980430618),TSI OF PRABIR,BHATPARA,WEST BENGAL,,Y
DEB ENTERPRIES (7980430618),TSI OF PRABIR,GARULIA,WEST BENGAL,,Y
DEB ENTERPRIES (7980430618),TSI OF PRABIR,ICHAPUR,WEST BENGAL,,Y
BHURAMAL ASSOCIATES (7407391111),TSI OF SANDIP,MEDINIPORE,WEST BENGAL,,Y
BHURAMAL ASSOCIATES (7407391111),TSI OF SANDIP,TATIGERIA; MEDINIPORE,WEST BENGAL,,Y
BHURAMAL ASSOCIATES (7407391111),TSI OF SANDIP,RAJABAZAR; MEDINIPORE,WEST BENGAL,,Y
BHURAMAL ASSOCIATES (7407391111),TSI OF SANDIP,JAGANNATH MANDIR; MEDINIPORE,WEST BENGAL,,Y
BHURAMAL ASSOCIATES (7407391111),TSI OF SANDIP,KANKABATI; MEDINIPORE,WEST BENGAL,,Y
BHURAMAL ASSOCIATES (7407391111),TSI OF SANDIP,CHANDRAKONA ROAD; MEDINIPORE,WEST BENGAL,,Y
BHURAMAL ASSOCIATES (7407391111),TSI OF SANDIP,PANCHKARI CHAK; MEDINIPORE,WEST BENGAL,,Y
BHURAMAL ASSOCIATES (7407391111),TSI OF SANDIP,SALBONI; MEDINIPORE,WEST BENGAL,,Y
TARA MA ENTERPRISE (8981283362),TSI OF SANDIP,BAGNAN; HOWRAH,WEST BENGAL,,Y
TARA MA ENTERPRISE (8981283362),TSI OF SANDIP,KULGACHIA; HOWRAH,WEST BENGAL,,Y
TARA MA ENTERPRISE (8981283362),TSI OF SANDIP,BELTOLA; BAGNAN,WEST BENGAL,,Y
TARA MA ENTERPRISE (8981283362),TSI OF SANDIP,HAROP; BAGNAN,WEST BENGAL,,Y
TARA MA ENTERPRISE (8981283362),TSI OF SANDIP,BANDGALPUR; BAGNAN,WEST BENGAL,,Y
TARA MA ENTERPRISE (8981283362),TSI OF SANDIP,KHADINAN; BAGNAN,WEST BENGAL,,Y
TARA MA ENTERPRISE (8981283362),TSI OF SANDIP,STATION ROAD; BAGNAN,WEST BENGAL,,Y
TARA MA ENTERPRISE (8981283362),TSI OF SANDIP,MURALIBAR; BAGNAN,WEST BENGAL,,Y
TARA MA ENTERPRISE (8981283362),TSI OF SANDIP,OT ROAD; BAGNAN,WEST BENGAL,,Y
TARA MA ENTERPRISE (8981283362),TSI OF SANDIP,ANTILA; BAGNAN,WEST BENGAL,,Y
TARA MA ENTERPRISE (8981283362),TSI OF SANDIP,DEULTI,WEST BENGAL,,Y
TARA MA ENTERPRISE (8981283362),TSI OF SANDIP,KHALNA; BAGNAN,WEST BENGAL,,Y
TARA MA ENTERPRISE (8981283362),TSI OF SANDIP,NABASAN,WEST BENGAL,,Y
S. S. J. ENTERPRISE (9939444402),TSI OF SANDIP,ULUBERIA; HOWRAH,WEST BENGAL,,Y
S. S. J. ENTERPRISE (9939444402),TSI OF SANDIP,NIMDIGHI; ULUBERIA,WEST BENGAL,,Y
S. S. J. ENTERPRISE (9939444402),TSI OF SANDIP,BIRSHIBPUR; HOWRAH,WEST BENGAL,,Y
S. S. J. ENTERPRISE (9939444402),TSI OF SANDIP,BAGANDA; HOWRAH,WEST BENGAL,,Y
S. S. J. ENTERPRISE (9939444402),TSI OF SANDIP,BAURIA,WEST BENGAL,,Y
S. S. J. ENTERPRISE (9939444402),TSI OF SANDIP,BADAMTALA; BAURIA,WEST BENGAL,,Y
S. S. J. ENTERPRISE (9939444402),TSI OF SANDIP,FORT GLOSTER; BAURIA,WEST BENGAL,,Y
S. S. J. ENTERPRISE (9939444402),TSI OF SANDIP,PANCHANANTALA; BAURIA,WEST BENGAL,,Y
S. S. J. ENTERPRISE (9939444402),TSI OF SANDIP,STATION ROAD; BAURIA,WEST BENGAL,,Y
S. S. J. ENTERPRISE (9939444402),TSI OF SANDIP,KALITALA; ULUBERIA,WEST BENGAL,,Y
S. S. J. ENTERPRISE (9939444402),TSI OF SANDIP,NORTH MILL; BAURIA,WEST BENGAL,,Y
S. S. J. ENTERPRISE (9939444402),TSI OF SANDIP,KALINAGAR; ULUBERIA,WEST BENGAL,,Y
S. S. J. ENTERPRISE (9939444402),TSI OF SANDIP,ULUBERIA 1; HOWRAH,WEST BENGAL,,Y
SRI GANESH AGENCY (7978755767),TSI OF SANDIP,BARIPADA; ODISHA,ODISHA,,N
SRI GANESH AGENCY (7978755767),TSI OF SUSHANTA,BARIPADA; ODISHA,ODISHA,,Y
SRI GANESH AGENCY (7978755767),SANDIP CHAKRABORTY,BETNOTI BAZAR; ODISHA,ODISHA,,N
SRI GANESH AGENCY (7978755767),TSI OF SANDIP,BETNOTI BAZAR; ODISHA,ODISHA,,N
SRI GANESH AGENCY (7978755767),TSI OF SUSHANTA,BETNOTI BAZAR; ODISHA,ODISHA,,Y
SRI GANESH AGENCY (7978755767),TSI OF SUSHANTA,BOMBAY CHAK; BARIPADA,ODISHA,,Y
MAITY ENTERPRISE (9732566678),TSI OF SANDIP,AMTA; HOWRAH,WEST BENGAL,,Y
MAITY ENTERPRISE (9732566678),TSI OF SANDIP,GAZIPUR BATTALA; AMTA,WEST BENGAL,,Y
MAITY ENTERPRISE (9732566678),TSI OF SANDIP,CONTROL MORE; AMTA,WEST BENGAL,,Y
MAITY ENTERPRISE (9732566678),TSI OF SANDIP,MANNA PARA; AMTA,WEST BENGAL,,Y
MAITY ENTERPRISE (9732566678),TSI OF SANDIP,BALIPOTA; HOWRAH,WEST BENGAL,,Y
MAITY ENTERPRISE (9732566678),TSI OF SANDIP,ANULIA; HOWRAH,WEST BENGAL,,Y
MAITY ENTERPRISE (9732566678),TSI OF SANDIP,RAMCHANDRAPUR; HOWRAH,WEST BENGAL,,Y
MAITY ENTERPRISE (9732566678),TSI OF SANDIP,JAYPUR; HOWRAH,WEST BENGAL,,Y
MAITY ENTERPRISE (9732566678),TSI OF SANDIP,RASHPUR; HOWRAH,WEST BENGAL,,Y
MAITY ENTERPRISE (9732566678),TSI OF SANDIP,TAJPUR; HOWRAH,WEST BENGAL,,Y
MAITY ENTERPRISE (9732566678),TSI OF SANDIP,SHIBERHANA & NOLTA; AMTA,WEST BENGAL,,Y
MAITY ENTERPRISE (9732566678),TSI OF SANDIP,SONAMAYEE-KHANPUR; AMTA,WEST BENGAL,,Y
MAITY ENTERPRISE (9732566678),TSI OF SANDIP,BAINAN; AMTA,WEST BENGAL,,Y
MAITY ENTERPRISE (9732566678),TSI OF SANDIP,TULSHIBERIA; AMTA,WEST BENGAL,,Y
MAITY SALES AGENCY (9232371740),TSI OF SANDIP,HALDIA,WEST BENGAL,,Y
MAITY SALES AGENCY (9232371740),TSI OF SANDIP,BRAJALAL CHAK; HALDIA,WEST BENGAL,,Y
MAITY SALES AGENCY (9232371740),TSI OF SANDIP,CHAITANYAPUR; HALDIA,WEST BENGAL,,Y
MAITY SALES AGENCY (9232371740),TSI OF SANDIP,SUTAHATA; HALDIA,WEST BENGAL,,Y
MAITY SALES AGENCY (9232371740),TSI OF SANDIP,SRIKRISHNAPUR; HALDIA,WEST BENGAL,,Y
MAITY SALES AGENCY (9232371740),TSI OF SANDIP,GIRISH MORE; HALDIA,WEST BENGAL,,Y
MAITY SALES AGENCY (9232371740),TSI OF SANDIP,MANJUSHREE; HALDIA,WEST BENGAL,,Y
MAITY SALES AGENCY (9232371740),TSI OF SANDIP,TOWN SHIP; HALDIA,WEST BENGAL,,Y
SUDIPTA GHOSH (9477181103),TSI OF SANJAY,SANTRAGACHI,WEST BENGAL,,Y
SUDIPTA GHOSH (9477181103),TSI OF SANDIP,SANTRAGACHI,WEST BENGAL,,Y
SUDIPTA GHOSH (9477181103),TSI OF SANJAY,BANKRA; HOWRAH,WEST BENGAL,,Y
SUDIPTA GHOSH (9477181103),TSI OF SANDIP,BANKRA; HOWRAH,WEST BENGAL,,Y
SUDIPTA GHOSH (9477181103),TSI OF SANJAY,JAGACHA 1,WEST BENGAL,,Y
SUDIPTA GHOSH (9477181103),TSI OF SANDIP,JAGACHA 1,WEST BENGAL,,Y
SUDIPTA GHOSH (9477181103),TSI OF SANJAY,JAGACHA 2,WEST BENGAL,,Y
SUDIPTA GHOSH (9477181103),TSI OF SANDIP,JAGACHA 2,WEST BENGAL,,Y
SUDIPTA GHOSH (9477181103),TSI OF SANJAY,SATASHI; HOWRAH,WEST BENGAL,,Y
SUDIPTA GHOSH (9477181103),TSI OF SANDIP,SATASHI; HOWRAH,WEST BENGAL,,Y
SUDIPTA GHOSH (9477181103),TSI OF SANJAY,DHARSA; HOWRAH,WEST BENGAL,,Y
SUDIPTA GHOSH (9477181103),TSI OF SANDIP,DHARSA; HOWRAH,WEST BENGAL,,Y
SUDIPTA GHOSH (9477181103),TSI OF SANJAY,DASNAGAR; HOWRAH,WEST BENGAL,,Y
SUDIPTA GHOSH (9477181103),TSI OF SANDIP,DASNAGAR; HOWRAH,WEST BENGAL,,Y
SUDIPTA GHOSH (9477181103),TSI OF SANJAY,BALTIKURI; HOWRAH,WEST BENGAL,,Y
SUDIPTA GHOSH (9477181103),TSI OF SANDIP,BALTIKURI; HOWRAH,WEST BENGAL,,Y
SOMNATH ENTERPRISE (7076251468),TSI OF SATYAJIT,KAKDWIP; 24 PGS (S),WEST BENGAL,,Y
SOMNATH ENTERPRISE (7076251468),TSI OF SATYAJIT,NAMKHANA; BAKKHALI,WEST BENGAL,,Y
SOMNATH ENTERPRISE (7076251468),TSI OF SATYAJIT,DEBNAGAR; BAKKHALI,WEST BENGAL,,Y
SOMNATH ENTERPRISE (7076251468),TSI OF SATYAJIT,DOS MILE; BAKKHALI,WEST BENGAL,,Y
SOMNATH ENTERPRISE (7076251468),TSI OF SATYAJIT,JETTY GHAT; BAKKHALI,WEST BENGAL,,Y
SOMNATH ENTERPRISE (7076251468),TSI OF SATYAJIT,CHANDRA NAGAR; BAKKHALI,WEST BENGAL,,Y
SOMNATH ENTERPRISE (7076251468),TSI OF SATYAJIT,UKILER HAT NARAYANPUR,WEST BENGAL,,Y
SUPRADIP ENTERPRISE (7584075875),TSI OF SATYAJIT,GANGA SAGAR; 24 PGS (S),WEST BENGAL,,Y
SUPRADIP ENTERPRISE (7584075875),TSI OF SATYAJIT,KOCHUBERIA; GANGA SAGAR,WEST BENGAL,,Y
SUPRADIP ENTERPRISE (7584075875),TSI OF SATYAJIT,BAMUNKHALI; GANGA SAGAR,WEST BENGAL,,Y
SUPRADIP ENTERPRISE (7584075875),TSI OF SATYAJIT,MANDIRTALA; GANGA SAGAR,WEST BENGAL,,Y
SUPRADIP ENTERPRISE (7584075875),TSI OF SATYAJIT,CHAK FULDUBI; GANGA SAGAR,WEST BENGAL,,Y
SUPRADIP ENTERPRISE (7584075875),TSI OF SATYAJIT,KRISHNANAGAR; GANGA SAGAR,WEST BENGAL,,Y
SUPRADIP ENTERPRISE (7584075875),TSI OF SATYAJIT,RUDRANAGAR; GANGA SAGAR,WEST BENGAL,,Y
SUPRADIP ENTERPRISE (7584075875),TSI OF SATYAJIT,CHOURANGEE; GANGA SAGAR,WEST BENGAL,,Y
SUPRADIP ENTERPRISE (7584075875),TSI OF SATYAJIT,CHAMAGURI; GANGA SAGAR,WEST BENGAL,,Y
SUPRADIP ENTERPRISE (7584075875),TSI OF SATYAJIT,KALI BAZAR; GANGA SAGAR,WEST BENGAL,,Y
SUPRADIP ENTERPRISE (7584075875),TSI OF SATYAJIT,LIGHT HOUSE; GANGA SAGAR,WEST BENGAL,,Y
SUPRADIP ENTERPRISE (7584075875),TSI OF SATYAJIT,OLD RUDRA NAGAR; GANGA SAGAR,WEST BENGAL,,Y
SUPRADIP ENTERPRISE (7584075875),TSI OF SATYAJIT,MANASHA BAZAR; GANGA SAGAR,WEST BENGAL,,Y
SUPRADIP ENTERPRISE (7584075875),TSI OF SATYAJIT,GAYEN BAZAR; GANGA SAGAR,WEST BENGAL,,Y
SUPRADIP ENTERPRISE (7584075875),TSI OF SATYAJIT,SUMATI NAGAR; GANGA SAGAR,WEST BENGAL,,Y
SUPRADIP ENTERPRISE (7584075875),TSI OF SATYAJIT,MAHENDRAGANJ; GANGA SAGAR,WEST BENGAL,,Y
SUPRADIP ENTERPRISE (7584075875),TSI OF SATYAJIT,HARINBARI; GANGA SAGAR,WEST BENGAL,,Y
MAA MANASA DISTRIBUTORS (8906555230),,DEBRA,WEST BENGAL,,Y
MAA MANASA DISTRIBUTORS (8906555230),TSI OF SUBRATA,DEBRA,WEST BENGAL,,Y
MAA MANASA DISTRIBUTORS (8906555230),TSI OF SANDIP,DEBRA,WEST BENGAL,,Y
MAA MANASA DISTRIBUTORS (8906555230),TSI OF SUBRATA,BURAL,WEST BENGAL,,Y
MAA MANASA DISTRIBUTORS (8906555230),TSI OF SUBRATA,MOHAR,WEST BENGAL,,Y
MAA MANASA DISTRIBUTORS (8906555230),TSI OF SUBRATA,SABANG,WEST BENGAL,,Y
MAA MANASA DISTRIBUTORS (8906555230),TSI OF SUBRATA,TAMATHANI,WEST BENGAL,,Y
MAA MANASA DISTRIBUTORS (8906555230),TSI OF SUBRATA,JAMNA,WEST BENGAL,,Y
MAA MANASA DISTRIBUTORS (8906555230),TSI OF SUBRATA,ARJUNI,WEST BENGAL,,Y
MAA MANASA DISTRIBUTORS (8906555230),TSI OF SUBRATA,BURAMALA,WEST BENGAL,,Y
MAA MANASA DISTRIBUTORS (8906555230),TSI OF SUBRATA,SHYAMCHAK,WEST BENGAL,,Y
MAA MANASA DISTRIBUTORS (8906555230),TSI OF SUBRATA,BARBASI,WEST BENGAL,,Y
MAA MANASA DISTRIBUTORS (8906555230),TSI OF SUBRATA,MADPUR,WEST BENGAL,,Y
MAA MANASA DISTRIBUTORS (8906555230),TSI OF SUBRATA,JALCHAK,WEST BENGAL,,Y
MAA MANASA DISTRIBUTORS (8906555230),TSI OF SUBRATA,RAMCHANDRAPUR,WEST BENGAL,,Y
MAA MANASA DISTRIBUTORS (8906555230),TSI OF SUBRATA,PRAJABAR,WEST BENGAL,,Y
MAA MANASA DISTRIBUTORS (8906555230),TSI OF SUBRATA,BARCHARA,WEST BENGAL,,Y
MAA MANASA DISTRIBUTORS (8906555230),TSI OF SUBRATA,DASAGRAM,WEST BENGAL,,Y
MAA MANASA DISTRIBUTORS (8906555230),TSI OF SUBRATA,LACHMAPUR,WEST BENGAL,,Y
MAA MANASA DISTRIBUTORS (8906555230),TSI OF SUBRATA,KHANA MOHAN; DEBRA,WEST BENGAL,,Y
MAA MANASA DISTRIBUTORS (8906555230),TSI OF SANDIP,NARANDA,WEST BENGAL,,Y
MAA MANASA DISTRIBUTORS (8906555230),TSI OF SANDIP,RADHAMOHANPUR; DEBRA,WEST BENGAL,,Y
MAA MANASA DISTRIBUTORS (8906555230),TSI OF SANDIP,MALIGHATI; DEBRA,WEST BENGAL,,Y
MAA MANASA DISTRIBUTORS (8906555230),TSI OF SANDIP,PASHANG; DEBRA,WEST BENGAL,,Y
MAA MANASA DISTRIBUTORS (8906555230),TSI OF SUBRATA,MALIGHATI,WEST BENGAL,,Y
MAA MANASA DISTRIBUTORS (8906555230),TSI OF SUBRATA,LOWADA,WEST BENGAL,,Y
MAA MANASA DISTRIBUTORS (8906555230),TSI OF SUBRATA,S. S. PATNA,WEST BENGAL,,Y
MAA MANASA DISTRIBUTORS (8906555230),TSI OF SUBRATA,RATULIA,WEST BENGAL,,Y
MAA MANASA DISTRIBUTORS (8906555230),TSI OF SUBRATA,PANSKURA,WEST BENGAL,,Y
MAA MANASA DISTRIBUTORS (8906555230),TSI OF SUBRATA,HAUR,WEST BENGAL,,Y
MAA MANASA DISTRIBUTORS (8906555230),TSI OF SUBRATA,PRATPPUR,WEST BENGAL,,Y
MAA MANASA DISTRIBUTORS (8906555230),TSI OF SUBRATA,RADHAMOHANPUR,WEST BENGAL,,Y
MAA SITALA TRADERS (9635977677),TSI OF SUBRATA,CONTAI,WEST BENGAL,,Y
MAA SITALA TRADERS (9635977677),TSI OF SUBRATA,RAJABAZAR; CONTAI,WEST BENGAL,,Y
MAA SITALA TRADERS (9635977677),TSI OF SUBRATA,SUPERMARKET; CONTAI,WEST BENGAL,,Y
MAA SITALA TRADERS (9635977677),TSI OF SUBRATA,MUKUNDAPUR; CONTAI,WEST BENGAL,,Y
MAA SITALA TRADERS (9635977677),TSI OF SUBRATA,NACHINDA,WEST BENGAL,,Y
MAA SITALA TRADERS (9635977677),TSI OF SUBRATA,KALINAGAR,WEST BENGAL,,Y
DUI BHAI AGENCY (9734528435),TSI OF SUBRATA,GOALTORE; GARBETA,WEST BENGAL,,Y
DUI BHAI AGENCY (9734528435),TSI OF SUBRATA,LALGARH; JHARGRAM,WEST BENGAL,,Y
DUI BHAI AGENCY (9734528435),TSI OF SUBRATA,NETAI; JHARGRAM,WEST BENGAL,,Y
DUI BHAI AGENCY (9734528435),TSI OF SUBRATA,BAMAL; JHARGRAM,WEST BENGAL,,Y
DUI BHAI AGENCY (9734528435),TSI OF SUBRATA,KADASOL; GARBETA,WEST BENGAL,,Y
DUI BHAI AGENCY (9734528435),TSI OF SUBRATA,RAMGARH; GARBETA,WEST BENGAL,,Y
DUI BHAI AGENCY (9734528435),TSI OF SUBRATA,KHAPRIBHANGA; GARBETA,WEST BENGAL,,Y
DUI BHAI AGENCY (9734528435),TSI OF SUBRATA,AMRASULI; GARBETA,WEST BENGAL,,Y
DUI BHAI AGENCY (9734528435),TSI OF SUBRATA,SALBONI; MEDINIPORE,WEST BENGAL,,Y
DUI BHAI AGENCY (9734528435),TSI OF SUBRATA,PIRAKATA; JHARGRAM,WEST BENGAL,,Y
DUI BHAI AGENCY (9734528435),TSI OF SUBRATA,HOOMGARH; MIDNAPORE,WEST BENGAL,,Y
SRI KALI BHANDAR (9002159927),TSI OF SUBRATA,KALAGACHIA; KHEJURI,WEST BENGAL,,Y
SRI KALI BHANDAR (9002159927),TSI OF SUBRATA,BANSGORA; KHEJURI,WEST BENGAL,,Y
SRI KALI BHANDAR (9002159927),TSI OF SUBRATA,HALUDBARI; KHEJURI,WEST BENGAL,,Y
SRI KALI BHANDAR (9002159927),TSI OF SUBRATA,SONACHURA; KHEJURI,WEST BENGAL,,Y
SRI KALI BHANDAR (9002159927),TSI OF SUBRATA,TENTULTALA,WEST BENGAL,,Y
SRI KALI BHANDAR (9002159927),TSI OF SUBRATA,SONACHURA,WEST BENGAL,,N
SHREE BALAJI STORES (9937114851),TSI OF SUBRATA,JALESWAR; ODISHA,ODISHA,,N
SHREE BALAJI STORES (9937114851),TSI OF SUSHANTA,JALESWAR; ODISHA,ODISHA,,Y
SHREE BALAJI STORES (9937114851),TSI OF SUBRATA,BARABAZAR; JALESWAR,ODISHA,,N
SHREE BALAJI STORES (9937114851),TSI OF SUSHANTA,BARABAZAR; JALESWAR,ODISHA,,Y
SHREE BALAJI STORES (9937114851),TSI OF SUSHANTA,CHANDANESWAR; JALESWAR,ODISHA,,Y
MAA TARINI AGENCY (8984473190),TSI OF SUBRATA,BALASORE; ODISHA,ODISHA,,N
MAA TARINI AGENCY (8984473190),TSI OF SUSHANTA,BALASORE; ODISHA,ODISHA,,Y
MAA TARINI AGENCY (8984473190),TSI OF SUBRATA,PORT ROAD; BALASORE,ODISHA,,N
MAA TARINI AGENCY (8984473190),TSI OF SUSHANTA,PORT ROAD; BALASORE,ODISHA,,Y
MAA TARINI AGENCY (8984473190),TSI OF SUBRATA,MOTIGANJ; BALASORE,ODISHA,,N
MAA TARINI AGENCY (8984473190),TSI OF SUSHANTA,MOTIGANJ; BALASORE,ODISHA,,Y
MAA TARINI AGENCY (8984473190),TSI OF SUSHANTA,FULADI-MATHANI; BALASORE,ODISHA,,Y
MAA TARINI AGENCY (8984473190),TSI OF SUSHANTA,SORO; BALASORE,ODISHA,,Y
GANGA TRADING CO. (9832324431),TSI OF SUKUMAR,DHUPGURI; JALPAIGURI,WEST BENGAL,,Y
GANGA TRADING CO. (9832324431),TSI OF SUKUMAR,DHUPGURI BAZAR; JALPAIGURI,WEST BENGAL,,Y
GANGA TRADING CO. (9832324431),TSI OF SUKUMAR,SALBARI; JALPAIGURI,WEST BENGAL,,Y
MAHENDRA KUMAR JAIN (9851649505),TSI OF SUKUMAR,DINHATA; COOCHBEHAR,WEST BENGAL,,Y
MAHENDRA KUMAR JAIN (9851649505),TSI OF SUKUMAR,CHOWRAHAT; COOCHBEHAR,WEST BENGAL,,Y
NANDY TRADING CO. (7797975383),TSI OF SUKUMAR,ISLAMPUR; UTTAR DINAJPUR,WEST BENGAL,,Y
NANDY TRADING CO. (7797975383),TSI OF SUKUMAR,ISLAMPUR BAZAR; UTTAR DINAJPUR,WEST BENGAL,,Y
SANKAR STORE (9733454545),TSI OF SUKUMAR,BALURGHAT,WEST BENGAL,,Y
SANKAR STORE (9733454545),TSI OF SUKUMAR,HILLI; BALURGHAT,WEST BENGAL,,Y
SANKAR STORE (9733454545),TSI OF SUKUMAR,TAHA BAZAR; BALURGHAT,WEST BENGAL,,Y
SANKAR STORE (9733454545),TSI OF SUKUMAR,CHAKVRIGU; BALURGHAT,WEST BENGAL,,Y
SANKAR STORE (9733454545),TSI OF SUKUMAR,PATIRAM; BALURGHAT,WEST BENGAL,,Y
SANKAR STORE (9733454545),TSI OF SUKUMAR,TRIMOHINI; BALURGHAT,WEST BENGAL,,Y
JAYASREE DUTTA (9932717932),TSI OF SUKUMAR,SITAI HAT; COOCHBEHAR,WEST BENGAL,,Y
JAYASREE DUTTA (9932717932),TSI OF SUKUMAR,GIRIDHARIHAT; COOCHBEHAR,WEST BENGAL,,Y
JAYASREE DUTTA (9932717932),TSI OF SUKUMAR,BAOMARICHA; COOCHBEHAR,WEST BENGAL,,Y
JAYASREE DUTTA (9932717932),TSI OF SUKUMAR,LALBAZAR; COOCHBEHAR,WEST BENGAL,,Y
JAYASREE DUTTA (9932717932),TSI OF SUKUMAR,NUTANBAZAR; COOCHBEHAR,WEST BENGAL,,Y
JAYASREE DUTTA (9932717932),TSI OF SUKUMAR,GOLAKGANJ_SITALKUCHI; COOCHBEHAR,WEST BENGAL,,Y
S. R. K. AGENCY (9932895216),TSI OF SUKUMAR,NAXALBARI; DARJEELING,WEST BENGAL,,Y
S. R. K. AGENCY (9932895216),TSI OF SUKUMAR,KHARIBARI; DARJEELING,WEST BENGAL,,Y
S. R. K. AGENCY (9932895216),TSI OF SUKUMAR,GOLGOLIA; DARJEELING,WEST BENGAL,,Y
S. R. K. AGENCY (9932895216),TSI OF SUKUMAR,PANITANKI; DARJEELING,WEST BENGAL,,Y
N. V. TRADERS (9434019853),TSI OF SUKUMAR,SILIGURI; DARJEELING,WEST BENGAL,,Y
N. V. TRADERS (9434019853),TSI OF SUKUMAR,NAYABAZAR; DARJEELING,WEST BENGAL,,Y
TARA MAA ENTERPRISE (8918263932),TSI OF KAUSHIK,BUDBUD; BURDWAN,WEST BENGAL,,Y
TARA MAA ENTERPRISE (8918263932),TSI OF KAUSHIK,GALSI; BURDWAN,WEST BENGAL,,Y
TARA MAA ENTERPRISE (8918263932),TSI OF KAUSHIK,MANKAR; BURDWAN,WEST BENGAL,,Y
KALPANA ENTERPRISE (9434623383),TSI OF KAUSHIK,SONAMUKHI; BANKURA,WEST BENGAL,,Y
R. N. JANA (9434055481),TSI OF SATYAJIT,KAKDWIP; 24 PGS (S),WEST BENGAL,,Y
D. P. ENTERPRISE (9883888777),TSI OF DILIP,BAGHAJATIN,WEST BENGAL,,Y
D. P. ENTERPRISE (9883888777),TSI OF DILIP,SHREE COLONY,WEST BENGAL,,Y
D. P. ENTERPRISE (9883888777),TSI OF DILIP,LAKE GARDEN,WEST BENGAL,,Y
D. P. ENTERPRISE (9883888777),TSI OF DILIP,BIJOYGARH,WEST BENGAL,,Y
D. P. ENTERPRISE (9883888777),TSI OF DILIP,MUKUNDAPUR,WEST BENGAL,,Y
SHREE SHYAM ENTERPRISES (9830298603),TSI OF SANJAY,KHIDIRPUR,WEST BENGAL,,Y
SHREE SHYAM ENTERPRISES (9830298603),TSI OF SANJAY,METIABRUZ,WEST BENGAL,,Y
SHREE SHYAM ENTERPRISES (9830298603),TSI OF SANJAY,BABU BAZAR; KHIDIRPUR,WEST BENGAL,,Y
RONIT STORE (9831932603),TSI OF SANJAY,ANDUL; HOWRAH,WEST BENGAL,,Y
RONIT STORE (9831932603),TSI OF SANJAY,RANIHATI; HOWRAH,WEST BENGAL,,Y
RONIT STORE (9831932603),TSI OF SANJAY,SANKRAIL; HOWRAH,WEST BENGAL,,Y
RONIT STORE (9831932603),TSI OF SANJAY,DHULAGARH; HOWRAH,WEST BENGAL,,Y
GANGADHAR SITARAM,JOYONTO SUTRADHAR,KATWA; BURDWAN,WEST BENGAL,,N
SRI GOPAL ENTERPRISE,JOYONTO SUTRADHAR,BANKURA,WEST BENGAL,,N
OSWAL BROTHERS,JOYONTO SUTRADHAR,SAINTHIA,WEST BENGAL,,N
MAHANANDA OIL MILL,JOYONTO SUTRADHAR,MALDA,WEST BENGAL,,N
PALL DISTRIBUTOR,JOYONTO SUTRADHAR,BALARAMPUR; PURULIA,WEST BENGAL,,N
NARAYAN STORES,JOYONTO SUTRADHAR,JALPAIGURI,WEST BENGAL,,N
GANGADHAR SITARAM (03453 255279),JOYONTO SUTRADHAR,KATWA; BURDWAN,WEST BENGAL,,Y
SRI GOPAL ENTERPRISE (9475217086),JOYONTO SUTRADHAR,BANKURA,WEST BENGAL,,Y
OSWAL BROTHERS (03462 262276),JOYONTO SUTRADHAR,SAINTHIA,WEST BENGAL,,Y
MAHANANDA OIL MILL (9474036912),JOYONTO SUTRADHAR,MALDA,WEST BENGAL,,Y
PALL DISTRIBUTOR (9932601676),JOYONTO SUTRADHAR,BALARAMPUR; PURULIA,WEST BENGAL,,Y
NARAYAN STORES (03561 230086),JOYONTO SUTRADHAR,JALPAIGURI,WEST BENGAL,,Y
SOUMALYA CHANDRA PRATIHAR (9674749576),TSI OF SUBRATA,JHARGRAM,WEST BENGAL,,Y
SOUMALYA CHANDRA PRATIHAR (9674749576),TSI OF SUBRATA,GIDHNI; JHARGRAM,WEST BENGAL,,Y
SOUMALYA CHANDRA PRATIHAR (9674749576),TSI OF SUBRATA,DAHIJURI; JHARGRAM,WEST BENGAL,,Y
SOUMALYA CHANDRA PRATIHAR (9674749576),TSI OF SUBRATA,BINPUR; JHARGRAM,WEST BENGAL,,Y
SOUMALYA CHANDRA PRATIHAR (9674749576),TSI OF SUBRATA,LODHASULI; JHARGRAM,WEST BENGAL,,Y
R. R. TRADERS (9434527688),JOYONTO SUTRADHAR,BISHNUPUR; BANKURA,WEST BENGAL,,Y
AGARWAL & CO. (8348697003),JOYONTO SUTRADHAR,BERHAMPUR,WEST BENGAL,,Y
AROTI ENTERPRISE (9832499950),JOYONTO SUTRADHAR,BAGDOGRA; SILIGURI,WEST BENGAL,,Y
PUNAM CHAND LAKHOTHIA (9733113760),JOYONTO SUTRADHAR,MADARIHAT; ALIPURDUAR,WEST BENGAL,,Y
D. B. ENTERPRISE (9836510071),TSI OF SANJAY,BANSDRONI; KOLKATA,WEST BENGAL,,Y
D. B. ENTERPRISE (9836510071),TSI OF SANJAY,RABINDRA PALLY; GARIA,WEST BENGAL,,Y
D. B. ENTERPRISE (9836510071),TSI OF SANJAY,AZADGARH; TOLLYGANJ,WEST BENGAL,,N
D. B. ENTERPRISE (9836510071),TSI OF SANJAY,AZADGARH; TOLLYGUNGE,WEST BENGAL,,Y
R. & R. NETWORK  (9433146465),TSI OF DILIP,NUNGI; BUDGE BUDGE,WEST BENGAL,,Y
R. & R. NETWORK  (9433146465),TSI OF DILIP,SHYAMPUR; BUDGE BUDGE,WEST BENGAL,,Y
SHYAM TRADERS (9093364333),TSI OF SUKUMAR,MAYNAGURI; JALPAIGURI,WEST BENGAL,,Y
SHYAM TRADERS (9093364333),TSI OF SUKUMAR,MAYNAGURI BAZAR; JALPAIGURI,WEST BENGAL,,Y
SAMBHUNATH DUTTA (8101551728),NIBASH HAZRA,AHMEDPUR; BIRBHUM,WEST BENGAL,,Y
SAMBHUNATH DUTTA (8101551728),NIBASH HAZRA,KOPAI; BIRBHUM,WEST BENGAL,,Y
SAMBHUNATH DUTTA (8101551728),NIBASH HAZRA,LUBHPUR; BIRBHUM,WEST BENGAL,,Y
SAMBHUNATH DUTTA (8101551728),NIBASH HAZRA,CHOUHATTA; BIRBHUM,WEST BENGAL,,Y
SAMBHUNATH DUTTA (8101551728),NIBASH HAZRA,KOCHUIGHATA; BIRBHUM,WEST BENGAL,,Y
LOKENATH ENTERPRISE (8013300779),TSI OF DILIP,BUDGE BUDGE; 24 PGS (S),WEST BENGAL,,Y
LOKENATH ENTERPRISE (8013300779),TSI OF DILIP,CHARIAL; BUDGE BUDGE,WEST BENGAL,,Y
S. M. ENTERPRISE (9051200549),TSI OF DILIP,AMTALA; 24 PGS (S),WEST BENGAL,,Y
S. M. ENTERPRISE (9051200549),TSI OF DILIP,PAILAN; 24 PGS (S),WEST BENGAL,,Y
SANJIB HALDAR (9933645561),ANISH GANGULY,GALSI; BURDWAN,WEST BENGAL,,Y
SANJIB HALDAR (9933645561),ANISH GANGULY,GALSI BAZAR; BURDWAN,WEST BENGAL,,Y
SANJIB HALDAR (9933645561),ANISH GANGULY,ADRAHATI; GALSI,WEST BENGAL,,Y
SANJIB HALDAR (9933645561),ANISH GANGULY,PARAJ; BURDWAN,WEST BENGAL,,Y
SANJIB HALDAR (9933645561),ANISH GANGULY,RAMGOPALPUR; BURDWAN,WEST BENGAL,,Y
VINOD KUMAR AGARWAL (9851942442),TSI OF SUBRATA,KHARAGPUR,WEST BENGAL,,Y
VINOD KUMAR AGARWAL (9851942442),TSI OF SUBRATA,GOLBAZAR; KHARAGPUR,WEST BENGAL,,Y
SAI ENTERPRISE (9830119400),TSI OF DILIP,SAKHERBAZAR; BEHALA,WEST BENGAL,,Y
SAI ENTERPRISE (9830119400),TSI OF DILIP,SILPARA; BEHALA,WEST BENGAL,,Y
LABANI ENTERPRISE (8918443245),TSI OF SUKUMAR,NUTANBAZAR; COOCHBEHAR,WEST BENGAL,,Y
LABANI ENTERPRISE (8918443245),TSI OF SUKUMAR,COOCHBEHAR,WEST BENGAL,,Y
LABANI ENTERPRISE (8918443245),TSI OF SUKUMAR,PILKHANA; COOCHBEHAR,WEST BENGAL,,Y
LABANI ENTERPRISE (8918443245),TSI OF SUKUMAR,NUTAN BAZAR; COOCHBEHAR,WEST BENGAL,,N
PRINCE DISTRIBUTORS (9563066185),TSI OF SATYAJIT,KAKDWIP; 24 PGS (S),WEST BENGAL,,Y
PRINCE DISTRIBUTORS (9563066185),TSI OF SATYAJIT,SITARAMPUR; 24 PGS (S),WEST BENGAL,,Y
PRINCE DISTRIBUTORS (9563066185),TSI OF SATYAJIT,KAMARHAT; 24 PGS (S),WEST BENGAL,,Y
PRINCE DISTRIBUTORS (9563066185),TSI OF SATYAJIT,5 NO. HAT; 24 PGS (S),WEST BENGAL,,Y
PRINCE DISTRIBUTORS (9563066185),TSI OF SATYAJIT,RAMGANGA; 24 PGS (S),WEST BENGAL,,Y
MAA SARADA ENTERPRISES (9732932009),TSI OF SUBRATA,GOURA,WEST BENGAL,,Y
MAA SARADA ENTERPRISES (9732932009),TSI OF SUBRATA,SARBARIYA; GOURA,WEST BENGAL,,Y
MAA SARADA ENTERPRISES (9732932009),TSI OF SUBRATA,LANKAGARH,WEST BENGAL,,Y
MAA SARADA ENTERPRISES (9732932009),TSI OF SUBRATA,BAKULTALA; GOURA,WEST BENGAL,,Y
MANNA ENTERPRISE (9143263725),TSI OF DILIP,BARUIPUR,WEST BENGAL,,Y
MANNA ENTERPRISE (9143263725),TSI OF DILIP,MALLIKPUR; BARUIPUR,WEST BENGAL,,Y
BROTHERS ENTERPRISE (9830010184),TSI OF PRABIR,RAJARHAT - BROTHERS,WEST BENGAL,,Y
BROTHERS ENTERPRISE (9830010184),TSI OF PRABIR,DHANPOTA BAZAR; MAGRAHAT - BROTHERS,WEST BENGAL,,Y
BROTHERS ENTERPRISE (9830010184),TSI OF PRABIR,KESTOPUR - BROTHERS,WEST BENGAL,,Y
BROTHERS ENTERPRISE (9830010184),TSI OF PRABIR,HANA PARA; KESTOPUR - BROTHERS,WEST BENGAL,,Y
BROTHERS ENTERPRISE (9830010184),TSI OF PRABIR,MISSION BAZAR; KESTOPUR - BROTHERS,WEST BENGAL,,Y
BROTHERS ENTERPRISE (9830010184),TSI OF PRABIR,LASKARHATI; NEW TOWN - BROTHERS,WEST BENGAL,,Y
BROTHERS ENTERPRISE (9830010184),TSI OF PRABIR,JATRAGACHI; NEW TOWN - BROTHERS,WEST BENGAL,,Y
BROTHERS ENTERPRISE (9830010184),TSI OF PRABIR,HATIARA; NEW TOWN - BROTHERS,WEST BENGAL,,Y
BROTHERS ENTERPRISE (9830010184),TSI OF PRABIR,KALUMORE; NEW TOWN - BROTHERS,WEST BENGAL,,Y
BROTHERS ENTERPRISE (9830010184),TSI OF PRABIR,KASHINATHPUR; NEW TOWN - BROTHERS,WEST BENGAL,,Y
BROTHERS ENTERPRISE (9830010184),TSI OF PRABIR,SHIKHARPUR; NEW TOWN - BROTHERS,WEST BENGAL,,Y
BROTHERS ENTERPRISE (9830010184),TSI OF PRABIR,GAZIPUR; NEW TOWN - BROTHERS,WEST BENGAL,,Y
BROTHERS ENTERPRISE (9830010184),TSI OF PRABIR,MUHAMMADPUR; NEW TOWN - BROTHERS,WEST BENGAL,,Y
BROTHERS ENTERPRISE (9830010184),TSI OF PRABIR,PATHARGHATA; NEW TOWN - BROTHERS,WEST BENGAL,,Y
BROTHERS ENTERPRISE (9830010184),TSI OF PRABIR,SAPURJI; NEW TOWN - BROTHERS,WEST BENGAL,,Y
BROTHERS ENTERPRISE (9830010184),TSI OF PRABIR,GABTALA; BHANGAR - BROTHERS,WEST BENGAL,,Y
BROTHERS ENTERPRISE (9830010184),TSI OF PRABIR,PAKA POLE; BHANGAR - BROTHERS,WEST BENGAL,,Y
BROTHERS ENTERPRISE (9830010184),TSI OF PRABIR,MASIGRAM; BHANGAR - BROTHERS,WEST BENGAL,,Y
BROTHERS ENTERPRISE (9830010184),TSI OF PRABIR,LAUHATI  - BROTHERS,WEST BENGAL,,Y
BROTHERS ENTERPRISE (9830010184),TSI OF PRABIR,TEGHORIA - BROTHERS,WEST BENGAL,,Y
BROTHERS ENTERPRISE (9830010184),TSI OF PRABIR,KAIKHALI - BROTHERS,WEST BENGAL,,Y
BROTHERS ENTERPRISE (9830010184),TSI OF PRABIR,JAGATPUR; BAGUIHATI - BROTHERS,WEST BENGAL,,Y
BROTHERS ENTERPRISE (9830010184),TSI OF PRABIR,ASWINI NAGAR; BAGUIHATI - BROTHERS,WEST BENGAL,,Y
BROTHERS ENTERPRISE (9830010184),TSI OF PRABIR,NARAYANPUR - BROTHERS,WEST BENGAL,,Y
BROTHERS ENTERPRISE (9830010184),TSI OF PRABIR,LANGOLPOTA; RAJARHAT - BROTHERS,WEST BENGAL,,Y
BROTHERS ENTERPRISE (9830010184),TSI OF PRABIR,HARUAKHAL; RAJARHAT - BROTHERS,WEST BENGAL,,Y
BROTHERS ENTERPRISE (9830010184),TSI OF PRABIR,KHARIBARI; RAJARHAT - BROTHERS,WEST BENGAL,,Y
BROTHERS ENTERPRISE (9830010184),TSI OF PRABIR,KHAMARPARA; RAJARHAT - BROTHERS,WEST BENGAL,,Y
BROTHERS ENTERPRISE (9830010184),TSI OF PRABIR,SONEPUR; BHANGAR - BROTHERS,WEST BENGAL,,Y
BROTHERS ENTERPRISE (9830010184),TSI OF PRABIR,POLERHAT; BHANGAR - BROTHERS,WEST BENGAL,,Y
BROTHERS ENTERPRISE (9830010184),TSI OF PRABIR,HATISALA; BHANGAR - BROTHERS,WEST BENGAL,,Y
BROTHERS ENTERPRISE (9830010184),TSI OF PRABIR,BHOJERHAT; BHANGAR - BROTHERS,WEST BENGAL,,Y
BABA RAMDEV ENTERPRISE (9800176176),ANISH GANGULY,PURULIA,WEST BENGAL,,Y
BABA RAMDEV ENTERPRISE (9800176176),TSI OF KAUSHIK,PURULIA,WEST BENGAL,,Y
BABA RAMDEV ENTERPRISE (9800176176),ANISH GANGULY,JOYPUR AND JHALDA,WEST BENGAL,,Y
BABA RAMDEV ENTERPRISE (9800176176),ANISH GANGULY,BANDOAN,WEST BENGAL,,Y
BABA RAMDEV ENTERPRISE (9800176176),TSI OF KAUSHIK,MANBAZAR; PURULIA,WEST BENGAL,,Y
BABA RAMDEV ENTERPRISE (9800176176),TSI OF KAUSHIK,LALPUR_HURA_PUNCHA; PURULIA,WEST BENGAL,,Y
SARATHI DAS (9836681712),TSI OF PRABIR,BAMUNMURA; BARASAT,WEST BENGAL,,Y
SARATHI DAS (9836681712),TSI OF PRABIR,PIRGACHA; BARSAT,WEST BENGAL,,Y
SARATHI DAS (9836681712),TSI OF PRABIR,KADAMBAGACHI; BARASAT,WEST BENGAL,,Y
SARATHI DAS (9836681712),TSI OF PRABIR,DUTTA PUKUR,WEST BENGAL,,Y
SARATHI DAS (9836681712),TSI OF PRABIR,DHARMATALA; BARASAT,WEST BENGAL,,Y
SARATHI DAS (9836681712),TSI OF PRABIR,KAMDEBPUR,WEST BENGAL,,Y
SARATHI DAS (9836681712),TSI OF PRABIR,HARUA,WEST BENGAL,,Y
DAGA ENTERPRISE (9434005036),TSI OF SUKUMAR,ALIPURDUAR,WEST BENGAL,,Y
RAMAKRISHNA STORES (9830274269),GOURANGO CHARAN SAHOO,HOWRAH,WEST BENGAL,,Y
MAHESH KUMAR AGARWAL (9831449365),GOURANGO CHARAN SAHOO,HOWRAH,WEST BENGAL,,Y
PAMI ENTERPRISE (9733597912),GOURANGO CHARAN SAHOO,GOPIGANJ,WEST BENGAL,,Y
GURUNANAK STORES (9430307682),GOURANGO CHARAN SAHOO,GHATSHILA,WEST BENGAL,,Y
MAHABIR TRADING (9593036288),GOURANGO CHARAN SAHOO,GOPIBALLAVPUR,WEST BENGAL,,Y
SHIV ENTERPRISE (9474751777),GOURANGO CHARAN SAHOO,BELDA,WEST BENGAL,,Y
PADMA ENTERPRISE (9474039587),TSI OF SANJAY,KHARAGPUR,WEST BENGAL,,Y
PADMA ENTERPRISE (9474039587),TSI OF SANJAY,GATE BAZAR; KHARAGPUR,WEST BENGAL,,Y
SREE DURGA BHANDAR (9732811885),TSI OF SANDIP,GHATAL,WEST BENGAL,,Y
SREE KRISHNA AGENCY (8001001268),TSI OF SANDIP,KOLAGHAT,WEST BENGAL,,Y
MALLIKA SUPPLIERS (8944058655),TSI OF SUBRATA,GANPURA,WEST BENGAL,,Y
GANDHESWARI TOILYA BHANDAR (8597667969),TSI OF SUBRATA,MAHISHADAL,WEST BENGAL,,Y
SITARAM KHANDELWAL (8249623976),TSI OF SUSHANTA,RAIRAMPUR,WEST BENGAL,,Y
DEBJIT ENTERPRISES (9609072789),TSI OF SUBRATA,GOURA-DEBJIT,WEST BENGAL,,Y
DEBJIT ENTERPRISES (9609072789),TSI OF SUBRATA,AJURIYA; GOURA-DEBJIT,WEST BENGAL,,Y
DEBJIT ENTERPRISES (9609072789),TSI OF SUBRATA,PALASHPAI; GOURA-DEBJIT,WEST BENGAL,,Y
DEBJIT ENTERPRISES (9609072789),TSI OF SUBRATA,SONAKHALI; GOURA-DEBJIT,WEST BENGAL,,Y
DEBJIT ENTERPRISES (9609072789),TSI OF SUBRATA,SULTANNAGAR; GOURA-DEBJIT,WEST BENGAL,,Y
DEBJIT ENTERPRISES (9609072789),TSI OF SUBRATA,KHAKURDA; GOURA-DEBJIT,WEST BENGAL,,Y
DEBJIT ENTERPRISES (9609072789),TSI OF SUBRATA,SARBARIYA; GOURA-DEBJIT,WEST BENGAL,,Y
DEBJIT ENTERPRISES (9609072789),TSI OF SUBRATA,SITAPUR-GOURA-DEBJIT,WEST BENGAL,,Y
UTTAM BHANDAR (7431929080),TSI OF SANDIP,KALAGACHIA,WEST BENGAL,,Y
UTTAM BHANDAR (7431929080),TSI OF SANDIP,HANSCHURA & PEROPEKHYA,WEST BENGAL,,Y
UTTAM BHANDAR (7431929080),TSI OF SANDIP,BHAGWANPORE_MANGLAMARO,WEST BENGAL,,Y
DAS ENTERPRSE (9831061917),TSI OF PRABIR,AGARTALA,WEST BENGAL,,N
DAS ENTERPRSE (9831061917),TSI OF PRABIR,AGARPARA,WEST BENGAL,,Y
DAS ENTERPRSE (9831061917),TSI OF PRABIR,SUKCHAR; SODEPUR,WEST BENGAL,,Y
DAS ENTERPRSE (9831061917),TSI OF PRABIR,KAMARHATI,WEST BENGAL,,Y
DAS ENTERPRSE (9831061917),TSI OF PRABIR,GIRJA_MOLLARHAT,WEST BENGAL,,Y
DAS ENTERPRSE (9831061917),TSI OF PRABIR,GHOLA SODEPUR,WEST BENGAL,,Y
