Prod code,Mapped prod code,Is Flash,Flash name,Add subtract val
DRCSO15KGT01,DRCSO15KGT01,Y,DHRUV REFIND COTTON SEED OIL 15 KG TIN,0
DSR15KT00102,DSR15KT00102,Y,Dhruv SOYA 15 Kg Tin,0
AV15KT000034,AV15KT000034,Y,Anchal VP 15 Kg Tin,0
PRPON15K0069,PRPON15K0069,Y,Parv RPO normal 15KG TIN,0
PV6C15KT0150,NV15KT000081,Y,Premium VP 6C 15KG Tin,-15
PV15KT000078,PV15KT000078,Y,Parv Eco VP 15 Kg Tin,0
NV15KT000081,NV15KT000081,Y,Nutri VP 4C 15 Kg Tin,0
DV15KTG00077,DV15KTG00077,Y,Dhruv GOLD Premium VP 15 Kg Tin,0
DV15KT000093,DV15KT000093,Y,Dhruv VP 15 KG Tin,0
AV15KT000035,AV15KT000035,Y,ASL Gen VP 15 Kg Tin,0
ASLVP15LT036,AV15KT000035,Y,ASL Gen VP 15 Ltr Tin,-95
ASOVP15K0076,ASOVP15K0076,Y,Special Olien VP,0
APV15KT00037,APV15KT00037,Y,ASL Premium VP 15 Kg Tin,0
N1RSO15KT098,N1RSO15KT098,Y,NUTRI REF SOYA 15 Kg Tin,0
ARSO15KT0040,ARSO15KT0040,Y,ASL SOYA 15 Kg Tin,0
N1ROP15KT075,N1ROP15KT075,Y,Nutri Palmolien 15 Kg Tin,0
ARPO15KT0038,ARPO15KT0038,Y,ASL Palmolien 15 Kg Tin,0
DRPO15KT0071,DRPO15KT0071,Y,Dhruv Palmolien 15 Kg Tin,0
ARPO15LT0039,ARPO15KT0038,Y,ASL Palmolien 15 Ltr Tin,-155
DV15KB000009,DV15KB000009,Y,Dhruv BLUE BISCUIT 15 K Box,0
AMO15KT00109,AMO15KT00109,Y,Anchal KGMO 15 Kg Tin,0
MCRSBO12X1L007,MCRSBO12X1L007,Y,Mothers choice 1 ltr soya,0
MCSFO12X1001,MCSFO12X1001,Y,FIRST CROP SUNFLOWER OIL 1X12LTR,0
TESTING00001,TESTING00001,N,TESTING,0
AV15KBPG0008,DV15KB000009,Y,Anchal GOLD Puff 15 K Box,100
AV15KBP00007,DV15KB000009,Y,Anchal Premium Quality PUFF 15 K Box,50
AV15KBC00005,DV15KB000009,Y,Anchal Classic Premium BISCUIT 15 K Box,50
PEV20X1LTR01,PEV20X1LTR01,Y,PARV ECO VP 20X1LTR,0
DV15KBG00014,DV15KB000009,Y,Dhruv GEN BISCUIT 15 K Box,-20
ARSO15LT0131,ARSO15KT0040,Y,ASL SOYA 15 Kg Tin,-135
ASR5LJ000104,ASR12X1L0101,N,-,27
DSR15LT00103,DSR15KT00102,N,Dhruv SOYA 15 Ltr Tin,-135
DV15KP000100,DV15KT000093,N,-,8
DV15LP000094,DV15KT000093,N,-,-87
DV15KB000083,DV15KT000093,N,-,10
PV15LT000080,PV15KT000078,N,Parv VP 15 Ltr Tin,-125
PV15KB000079,PV15KT000078,N,-,10
DRPO15LT0072,DRPO15KT0071,N,Dhruv Palmolien 15 Ltr Tin,-140
PV15KB000028,PV15KB000028,Y,Parv BISCUIT 15K box,0
ASV15KB00003,ASV15KB00003,Y,Anchal Special VP HPKO 15 K Box,0
AGPV15KT0057,AGPV15KT0057,Y,ALBA VP 15 Kg Tin,0
A40000000058,A40000000058,Y,A4 Premium VP 15 Kg Tin,0
FCSSBO12X108,FCSSBO12X108,Y,FIRST CROP SOYABEAN 12X1 LTR,0
FCSFO12X1LTR,FCSFO12X1LTR,Y,FIRST CROP SUNFLOWER OIL 12X1LTR,0
PRS415KB0151,PRS415KB0151,Y,PARV RPO 4C BOX,0
SV15KT000051,SV15KT000051,Y,Sohna VP 15 Kg Tin,0
AV40X1/2L089,AV20X1L00086,N,-,0.5
AV20X1L00086,AV20X1L00086,Y,Anchal VP 1 Ltr (20),0
jskdjk,APV20X1LW095,Y,premium vp 1 ltr,1
mcrso12x1l001,mcrso12x1l001,Y,mothers choice rsbo 1 ltr,1
NRPO415K0070,NV15KT000081,N,,-5
SV20X1L00149,SV20X1L00149,N,Sohna VP 1 Ltr PP,0
AMO15LT00148,AMO1LB12L111,N,-,0
SV6X2L000147,SV6X2L000147,N,Sohna VP 2 Ltr,0
SV2X5L000146,SV2X5L000146,N,Sohna VP 5Ltr,0
LRMO00000145,LRMO00000145,Y,Loose Refined Mustard Oil,0
LRSBONW00144,LRSBONW00144,Y,Loose Refined Cotton Seed Oil NW,0
LRSBOW000143,LRSBOW000143,Y,Loose Refined Cotton Seed Oil W,0
LSTR00000142,LSTR00000142,N,Loose Stearin,0
LSDO00000141,LSDO00000141,N,SOY DEGUM,0
LCPO00000140,LCPO00000140,N,CPO,0
LRBDPS500139,LRBDPS500139,Y,Loose Palmolien S5,0
LRBDPS158138,LRBDPS158138,Y,Loose Palmolien S1 58,0
LRBDPS157137,LRBDPS157137,Y,Loose Palmolien S1 57,0
LRBDPS120136,LRBDPS120136,Y,Loose RBD palmolien S12,0
LRBDPSPC0135,LRBDPSPC0135,Y,Loose RBD palmolien Spl P content,0
LRBDPFFA7134,LRBDPFFA7134,Y,Loose RBD palmolien FFA 07,0
LRBDPFFA5133,LRBDPFFA5133,Y,Loose RBD palmolien FFA 05,0
LRBDPN000132,LRBDPN000132,Y,Loose RBD palmolien Normal,0
LRPOS6000130,LRPOS6000130,Y,TEST 4,0
LRPOFFA50129,LRPOFFA50129,N,TEST 3,0
LRPOFFA70128,LRPOFFA70128,N,TEST 2,0
APV40X1/2L127,APV20X1LW095,N,-,0.5
PFA000000126,PFA000000126,Y,PALM FATTY ACID,0
LSS000000125,LSS000000125,Y,LOOSE SOAP STOCK,0
LV0000000124,LV0000000124,Y,Loose Vanaspati,0
LRSBO0000123,LRSBO0000123,Y,Loose RSOYA,0
LRPKO0000122,LRPKO0000122,Y,LOOSE REFINED PALM KERNEL OIL,0
LRMO00001121,LRMO00001121,Y,LOOSE REFINED MAIZE OIL,0
RBDPO0000120,LRBDPN000132,N,Loose RBD Palmolien Oil,0
RPOS6R000119,RPOS6R000119,Y,Loose S6 RPO,0
RPOS4R000118,RPOS4R000118,Y,Loose S4 RPO,0
RPOS1R000117,LRBDPS157137,N,Loose S1 RPO,0
RPONOR000116,RPONOR000116,Y,Loose RPO Normal,0
AMO500MB2115,AMO1LB12L111,N,-,2.4
AMO5LJ4L0114,AMO1LB12L111,N,-,7
AMO200MB6113,AMO1LB12L111,N,-,2.8
AMO2LJ8X2112,AMO1LB12L111,N,-,10
AMO1LB12L111,AMO1LB12L111,Y,KGMO 1 Ltr Pet,0
APMO12X1L110,AMO1LB12L111,N,-,-3.5
ASR15LB00108,ASR12X1L0101,N,Anchal SOYA 1 Ltr PET,3.5
ASBOP24X5107,ASR12X1L0101,N,-,5
ASR15LJ00106,ASR12X1L0101,N,-,45
ASR2LJ8L0105,ASR12X1L0101,N,-,14
ASR12X1L0101,ASR12X1L0101,Y,Anchal Soya 1 Ltr,0
AV20X1LW0099,AV20X1LW0099,Y,Anchal VP 1 Ltr (20) WHITE,0
DV40X1/2L097,AV20X1L00086,N,-,0.5
DV20X1L00096,AV20X1L00086,Y,Dhruv VP 1 Ltr,0
APV20X1LW095,APV20X1LW095,N,Anchal Premium VP 1 Ltr,0
AV6X2L000092,AV20X1L00086,N,-,18
AV60X200M091,AV20X1L00086,N,-,0.3
AV40X1/2L090,AV20X1LW0099,N,-,0.5
AV32X1/2L088,AV16X1L00085,N,-,0.5
AV2X5L000087,AV20X1L00086,N,-,26.5
AV16X1L00085,AV16X1L00085,Y,Anchal VP 1 Ltr (16),0
AV100X100084,AV20X1L00086,N,-,0.4
DV15LT000082,DV15KT000093,N,Dhruv VP 15 Ltr Tin,-95
ARPOIL201074,ARPOIL10X073,N,-,0.5
ARPOIL10X073,ARPOIL10X073,Y,Palmolien 1 Ltr,0
NRPO415K0070,NV15KT000081,N,,-5
PRPOK15KT068,PRPOK15KT068,N,PARV Refined Palm Kernel 15 KG TIN,0
PRPO15KT0067,PRPO15KT0067,N,PARV RPO 15 KG TIN,0
PRPO15KB0066,PRPO15KB0066,N,PARV RPO 15 KG BOX,0
AKV15KT00065,AKV15KT00065,N,Anchal KooL VP 15 Kg Tin,0
ARPKERO15064,LRPKO0000122,N,-,0
SSR15LJ00063,SSR12X1L0060,Y,Sharp SOYA 5 Ltr,0
SSR15LT00062,SSR15KT00061,Y,Sharp SOYA 15 Ltr Tin,0
SSR15KT00061,SSR15KT00061,Y,Sharp SOYA 15 Kg Tin,0
SSR12X1L0060,SSR12X1L0060,Y,Sharp SOYA 1 Ltr,0
KGV15K000059,KGV15K000059,Y,Kanak Premium VP 15 Kg tin,0
SV15LB000056,SV15KT000051,Y,Sohna VP 15 Ltr Bkt,0
SV15LM000055,SV15KT000051,Y,SOHNA VP 15 LTR MATKA,0
SV10LM000054,SV15KT000051,Y,SOHNA VP 15 LTR TIN,0
SV10LM000053,SV15KT000051,Y,SOHNA VP 10 LTR MATKA,0
SV15KM000052,SV15KT000051,Y,SOHNA VP 15 KG MATKA,0
PSR12XL00050,PSR12XL00050,Y,Panghat SOYA 1 Ltr,0
PV2X5L000049,PV20X1L00047,N,Panghat VP 5 Ltr,0
PV20X1/2L048,PV20X1L00047,N,Panghat VP 1/2 Ltr,0
PV20X1L00047,PV20X1L00047,Y,Panghat VP 1 Ltr,0
PV15LT000046,PV15KT000043,Y,Panghat VP 15 Ltr Tin,0
PV15LP000045,PV15KT000043,N,-,0
PV15LM000044,PV15KT000043,N,-,0
PSR15LT00042,PSR15KT00041,N,-,0
PSR15KT00041,PSR15KT00041,Y,Panghat SOYA 15 Kg Tin,0
PV15KBSP4033,DV15KB000009,N,PARV Special PUFF 15K Box,-100
PV15KBSP3032,DV15KB000009,N,PARV Special PUFF 15K Box,-100
PV15KBSP2031,DV15KB000009,N,PARV Special PUFF 15K Box,-100
PV15KBSP1030,DV15KB000009,N,PARV Special PUFF 15K Box,-100
PV15KBS00029,DV15KB000009,Y,PARV Special PUFF 15K Box,-100
DV15KBY00027,DV15KB000009,Y,Dhruv Yellow BISCUIT 15 K Box,-50
DV15KBSP4026,DV15KB000009,N,DHRUV SUPER PUFF RED,-50
DV15KBSP3025,DV15KB000009,N,DHRUV SUPER PUFF RED,-50
DV15KBSP2024,DV15KB000009,N,DHRUV SUPER PUFF RED,-50
DV15KBSP1023,DV15KB000009,N,DHRUV SUPER PUFF RED,-50
DV15KBS00022,DV15KB000009,Y,DHRUV SUPER PUFF RED,-50
DV15KBSP4021,DV15KB000009,N,Dhruv Special PUFF Yellow,0
DV15KBSP3020,DV15KB000009,N,Dhruv Special PUFF Yellow,0
DV15KBSP2019,DV15KB000009,N,Dhruv Special PUFF Yellow,0
DV15KBSP1018,DV15KB000009,N,Dhruv Special PUFF Yellow,0
DV15KBS00017,DV15KB000009,Y,Dhruv Special PUFF Yellow,0
DV15KBP00016,DV15KB000009,N,-,0
DV15KBP00015,DV15KB000009,Y,Dhruv Premium Quality 15 K Box,-20
DV15KBC00013,DV15KB000009,N,-,0
DV15KBB30012,DV15KB000009,N,Dhruv BLUE BISCUIT 15 K Box,0
DV15KBB20011,DV15KB000009,N,Dhruv BLUE BISCUIT 15 K Box,0
DV15KBB10010,DV15KB000009,N,Dhruv BLUE BISCUIT 15 K Box,0
AV15KBM00006,DV15KB000009,N,Anchal Margerine 15 K Box,100
AV14KB000004,DV15KB000009,N,ANCHAL 14 K Aereated,75
AMC15KB00002,AMC15KB00002,N,Anchal Cake Margerine 15K Box,0
AKV15KB00001,AKV15KB00001,N,Anchal Kool RPKO VP 15 K Tin,0
PV15KT000043,PV15KT000043,Y,Panghat VP 15 Kg Tin,0
